tu,function,address,size,state
crt0,_start,0x100008,180,asm
crt0,_exit,0x1000b8,8,asm
crt0,_root,0x1000c0,8,asm
game/ActionDispatch,stopAllActiveActions__14ActionDispatchv,0x100100,56,asm
game/ActionDispatch,initBefore__14ActionDispatchv,0x100138,92,asm
game/ActionDispatch,initGenericEvent__14ActionDispatchPFUi_v,0x100198,8,asm
game/ActionDispatch,addUserDefinedScipt__14ActionDispatchP11_hierScript,0x1001a0,36,asm
game/ActionDispatch,callScriptFromId__14ActionDispatchUsUsi,0x1001c8,152,asm
game/ActionDispatch,doRunScript__FP12ActRunScript,0x100260,72,asm
game/ActionDispatch,doGroup__FP8_fvectorPA3_fP8ActGroupP12Destructible,0x1002a8,624,asm
game/ActionDispatch,doTransform__FP8_fvectorPA3_fP12ActTransformP12Destructible,0x100518,40,asm
game/ActionDispatch,triggerAnimation__FP11DelayActionP7ActAnim,0x100540,444,asm
game/ActionDispatch,endAnimation__FP7ActAnim,0x100700,384,asm
game/ActionDispatch,doCamShake__FP8_fvectorP11ActCamShake,0x100880,28,asm
game/ActionDispatch,doDomino__FP9ActDomino,0x1008a0,72,asm
game/ActionDispatch,doPickupHat__FP8_fvectorP12ActHatPickup,0x1008e8,84,asm
game/ActionDispatch,doCinema__FP11DelayActionP9ActCinema,0x100940,476,asm
game/ActionDispatch,endCinema__FP11DelayActionP9ActCinema,0x100b20,448,asm
game/ActionDispatch,doSound__FP8_fvectorP12ActPlaySound,0x100ce0,92,asm
game/ActionDispatch,doSetPlayerPos__FP8_fvectorRA3_A3_fP12ActPlayerPos,0x100d40,152,asm
game/ActionDispatch,doAiNavigate__FP15ActAiNavigation,0x100dd8,76,asm
game/ActionDispatch,doGenericEvent__FP15ActGenericEvent,0x100e28,36,asm
game/ActionDispatch,addAction__14ActionDispatchP7ActHeadPA3_fP8_fvectorP12Destructible,0x100e50,200,asm
game/ActionDispatch,init__11DelayAction,0x100f18,52,asm
game/ActionDispatch,getInstance__11DelayAction,0x100f50,84,asm
game/ActionDispatch,doIt__11DelayAction,0x100fa8,420,asm
game/ActionDispatch,endIt__11DelayAction,0x101150,80,asm
game/ActionDispatch,fade__11DelayAction,0x1011a0,48,asm
game/ActionDispatch,__static_initialization_and_destruction_0,0x1011d0,48,asm
game/ActionDispatch,update__11TaskManagerPv,0x101200,28,asm
game/ActionDispatch,doIt__11DelayActionPv,0x101220,28,asm
game/ActionDispatch,endIt__11DelayActionPv,0x101240,28,asm
game/ActionDispatch,fade__11DelayActionPv,0x101260,28,asm
game/ActionDispatch,_GLOBAL_$I$moviePlaying,0x101280,32,asm
game/Ai,globalInit__2Ai,0x1012a0,276,asm
game/Ai,globalUpdate__2Ai,0x1013b8,64,asm
game/Ai,toggleMode__2Ai,0x1013f8,8,asm
game/Ai,__2AiR7MonsterR7GamePad,0x101400,108,asm
game/Ai,init__2Ai,0x101470,792,asm
game/Ai,updateInputs__2Ai,0x101788,304,asm
game/Ai,getGroundHeight__2Ai,0x1018b8,16,asm
game/Ai,getCommonGroundProbability__2AiR7Monster,0x1018c8,104,asm
game/Ai,getFovRelevance__2Aiff,0x101930,36,asm
game/Ai,getClosestApproach__2AiR13DbInteractivef,0x101958,272,asm
game/Ai,getClosestStillApproach__2AiR13DbInteractivef,0x101a68,252,asm
game/Ai,inFlight__2AiR13DbInteractive,0x101b68,104,asm
game/Ai,pinningAi__2Ai,0x101bd0,56,asm
game/Ai,monitorProjectiles__2Ai,0x101c08,8,asm
game/Ai,updatePathNet__2Ai,0x101c10,392,asm
game/Ai,targetPin__2Ai,0x101d98,24,asm
game/Ai,lightPunch__2Ai,0x101db0,16,asm
game/Ai,heavyPunch__2Ai,0x101dc0,16,asm
game/Ai,block__2Ai,0x101dd0,16,asm
game/Ai,counter__2Ai,0x101de0,24,asm
game/Ai,fireProjectile__2Ai,0x101df8,16,asm
game/Ai,grab__2Ai,0x101e08,16,asm
game/Ai,toss__2Ai,0x101e18,16,asm
game/Ai,thrash__2Ai,0x101e28,16,asm
game/Ai,buttStomp__2Ai,0x101e38,24,asm
game/Ai,jump__2Ai,0x101e50,16,asm
game/Ai,crowdControl__2Ai,0x101e60,24,asm
game/Ai,specialAttack__2Ai,0x101e78,24,asm
game/Ai,taunt__2Ai,0x101e90,16,asm
game/Ai,getReflexDelay__2Ai,0x101ea0,32,asm
game/Ai,getButtonMashDelay__2Ai,0x101ec0,32,asm
game/Ai,getPowerUpGrabRange__2Ai,0x101ee0,24,asm
game/Ai,isMinion__2Ai,0x101ef8,68,asm
game/Ai,overPit__2AiR7Monster,0x101f40,12,asm
game/Ai,inTub__2AiR8_fvector,0x101f50,208,asm
game/Ai,setFocus__2AiP13DbInteractive,0x102020,24,asm
game/Ai,creditRelevance__2AiP7PowerUpf,0x102038,40,asm
game/Ai,creditRelevance__2AiP6Pickupf,0x102060,52,asm
game/Ai,okayToCC__2AiP7Monsterf,0x102098,200,asm
game/Ai,updateRelevances__2Ai,0x102160,396,asm
game/Ai,updateOpponentList__2Ai,0x1022f0,388,asm
game/Ai,getBestPowerupByType__2AiQ27PowerUp4TypeRff,0x102478,800,asm
game/Ai,getBestHealthPowerup__2AiRff,0x102798,232,asm
game/Ai,getBestStaminaPowerup__2AiRff,0x102880,232,asm
game/Ai,getBestSpecialPowerup__2AiRff,0x102968,32,asm
game/Ai,getBestPickup__2AiRff,0x102988,556,asm
game/AiAction,__13AiActionTuplef,0x102bb8,80,asm
game/AiAction,init__13AiActionTuplef,0x102c08,96,asm
game/AiAction,reset__13AiActionTuple,0x102c68,112,asm
game/AiAction,updateIValueMod__13AiActionTuple,0x102cd8,180,asm
game/AiAction,getRelevance__13AiActionTupleR2Ai,0x102d90,344,asm
game/AiAction,getFieldsSinceEval__13AiActionTuple,0x102ee8,44,asm
game/AiAction,execute__13AiActionTupleR2Ai,0x102f18,192,asm
game/AiAction,deactivate__13AiActionTupleR2Ai,0x102fd8,104,asm
game/AiAction,__12AiActionList,0x103040,20,asm
game/AiAction,init__12AiActionListQ212AiActionList8Strategy,0x103058,32,asm
game/AiAction,reset__12AiActionList,0x103078,80,asm
game/AiAction,setStrategy__12AiActionListQ212AiActionList8Strategy,0x1030c8,84,asm
game/AiAction,addTuple__12AiActionListR13AiActionTuple,0x103120,32,asm
game/AiAction,addTuple__12AiActionListR13AiActionTuplef,0x103140,64,asm
game/AiAction,runFirstPositive__12AiActionListR2Ai,0x103180,228,asm
game/AiAction,runMaxPositive__12AiActionListR2Ai,0x103268,268,asm
game/AiAction,clearIValues__12AiActionList,0x103378,52,asm
game/AiAction,update__18AiThrashActionListR2Ai,0x1033b0,112,asm
game/AiAction,__13AiActionGroup,0x103420,40,asm
game/AiAction,init__13AiActionGroup,0x103448,12,asm
game/AiAction,reset__13AiActionGroup,0x103458,88,asm
game/AiAction,addList__13AiActionGroupR12AiActionList,0x1034b0,28,asm
game/AiAction,update__13AiActionGroupR2Ai,0x1034d0,204,asm
game/AiAction,clearIValues__13AiActionGroup,0x1035a0,80,asm
game/AiAction,__tf13AiActionTuple,0x1035f0,60,asm
game/AiAction,enterAction__13AiActionTupleR2Ai,0x103630,8,asm
game/AiAction,exitAction__13AiActionTupleR2Ai,0x103638,8,asm
game/AiAction,__tf12AiActionList,0x103640,60,asm
game/AiAction,update__12AiActionListR2Ai,0x103680,112,asm
game/AiAction,__tf18AiThrashActionList,0x1036f0,108,asm
game/Ai_2,initAssBoss__2AiP7Monster,0x103760,136,asm
game/Ai_2,getAssBossState__2Ai,0x1037e8,8,asm
game/Ai_2,setAssBossState__2Aii,0x1037f0,1084,asm
game/Ai_2,updateAssBoss__2Ai,0x103c30,548,asm
game/Ai_2,updateAssBossPatternZero__2Ai,0x103e58,672,asm
game/Ai_2,updateAssBossPatternOne__2Ai,0x1040f8,3004,asm
game/Ai_2,updateAssBossPatternTwo__2Ai,0x104cb8,2468,asm
game/AiBrain,__7AiBrain,0x105660,416,asm
game/AiBrain,init__7AiBrainR2Ai,0x105800,876,asm
game/AiBrain,reset__7AiBrainR2Ai,0x105b70,80,equivalent
game/AiBrain,update__7AiBrainR2Ai,0x105bc0,28,matched
game/AiGrapple,update__20AiGrappledActionListR2Ai,0x105be0,136,asm
game/AiGrapple,update__21AiGrapplingActionListR2Ai,0x105c68,136,asm
game/AiGrapple,__14AiGrappleThrow,0x105cf0,68,asm
game/AiGrapple,getEntryRelevance__14AiGrappleThrowR2Ai,0x105d38,108,equivalent
game/AiGrapple,getExitRelevance__14AiGrappleThrowR2Ai,0x105da8,60,equivalent
game/AiGrapple,enterAction__14AiGrappleThrowR2Ai,0x105de8,128,matched
game/AiGrapple,updateAction__14AiGrappleThrowR2Ai,0x105e68,96,matched
game/AiGrapple,exitAction__14AiGrappleThrowR2Ai,0x105ec8,32,matched
game/AiGrapple,__15AiGrappleAttack,0x105ee8,68,asm
game/AiGrapple,getEntryRelevance__15AiGrappleAttackR2Ai,0x105f30,16,matched
game/AiGrapple,getExitRelevance__15AiGrappleAttackR2Ai,0x105f40,68,asm
game/AiGrapple,enterAction__15AiGrappleAttackR2Ai,0x105f88,100,matched
game/AiGrapple,updateAction__15AiGrappleAttackR2Ai,0x105ff0,216,equivalent
game/AiGrapple,exitAction__15AiGrappleAttackR2Ai,0x1060c8,32,matched
game/AiGrapple,__tf20AiGrappledActionList,0x1060e8,80,asm
game/AiGrapple,__tf21AiGrapplingActionList,0x106138,80,asm
game/AiGrapple,__tf14AiGrappleThrow,0x106188,80,asm
game/AiGrapple,__tf15AiGrappleAttack,0x1061d8,80,asm
game/AiGrapple,getMaxLevel__12StaminaMeter,0x106228,8,matched
game/AiPadClips,getTaunt__10AiPadClipsv,0x1062b0,12,matched
game/AiPadClips,getDash__10AiPadClipsv,0x1062c0,12,matched
game/AiPadClips,getThrow__10AiPadClipsv,0x1062d0,12,matched
game/AiPadClips,__static_initialization_and_destruction_0,0x1062e0,536,asm
game/AiPadClips,_GLOBAL_$I$getTaunt__10AiPadClipsv,0x1064f8,32,asm
game/AiPathNet,getRandPath__10AiPathNodeUs,0x106518,160,asm
game/AiPathNet,getRandNode__9AiPathNet,0x1065b8,64,matched
game/AiPathNet,getRandPath__9AiPathNet,0x1065f8,64,matched
game/AiPathNet,getClosestNode__9AiPathNetR8_fvector,0x106638,116,asm
game/AiPathNet,getClosestPath__9AiPathNetR8_fvectorUc,0x1066b0,300,asm
game/AiPathNet,getPath__9AiPathNetR8_fvector,0x1067e0,116,asm
game/AiPathNet,isIn__9AiPathNetR8_fvectorR6AiPath,0x106858,480,asm
game/AiPathNet,getRangeSq__9AiPathNetR8_fvectorR6AiPath,0x106a38,592,asm
game/AiPathFinder,__12AiPathFinderR9AiPathNetR7Monster,0x106c88,92,asm
game/AiPathFinder,computePath__12AiPathFinderPP6AiPathR8_fvectorR6AiPath,0x106ce8,612,asm
game/AiPathFinder,traceSuccessor__12AiPathFinderR6AiPathR10AiPathNodePQ212AiPathFinder4NodeT1,0x106f50,448,asm
game/AiPathFinder,computeCostEstimate__12AiPathFinderR6AiPathR10AiPathNodeT1,0x107110,88,asm
game/AiPathFinder,computeCostActual__12AiPathFinderR6AiPathR10AiPathNodeT1,0x107168,356,asm
game/AiPathFinder,compileResultForReturn__12AiPathFinderPP6AiPathPQ212AiPathFinder4Node,0x1072d0,96,asm
game/AiPathFinder,add__Q212AiPathFinder8OpenListPQ212AiPathFinder4Node,0x107330,116,asm
game/AiPathFinder,adjust__Q212AiPathFinder8OpenListPQ212AiPathFinder4Node,0x1073a8,80,asm
game/AiPathFinder,popBest__Q212AiPathFinder8OpenList,0x1073f8,68,asm
game/AiPathFinder,find__Q212AiPathFinder8OpenListP6AiPath,0x107440,52,asm
game/AiPathFinder,init__Q212AiPathFinder10GlobalListi,0x107478,72,asm
game/AiPathFinder,init__9BidirLink,0x1074c0,12,matched
game/AiPathTool,init__10AiPathTooli,0x1074d0,84,matched
game/AiPathTool,loadPoints__10AiPathToolPcb,0x107528,112,matched
game/AiPathTool,exportPoints__10AiPathTool,0x107598,964,asm
game/AiPathTool,__static_initialization_and_destruction_0,0x107960,80,asm
game/AiPathTool,__tf10AiPathTool,0x1079b0,80,asm
game/AiPathTool,__10AiPathToolP9AiPathNetPcT2,0x107a00,32,asm
game/AiPathTool,_GLOBAL_$I$_10AiPathTool$instance,0x107a20,32,asm
game/AiReflex,__13AiPunchReflex,0x107a40,88,asm
game/AiReflex,getEntryRelevance__13AiPunchReflexR2Ai,0x107a98,216,asm
game/AiReflex,getBestTarget__13AiPunchReflexR2AiRf,0x107b70,160,asm
game/AiReflex,getTargetScore__13AiPunchReflexR2AiP7Monster,0x107c10,352,asm
game/AiReflex,getExitRelevance__13AiPunchReflexR2Ai,0x107d70,300,asm
game/AiReflex,enterAction__13AiPunchReflexR2Ai,0x107ea0,232,asm
game/AiReflex,updateAction__13AiPunchReflexR2Ai,0x107f88,280,asm
game/AiReflex,selectPunch__13AiPunchReflexR2Ai,0x1080a0,992,asm
game/AiReflex,punch__13AiPunchReflexR2Aii,0x108480,192,asm
game/AiReflex,exitAction__13AiPunchReflexR2Ai,0x108540,68,asm
game/AiReflex,__11AiBatReflex,0x108588,88,asm
game/AiReflex,getEntryRelevance__11AiBatReflexR2Ai,0x1085e0,272,asm
game/AiReflex,getBestTarget__11AiBatReflexR2AiRf,0x1086f0,160,asm
game/AiReflex,getTargetScore__11AiBatReflexR2AiP7Monster,0x108790,288,asm
game/AiReflex,getExitRelevance__11AiBatReflexR2Ai,0x1088b0,272,asm
game/AiReflex,enterAction__11AiBatReflexR2Ai,0x1089c0,156,asm
game/AiReflex,updateAction__11AiBatReflexR2Ai,0x108a60,292,asm
game/AiReflex,selectSwipe__11AiBatReflexR2Ai,0x108b88,892,asm
game/AiReflex,swipe__11AiBatReflexR2Aii,0x108f08,192,asm
game/AiReflex,exitAction__11AiBatReflexR2Ai,0x108fc8,68,asm
game/AiReflex,__16AiFireProjectile,0x109010,100,asm
game/AiReflex,getEntryRelevance__16AiFireProjectileR2Ai,0x109078,372,asm
game/AiReflex,getBestTarget__16AiFireProjectileR2AiRf,0x1091f0,160,asm
game/AiReflex,getTargetRelevance__16AiFireProjectileR2AiP7Monster,0x109290,272,asm
game/AiReflex,getExitRelevance__16AiFireProjectileR2Ai,0x1093a0,180,asm
game/AiReflex,enterAction__16AiFireProjectileR2Ai,0x109458,116,asm
game/AiReflex,updateAction__16AiFireProjectileR2Ai,0x1094d0,460,asm
game/AiReflex,exitAction__16AiFireProjectileR2Ai,0x1096a0,80,asm
game/AiReflex,__15AiGrappleReflex,0x1096f0,88,asm
game/AiReflex,getEntryRelevance__15AiGrappleReflexR2Ai,0x109748,200,asm
game/AiReflex,getBestTarget__15AiGrappleReflexR2AiRf,0x109810,356,asm
game/AiReflex,getExitRelevance__15AiGrappleReflexR2Ai,0x109978,184,asm
game/AiReflex,enterAction__15AiGrappleReflexR2Ai,0x109a30,168,asm
game/AiReflex,updateAction__15AiGrappleReflexR2Ai,0x109ad8,204,asm
game/AiReflex,exitAction__15AiGrappleReflexR2Ai,0x109ba8,68,asm
game/AiReflex,__13AiBlockReflex,0x109bf0,80,asm
game/AiReflex,getEntryRelevance__13AiBlockReflexR2Ai,0x109c40,1432,asm
game/AiReflex,getExitRelevance__13AiBlockReflexR2Ai,0x10a1d8,160,asm
game/AiReflex,enterAction__13AiBlockReflexR2Ai,0x10a278,204,asm
game/AiReflex,updateAction__13AiBlockReflexR2Ai,0x10a348,148,asm
game/AiReflex,exitAction__13AiBlockReflexR2Ai,0x10a3e0,68,asm
game/AiReflex,__15AiCounterReflex,0x10a428,80,asm
game/AiReflex,getEntryRelevance__15AiCounterReflexR2Ai,0x10a478,952,asm
game/AiReflex,getExitRelevance__15AiCounterReflexR2Ai,0x10a830,80,asm
game/AiReflex,enterAction__15AiCounterReflexR2Ai,0x10a880,128,asm
game/AiReflex,updateAction__15AiCounterReflexR2Ai,0x10a900,160,asm
game/AiReflex,exitAction__15AiCounterReflexR2Ai,0x10a9a0,68,asm
game/AiReflex,__14AiThrashReflex,0x10a9e8,76,asm
game/AiReflex,getEntryRelevance__14AiThrashReflexR2Ai,0x10aa38,80,asm
game/AiReflex,getExitRelevance__14AiThrashReflexR2Ai,0x10aa88,40,asm
game/AiReflex,enterAction__14AiThrashReflexR2Ai,0x10aab0,100,asm
game/AiReflex,updateAction__14AiThrashReflexR2Ai,0x10ab18,280,asm
game/AiReflex,exitAction__14AiThrashReflexR2Ai,0x10ac30,32,asm
game/AiReflex,__15AiDisposeReflex,0x10ac50,76,asm
game/AiReflex,getEntryRelevance__15AiDisposeReflexR2Ai,0x10aca0,212,asm
game/AiReflex,getExitRelevance__15AiDisposeReflexR2Ai,0x10ad78,76,asm
game/AiReflex,enterAction__15AiDisposeReflexR2Ai,0x10adc8,244,asm
game/AiReflex,updateAction__15AiDisposeReflexR2Ai,0x10aec0,96,asm
game/AiReflex,exitAction__15AiDisposeReflexR2Ai,0x10af20,68,asm
game/AiReflex,__13AiSmashReflex,0x10af68,76,asm
game/AiReflex,getEntryRelevance__13AiSmashReflexR2Ai,0x10afb8,244,asm
game/AiReflex,getExitRelevance__13AiSmashReflexR2Ai,0x10b0b0,80,asm
game/AiReflex,enterAction__13AiSmashReflexR2Ai,0x10b100,80,asm
game/AiReflex,updateAction__13AiSmashReflexR2Ai,0x10b150,56,asm
game/AiReflex,exitAction__13AiSmashReflexR2Ai,0x10b188,8,asm
game/AiReflex,__14AiThrowRecover,0x10b190,76,asm
game/AiReflex,getEntryRelevance__14AiThrowRecoverR2Ai,0x10b1e0,188,asm
game/AiReflex,getExitRelevance__14AiThrowRecoverR2Ai,0x10b2a0,48,asm
game/AiReflex,enterAction__14AiThrowRecoverR2Ai,0x10b2d0,96,asm
game/AiReflex,updateAction__14AiThrowRecoverR2Ai,0x10b330,44,asm
game/AiReflex,exitAction__14AiThrowRecoverR2Ai,0x10b360,8,asm
game/AiReflex,__13AiThrowPickup,0x10b368,88,asm
game/AiReflex,getEntryRelevance__13AiThrowPickupR2Ai,0x10b3c0,168,asm
game/AiReflex,getBestTarget__13AiThrowPickupR2AiRf,0x10b468,456,asm
game/AiReflex,getExitRelevance__13AiThrowPickupR2Ai,0x10b630,104,asm
game/AiReflex,enterAction__13AiThrowPickupR2Ai,0x10b698,148,asm
game/AiReflex,updateAction__13AiThrowPickupR2Ai,0x10b730,220,asm
game/AiReflex,exitAction__13AiThrowPickupR2Ai,0x10b810,32,asm
game/AiReflex,__13AiStompReflex,0x10b830,88,asm
game/AiReflex,getEntryRelevance__13AiStompReflexR2Ai,0x10b888,368,asm
game/AiReflex,getExitRelevance__13AiStompReflexR2Ai,0x10b9f8,52,asm
game/AiReflex,enterAction__13AiStompReflexR2Ai,0x10ba30,120,asm
game/AiReflex,updateAction__13AiStompReflexR2Ai,0x10baa8,44,asm
game/AiReflex,exitAction__13AiStompReflexR2Ai,0x10bad8,32,asm
game/AiReflex,__11AiRamAttack,0x10baf8,104,asm
game/AiReflex,getEntryRelevance__11AiRamAttackR2Ai,0x10bb60,160,asm
game/AiReflex,getBestTarget__11AiRamAttackR2AiRf,0x10bc00,708,asm
game/AiReflex,getExitRelevance__11AiRamAttackR2Ai,0x10bec8,292,asm
game/AiReflex,enterAction__11AiRamAttackR2Ai,0x10bff0,156,asm
game/AiReflex,updateAction__11AiRamAttackR2Ai,0x10c090,236,asm
game/AiReflex,exitAction__11AiRamAttackR2Ai,0x10c180,32,asm
game/AiReflex,__14AiCrowdControl,0x10c1a0,88,asm
game/AiReflex,getEntryRelevance__14AiCrowdControlR2Ai,0x10c1f8,104,asm
game/AiReflex,getBestTarget__14AiCrowdControlR2AiRf,0x10c260,464,asm
game/AiReflex,getExitRelevance__14AiCrowdControlR2Ai,0x10c430,48,asm
game/AiReflex,enterAction__14AiCrowdControlR2Ai,0x10c460,96,asm
game/AiReflex,updateAction__14AiCrowdControlR2Ai,0x10c4c0,44,asm
game/AiReflex,exitAction__14AiCrowdControlR2Ai,0x10c4f0,32,asm
game/AiReflex,__15AiSpecialAttack,0x10c510,104,asm
game/AiReflex,getEntryRelevance__15AiSpecialAttackR2Ai,0x10c578,172,asm
game/AiReflex,getBestTarget__15AiSpecialAttackR2AiRf,0x10c628,560,asm
game/AiReflex,getExitRelevance__15AiSpecialAttackR2Ai,0x10c858,428,asm
game/AiReflex,enterAction__15AiSpecialAttackR2Ai,0x10ca08,152,asm
game/AiReflex,updateAction__15AiSpecialAttackR2Ai,0x10caa0,244,asm
game/AiReflex,exitAction__15AiSpecialAttackR2Ai,0x10cb98,68,asm
game/AiReflex,__14AiDetonateHead,0x10cbe0,88,asm
game/AiReflex,getEntryRelevance__14AiDetonateHeadR2Ai,0x10cc38,132,asm
game/AiReflex,getBestTarget__14AiDetonateHeadR2AiRf,0x10ccc0,656,asm
game/AiReflex,getExitRelevance__14AiDetonateHeadR2Ai,0x10cf50,48,asm
game/AiReflex,enterAction__14AiDetonateHeadR2Ai,0x10cf80,156,asm
game/AiReflex,updateAction__14AiDetonateHeadR2Ai,0x10d020,44,asm
game/AiReflex,exitAction__14AiDetonateHeadR2Ai,0x10d050,68,asm
game/AiReflex,__7AiTaunt,0x10d098,80,asm
game/AiReflex,getEntryRelevance__7AiTauntR2Ai,0x10d0e8,168,asm
game/AiReflex,getExitRelevance__7AiTauntR2Ai,0x10d190,76,asm
game/AiReflex,enterAction__7AiTauntR2Ai,0x10d1e0,128,asm
game/AiReflex,updateAction__7AiTauntR2Ai,0x10d260,176,asm
game/AiReflex,exitAction__7AiTauntR2Ai,0x10d310,68,asm
game/AiReflex,__12AiPutOutFire,0x10d358,68,asm
game/AiReflex,getEntryRelevance__12AiPutOutFireR2Ai,0x10d3a0,276,asm
game/AiReflex,getExitRelevance__12AiPutOutFireR2Ai,0x10d4b8,112,asm
game/AiReflex,enterAction__12AiPutOutFireR2Ai,0x10d528,108,asm
game/AiReflex,updateAction__12AiPutOutFireR2Ai,0x10d598,80,asm
game/AiReflex,exitAction__12AiPutOutFireR2Ai,0x10d5e8,8,asm
game/AiReflex,__tf13AiPunchReflex,0x10d5f0,80,asm
game/AiReflex,__tf11AiBatReflex,0x10d640,80,asm
game/AiReflex,__tf16AiFireProjectile,0x10d690,80,asm
game/AiReflex,__tf15AiGrappleReflex,0x10d6e0,80,asm
game/AiReflex,__tf13AiBlockReflex,0x10d730,80,asm
game/AiReflex,__tf15AiCounterReflex,0x10d780,80,asm
game/AiReflex,__tf14AiThrashReflex,0x10d7d0,80,asm
game/AiReflex,__tf15AiDisposeReflex,0x10d820,80,asm
game/AiReflex,__tf13AiSmashReflex,0x10d870,80,asm
game/AiReflex,__tf14AiThrowRecover,0x10d8c0,80,asm
game/AiReflex,__tf13AiThrowPickup,0x10d910,80,asm
game/AiReflex,__tf13AiStompReflex,0x10d960,80,asm
game/AiReflex,__tf11AiRamAttack,0x10d9b0,80,asm
game/AiReflex,__tf14AiCrowdControl,0x10da00,80,asm
game/AiReflex,__tf15AiSpecialAttack,0x10da50,80,asm
game/AiReflex,__tf14AiDetonateHead,0x10daa0,80,asm
game/AiReflex,__tf7AiTaunt,0x10daf0,80,asm
game/AiReflex,__tf12AiPutOutFire,0x10db40,80,asm
game/AiReflex,getMaxLevel__11HealthMeter,0x10db90,8,asm
game/AiReflex,inFov__9EnemyInfof,0x10dba0,32,asm
game/AiReflex,inLos__9EnemyInfo,0x10dbc0,8,asm
game/AiReset,__7AiReset,0x10dc08,68,asm
game/AiReset,setAi__7AiResetP2Ai,0x10dc50,184,asm
game/AiReset,loadFromRef__7AiResetb,0x10dd08,8,asm
game/AiReset,writeKeys__7AiResetPc,0x10dd10,2776,asm
game/AiReset,readKey__7AiResetPc,0x10e7e8,1928,asm
game/AiReset,__tf7AiReset,0x10ef70,80,asm
game/AiScript3Mile,__13AiScript3Mile,0x10efc0,108,matched
game/AiScript3Mile,update__13AiScript3Mile,0x10f030,632,asm
game/AiScript3Mile,enterState__13AiScript3MileQ213AiScript3Mile5State,0x10f2a8,820,asm
game/AiScript3Mile,__13AiScriptTokyo,0x10f5e0,88,matched
game/AiScript3Mile,update__13AiScriptTokyo,0x10f638,108,asm
game/AiScript3Mile,update__13AiScript3MilePv,0x10f6a8,28,matched
game/AiScript3Mile,update__13AiScriptTokyoPv,0x10f6c8,28,matched
game/AiSeek,__12AiSeekHealth,0x10f6f0,80,asm
game/AiSeek,getEntryRelevance__12AiSeekHealthR2Ai,0x10f740,384,asm
game/AiSeek,getExitRelevance__12AiSeekHealthR2Ai,0x10f8c0,340,asm
game/AiSeek,enterAction__12AiSeekHealthR2Ai,0x10fa18,96,asm
game/AiSeek,updateAction__12AiSeekHealthR2Ai,0x10fa78,236,asm
game/AiSeek,exitAction__12AiSeekHealthR2Ai,0x10fb68,204,asm
game/AiSeek,__13AiSeekStamina,0x10fc38,80,asm
game/AiSeek,getEntryRelevance__13AiSeekStaminaR2Ai,0x10fc88,440,asm
game/AiSeek,getExitRelevance__13AiSeekStaminaR2Ai,0x10fe40,192,asm
game/AiSeek,enterAction__13AiSeekStaminaR2Ai,0x10ff00,96,asm
game/AiSeek,updateAction__13AiSeekStaminaR2Ai,0x10ff60,236,asm
game/AiSeek,exitAction__13AiSeekStaminaR2Ai,0x110050,208,asm
game/AiSeek,__13AiSeekSpecial,0x110120,80,asm
game/AiSeek,getEntryRelevance__13AiSeekSpecialR2Ai,0x110170,92,asm
game/AiSeek,getExitRelevance__13AiSeekSpecialR2Ai,0x1101d0,192,asm
game/AiSeek,enterAction__13AiSeekSpecialR2Ai,0x110290,96,asm
game/AiSeek,updateAction__13AiSeekSpecialR2Ai,0x1102f0,236,asm
game/AiSeek,exitAction__13AiSeekSpecialR2Ai,0x1103e0,196,asm
game/AiSeek,__11AiSeekCloak,0x1104a8,80,asm
game/AiSeek,getEntryRelevance__11AiSeekCloakR2Ai,0x1104f8,80,asm
game/AiSeek,getExitRelevance__11AiSeekCloakR2Ai,0x110548,192,asm
game/AiSeek,enterAction__11AiSeekCloakR2Ai,0x110608,96,asm
game/AiSeek,updateAction__11AiSeekCloakR2Ai,0x110668,236,asm
game/AiSeek,exitAction__11AiSeekCloakR2Ai,0x110758,196,asm
game/AiSeek,__12AiSeekPickup,0x110820,84,asm
game/AiSeek,getEntryRelevance__12AiSeekPickupR2Ai,0x110878,116,asm
game/AiSeek,getExitRelevance__12AiSeekPickupR2Ai,0x1108f0,256,asm
game/AiSeek,enterAction__12AiSeekPickupR2Ai,0x1109f0,184,asm
game/AiSeek,updateAction__12AiSeekPickupR2Ai,0x110aa8,260,asm
game/AiSeek,exitAction__12AiSeekPickupR2Ai,0x110bb0,184,asm
game/AiSeek,__13AiSeekMonster,0x110c68,96,asm
game/AiSeek,getEntryRelevance__13AiSeekMonsterR2Ai,0x110cc8,176,asm
game/AiSeek,getBestTarget__13AiSeekMonsterR2AiRf,0x110d78,788,asm
game/AiSeek,getExitRelevance__13AiSeekMonsterR2Ai,0x111090,220,asm
game/AiSeek,enterAction__13AiSeekMonsterR2Ai,0x111170,64,asm
game/AiSeek,updateAction__13AiSeekMonsterR2Ai,0x1111b0,228,asm
game/AiSeek,exitAction__13AiSeekMonsterR2Ai,0x111298,68,asm
game/AiSeek,__7AiSwarm,0x1112e0,108,asm
game/AiSeek,getEntryRelevance__7AiSwarmR2Ai,0x111350,160,asm
game/AiSeek,getBestTarget__7AiSwarmR2AiRf,0x1113f0,372,asm
game/AiSeek,getExitRelevance__7AiSwarmR2Ai,0x111568,156,asm
game/AiSeek,enterAction__7AiSwarmR2Ai,0x111608,116,asm
game/AiSeek,updateAction__7AiSwarmR2Ai,0x111680,728,asm
game/AiSeek,enterState__7AiSwarmR2AiQ27AiSwarm5State,0x111958,328,asm
game/AiSeek,exitAction__7AiSwarmR2Ai,0x111aa0,84,asm
game/AiSeek,__12AiDodgeThrow,0x111af8,92,asm
game/AiSeek,getEntryRelevance__12AiDodgeThrowR2Ai,0x111b58,612,asm
game/AiSeek,getExitRelevance__12AiDodgeThrowR2Ai,0x111dc0,352,asm
game/AiSeek,enterAction__12AiDodgeThrowR2Ai,0x111f20,100,asm
game/AiSeek,updateAction__12AiDodgeThrowR2Ai,0x111f88,540,asm
game/AiSeek,exitAction__12AiDodgeThrowR2Ai,0x1121a8,68,asm
game/AiSeek,__12AiCatchThrow,0x1121f0,104,asm
game/AiSeek,getEntryRelevance__12AiCatchThrowR2Ai,0x112258,468,asm
game/AiSeek,getExitRelevance__12AiCatchThrowR2Ai,0x112430,284,asm
game/AiSeek,enterAction__12AiCatchThrowR2Ai,0x112550,100,asm
game/AiSeek,updateAction__12AiCatchThrowR2Ai,0x1125b8,256,asm
game/AiSeek,exitAction__12AiCatchThrowR2Ai,0x1126b8,68,asm
game/AiSeek,__10AiBatThrow,0x112700,104,asm
game/AiSeek,getEntryRelevance__10AiBatThrowR2Ai,0x112768,500,asm
game/AiSeek,getExitRelevance__10AiBatThrowR2Ai,0x112960,284,asm
game/AiSeek,enterAction__10AiBatThrowR2Ai,0x112a80,100,asm
game/AiSeek,updateAction__10AiBatThrowR2Ai,0x112ae8,220,asm
game/AiSeek,exitAction__10AiBatThrowR2Ai,0x112bc8,68,asm
game/AiSeek,__10AiDodgeRam,0x112c10,80,asm
game/AiSeek,getEntryRelevance__10AiDodgeRamR2Ai,0x112c60,508,asm
game/AiSeek,getExitRelevance__10AiDodgeRamR2Ai,0x112e60,144,asm
game/AiSeek,enterAction__10AiDodgeRamR2Ai,0x112ef0,292,asm
game/AiSeek,updateAction__10AiDodgeRamR2Ai,0x113018,120,asm
game/AiSeek,exitAction__10AiDodgeRamR2Ai,0x113090,68,asm
game/AiSeek,__12AiDodgeStomp,0x1130d8,88,asm
game/AiSeek,getEntryRelevance__12AiDodgeStompR2Ai,0x113130,188,asm
game/AiSeek,getExitRelevance__12AiDodgeStompR2Ai,0x1131f0,92,asm
game/AiSeek,enterAction__12AiDodgeStompR2Ai,0x113250,192,asm
game/AiSeek,updateAction__12AiDodgeStompR2Ai,0x113310,120,asm
game/AiSeek,exitAction__12AiDodgeStompR2Ai,0x113388,68,asm
game/AiSeek,__14AiDodgeSpecial,0x1133d0,88,asm
game/AiSeek,getEntryRelevance__14AiDodgeSpecialR2Ai,0x113428,308,asm
game/AiSeek,getExitRelevance__14AiDodgeSpecialR2Ai,0x113560,132,asm
game/AiSeek,enterAction__14AiDodgeSpecialR2Ai,0x1135e8,68,asm
game/AiSeek,updateFleeSpot__14AiDodgeSpecialR2Ai,0x113630,296,asm
game/AiSeek,updateAction__14AiDodgeSpecialR2Ai,0x113758,156,asm
game/AiSeek,exitAction__14AiDodgeSpecialR2Ai,0x1137f8,68,asm
game/AiSeek,__tf12AiSeekHealth,0x113840,80,asm
game/AiSeek,__tf13AiSeekStamina,0x113890,80,asm
game/AiSeek,__tf13AiSeekSpecial,0x1138e0,80,asm
game/AiSeek,__tf11AiSeekCloak,0x113930,80,asm
game/AiSeek,__tf12AiSeekPickup,0x113980,80,asm
game/AiSeek,setRange__12AiSeekPickupf,0x1139d0,8,asm
game/AiSeek,__tf13AiSeekMonster,0x1139d8,80,asm
game/AiSeek,__tf7AiSwarm,0x113a28,80,asm
game/AiSeek,__tf12AiDodgeThrow,0x113a78,80,asm
game/AiSeek,__tf12AiCatchThrow,0x113ac8,80,asm
game/AiSeek,__tf10AiBatThrow,0x113b18,80,asm
game/AiSeek,__tf10AiDodgeRam,0x113b68,80,asm
game/AiSeek,__tf12AiDodgeStomp,0x113bb8,80,asm
game/AiSeek,__tf14AiDodgeSpecial,0x113c08,80,asm
game/AiTweaks,setActiveAi__8AiTweaksP2Aib,0x113ca8,64,asm
game/AiTweaks,__static_initialization_and_destruction_0,0x113ce8,48,asm
game/AiTweaks,_GLOBAL_$I$setActiveAi__8AiTweaksP2Aib,0x113d18,32,asm
game/AiNavigator,__11AiNavigatorR7Monster,0x113d38,80,matched
game/AiNavigator,init__11AiNavigator,0x113d88,92,equivalent
game/AiNavigator,update__11AiNavigatorR7GamePad,0x113de8,460,asm
game/AiNavigator,updateSteering__11AiNavigatorR7GamePad,0x113fb8,436,asm
game/AiNavigator,disable__11AiNavigatorQ211AiNavigator6StatusQ211AiNavigator11FailureHint,0x114170,24,matched
game/AiNavigator,wander__11AiNavigatorR8_fvector,0x114188,20,matched
game/AiNavigator,seek__11AiNavigatorR8_fvectorf,0x1141a0,128,asm
game/AiNavigator,seek__11AiNavigatorR13DbInteractivef,0x114220,80,matched
game/AiNavigator,target__11AiNavigatorR8_fvectorf,0x114270,28,matched
game/AiNavigator,arrive__11AiNavigatorR8_fvectorfff,0x114290,144,asm
game/AiNavigator,arrive__11AiNavigatorR13DbInteractivefff,0x114320,80,matched
game/AiNavigator,tag__11AiNavigatorR8_fvectorf,0x114370,128,asm
game/AiNavigator,flee__11AiNavigatorR8_fvectorf,0x1143f0,48,equivalent
game/AiNavigator,updateSeek__11AiNavigator,0x114420,652,asm
game/AiNavigator,updateTarget__11AiNavigator,0x1146b0,76,equivalent
game/AiNavigator,updateArrive__11AiNavigator,0x114700,28,matched
game/AiNavigator,updateTag__11AiNavigator,0x114720,624,asm
game/AiNavigator,updateFlee__11AiNavigator,0x114990,136,asm
game/AiNavigator,targetPin__11AiNavigatorR8_fvector,0x114a18,132,equivalent
game/AiNavigator,pathSeekIntercept__11AiNavigator,0x114aa0,820,asm
game/AiNavigator,pathSeek__11AiNavigator,0x114dd8,704,asm
game/AiNavigator,avoid__11AiNavigatorR8_fvector,0x115098,308,asm
game/AiNavigator,avoidClimbing__11AiNavigatorR8_fvectorT1,0x1151d0,532,asm
game/AiNavigator,avoidJumping__11AiNavigatorR8_fvectorT1,0x1153e8,1172,asm
game/AiNavigator,avoidFlying__11AiNavigatorR8_fvectorT1,0x115880,1340,asm
game/AiNavigator,avoidGeneral__11AiNavigatorR8_fvectorT1,0x115dc0,1124,asm
game/AiNavigator,attemptClimb__11AiNavigatorR8_fvector,0x116228,228,asm
game/AiNavigator,handleNoJumpOrClimb__11AiNavigatorP9_hdResultR8_fvectorT2,0x116310,512,asm
game/AiNavigator,orientTo__11AiNavigatorR8_fvectorf,0x116510,176,equivalent
game/AiNavigator,strafeTo__11AiNavigatorR8_fvectorff,0x1165c0,176,equivalent
game/AiNavigator,followPath__11AiNavigatorRQ211AiNavigator8PathInfoT1R8_fvector,0x116670,944,asm
game/AiNavigator,nextPathPoint__11AiNavigator,0x116a20,124,asm
game/AiNavigator,getFleePath__11AiNavigatorR8_fvector,0x116aa0,12,matched
game/AiNavigator,inPathTransition__11AiNavigatorRQ211AiNavigator8PathInfoR8_fvectorb,0x116ab0,208,asm
game/AiNavigator,getMaxJumpHeight__11AiNavigatorb,0x116b80,404,asm
game/AiNavigator,getMaxStandingJumpHeight__11AiNavigatorb,0x116d18,228,asm
game/AiNavigator,__Q211AiNavigator14ObstacleSensorR11AiNavigator,0x116e00,64,asm
game/AiNavigator,init__Q211AiNavigator14ObstacleSensor,0x116e40,20,matched
game/AiNavigator,test__Q211AiNavigator14ObstacleSensor,0x116e58,1560,asm
game/AiNavigator,getNextCollis__Q211AiNavigator14ObstacleSensorP9_hdResultiT1,0x117470,156,asm
game/AiNavigator,getObstacle__Q211AiNavigator14ObstacleSensor,0x117510,28,matched
game/AiNavigator,getObstacleRange__Q211AiNavigator14ObstacleSensor,0x117530,8,matched
game/AiNavigator,getObstacleHeight__Q211AiNavigator14ObstacleSensor,0x117538,20,matched
game/AiNavigator,getCeilHeight__Q211AiNavigator14ObstacleSensor,0x117550,40,matched
game/AiNavigator,getFloorHeight__Q211AiNavigator14ObstacleSensor,0x117578,40,matched
game/AiNavigator,shouldAvoid__Q211AiNavigator14ObstacleSensorR8_fvector,0x1175a0,756,asm
game/AiNavigator,isObstacleClimbable__Q211AiNavigator14ObstacleSensor,0x117898,88,asm
game/AiNavigator,isObstacleClimbable__Q211AiNavigator14ObstacleSensorR9_hdResult,0x1178f0,164,asm
game/AiNavigator,init__Q211AiNavigator8PathInfoP6AiPathi,0x117998,188,asm
game/AiNavigator,init__Q211AiNavigator8PathInfoP6AiPathT1b,0x117a58,72,asm
game/AiNavigator,init__Q211AiNavigator8PathInfoP6AiPathP8_fvector,0x117aa0,180,asm
game/airport,airportInitBefore__Fv,0x117b58,68,asm
game/airport,airportInitAfter__Fv,0x117ba0,32,asm
game/airport,airportUpdate__Fv,0x117bc0,64,asm
game/airport,airportAddEpNode__FP9_hierhead,0x117c00,52,asm
game/airport,initAfter__8Airplane,0x117c38,340,asm
game/airport,update__8Airplane,0x117d90,2824,asm
game/airport,updateDeath__8Airplane,0x118898,1604,asm
game/airport,takeHit__8AirplaneP8_fvectorfi,0x118ee0,396,asm
game/airport,respawn__8Airplane,0x119070,152,asm
game/airport,blowDebris__8Airplane,0x119108,1056,asm
game/airport,getVel__8Airplane,0x119528,88,asm
game/airport,updateDebris__8Airplane,0x119580,560,asm
game/airport,__static_initialization_and_destruction_0,0x1197b0,56,asm
game/airport,getPinTrans__13DbInteractive,0x1197e8,12,asm
game/airport,getLookAtTrans__13DbInteractive,0x1197f8,40,asm
game/airport,__tf8Airplane,0x119820,80,asm
game/airport,updateDebris__8AirplanePv,0x119870,28,asm
game/airport,__tf13DbInteractive,0x119890,60,asm
game/airport,_GLOBAL_$I$airportInitBefore__Fv,0x1198d0,32,asm
game/AnimContact,init__11AnimContactR11_animHandle,0x1198f0,216,asm
game/AnimContact,update__11AnimContact,0x1199c8,104,asm
game/AnimContact,getLimb__11AnimContacti,0x119a30,96,matched
game/AnimContact,numContacts__11AnimContact,0x119a90,80,equivalent
game/AnimContact,numHandContacts__11AnimContact,0x119ae0,80,equivalent
game/AnimContact,numFootContacts__11AnimContact,0x119b30,80,equivalent
game/AnimContact,numNewContacts__11AnimContact,0x119b80,128,equivalent
game/AnimContact,numNewHandContacts__11AnimContact,0x119c00,128,equivalent
game/AnimContact,numNewFootContacts__11AnimContact,0x119c80,128,equivalent
game/BigShotLevel,initBeforeDbLoad__12BigShotLevel,0x119d00,276,asm
game/BigShotLevel,initAfterDbLoad__12BigShotLevel,0x119e18,216,asm
game/BigShotLevel,initForReplay__12BigShotLevel,0x119ef0,844,asm
game/BigShotLevel,addEpNode__12BigShotLevelP9_hierhead,0x11a240,216,asm
game/BigShotLevel,swapPlayers__12BigShotLevel,0x11a318,648,asm
game/BigShotLevel,selectTarget__12BigShotLeveli,0x11a5a0,660,asm
game/BigShotLevel,selectNextTarget__12BigShotLevel,0x11a838,40,asm
game/BigShotLevel,targetMiss__12BigShotLevelP7Monster,0x11a860,372,asm
game/BigShotLevel,targetHit__12BigShotLeveli,0x11a9d8,128,asm
game/BigShotLevel,takeTurns__12BigShotLevel,0x11aa58,336,asm
game/BigShotLevel,mineHit__12BigShotLevelP9_hdResult,0x11aba8,356,asm
game/BigShotLevel,updateNormal__12BigShotLevel,0x11ad10,1016,asm
game/BigShotLevel,updateSuddenDeath__12BigShotLevel,0x11b108,120,asm
game/BigShotLevel,fade__12BigShotLeveli,0x11b180,304,asm
game/BigShotLevel,initSuddenDeath__12BigShotLevel,0x11b2b0,556,asm
game/BigShotLevel,takeTurns__12BigShotLevelPv,0x11b4e0,28,asm
game/BoneSpring,init__10BoneSpringP7Monsterii,0x11b500,188,asm
game/BoneSpring,update__10BoneSpring,0x11b5c0,464,asm
game/Cameras,__as__11PitchChangeR11PitchChange,0x11b790,24,asm
game/Cameras,__as__9ShakeDataR9ShakeData,0x11b7a8,76,asm
game/Cameras,__as__17MonsterCameraDataR17MonsterCameraData,0x11b7f8,284,asm
game/Cameras,GetUnifiedTime__7Cameras,0x11b918,124,asm
game/Cameras,GetCsCameraFollows__7Camerasi,0x11b998,32,asm
game/Cameras,Init__7Cameras,0x11b9b8,444,asm
game/Cameras,SetCameraToFollowMonster__7CamerasiP7Monster,0x11bb78,140,asm
game/Cameras,SetCameraMonster__7CamerasiP7Monster,0x11bc08,72,asm
game/Cameras,SetCameraPOV__7CamerasiQ26Camera9CameraPOV,0x11bc50,596,asm
game/Cameras,ResetPOVChange__7Camerasif,0x11bea8,76,asm
game/Cameras,AlignCsWithCamera__7CamerasiP3_csfff,0x11bef8,176,asm
game/Cameras,AlignCsWithView__7CamerasiP3_csfff,0x11bfa8,196,asm
game/Cameras,TogglePOV__7Camerasi,0x11c070,88,asm
game/Cameras,DetachCamera__7CamerasiP8_fvector,0x11c0c8,156,asm
game/Cameras,ReattachCamera__7Camerasi,0x11c168,64,asm
game/Cameras,StartShake__7CamerasR8_fvectorf,0x11c1a8,136,asm
game/Cameras,StartShake__7Camerasf,0x11c230,60,asm
game/Cameras,ShakeFalloff__7Camerasf,0x11c270,60,asm
game/Cameras,InitCCCamera__7CamerasP7MonsterT1,0x11c2b0,324,asm
game/Cameras,InitCCCameraFromThrow__7CamerasP7MonsterT1,0x11c3f8,488,asm
game/Cameras,InitCCMonsters__7CamerasP7MonsterT1,0x11c5e0,132,asm
game/Cameras,InitCrushMonsters__7CamerasP7MonsterT1,0x11c668,36,asm
game/Cameras,CCFadeIn__7Cameras,0x11c690,104,asm
game/Cameras,CCFadeOut__7Cameras,0x11c6f8,120,asm
game/Cameras,Update__7Cameras,0x11c770,244,asm
game/Cameras,LeaveUnifiedView__7CamerasUi,0x11c868,332,asm
game/Cameras,LeaveUnifiedTask__7Cameras,0x11c9b8,268,asm
game/Cameras,ccMonsNoLongerInRange__7Camerasf,0x11cac8,520,asm
game/Cameras,ccMonsMovingTogether__7Cameras,0x11ccd0,504,asm
game/Cameras,InitPlantBossCamera__7Cameras,0x11cec8,340,asm
game/Cameras,closeCombatUpdate__6Camera,0x11d020,4184,asm
game/Cameras,roamUpdate__6Camera,0x11e078,2320,asm
game/Cameras,staticUpdate__6Camera,0x11e988,320,asm
game/Cameras,getupUpdate__6Camera,0x11eac8,492,asm
game/Cameras,knockbackUpdate__6Camera,0x11ecb8,784,asm
game/Cameras,topdownUpdate__6Camera,0x11efc8,488,asm
game/Cameras,victoryUpdate__6Camera,0x11f1b0,380,asm
game/Cameras,crushUpdate__6Camera,0x11f330,768,asm
game/Cameras,normalUpdate__6Camera,0x11f630,4336,asm
game/Cameras,checkCollision__6Camerai,0x120720,564,asm
game/Cameras,checkNewPosition__6Camera,0x120958,500,asm
game/Cameras,posInFOV__6CameraR8_fvectorib,0x120b50,896,asm
game/Cameras,translateCamera__6CameraR8_fvectorfb,0x120ed0,976,asm
game/Cameras,shakeCamera__6Camera,0x1212a0,236,asm
game/Cameras,CCFadeIn__7CamerasPv,0x121390,28,asm
game/Cameras,CCFadeOut__7CamerasPv,0x1213b0,28,asm
game/Cameras,LeaveUnifiedTask__7CamerasPv,0x1213d0,28,asm
game/canyon2,canyon2InitBefore__Fv,0x1213f0,140,asm
game/canyon2,canyon2InitAfter__Fv,0x121480,180,asm
game/canyon2,canyon2Update__Fv,0x121538,2028,asm
game/canyon2,updateRespawn__Fv,0x121d28,428,asm
game/canyon2,canyon2AddEpNode__FP9_hierhead,0x121ed8,8,asm
game/canyon2,canyon2RespawnAi__Fi,0x121ee0,204,asm
game/canyon2,canyon2SaveCherryBomb__FP11RigidPickup,0x121fb0,240,asm
game/canyon2,canyon2GetCherryBomb__Fv,0x1220a0,640,asm
game/canyon2,canyon2BossIntro__Fv,0x122320,276,asm
game/canyon2,canyon2EnableBoss__Fv,0x122438,56,asm
game/canyon2,canyon2FinalBattle__Fv,0x122470,116,asm
game/canyon2,__static_initialization_and_destruction_0,0x1224e8,96,asm
game/canyon2,_GLOBAL_$I$canyon2LevelProgression,0x122548,32,asm
game/CarPickup,__9CarPickup,0x122568,168,asm
game/CarPickup,initAfterDbLoad__9CarPickup,0x122610,144,asm
game/CarPickup,takeHit__9CarPickupP8_fvectorfi,0x1226a0,16,matched
game/CarPickup,kill__9CarPickup,0x1226b0,64,matched
game/CarPickup,grab__9CarPickupi,0x1226f0,48,matched
game/CarPickup,drop__9CarPickup,0x122720,60,matched
game/CarPickup,update__9CarPickup,0x122760,212,asm
game/CarPickup,regen__9CarPickup,0x122838,64,asm
game/CarPickup,updateInputs__9CarPickupR7GamePad,0x122878,76,asm
game/CarPickup,__tf9CarPickup,0x122900,80,asm
game/CarPickup,getVehicle__9CarPickup,0x122950,8,matched
game/central,centralInitBefore__Fv,0x122958,8,asm
game/central,centralInitAfter__Fv,0x122960,280,asm
game/central,centralUpdate__Fv,0x122a78,8,asm
game/charreset,__9charreset11CREATOR_KEY,0x122a80,64,asm
game/charreset,setCharacter__9charresetP7Monster,0x122ac0,100,asm
game/charreset,writeKeys__9charresetPc,0x122b28,15012,asm
game/charreset,__tf9charreset,0x1265d0,80,asm
game/charreset_2,readKey__9charresetPc,0x126620,19252,asm
game/collision,collisInitPoints__7Monster,0x12b158,1848,asm
game/collision,collisTestForCollisions__7Monster,0x12b890,816,asm
game/collision,getNextCollis__FRiP19_hdSphereBundleTestiP9_hdResult,0x12bbc0,172,asm
game/collision,collisTestEnvironmentCollisions__7Monster,0x12bc70,5528,asm
game/collision,collisResolveEnvCollis__7MonsterR8_fvectorR9_hdResultib,0x12d208,1624,asm
game/collision,collisResolveCsToCsCollisions__7Monster,0x12d860,1864,asm
game/CrushLevel,initBeforeDbLoad__10CrushLevel,0x12dfa8,8,matched
game/CrushLevel,initAfterDbLoad__10CrushLevel,0x12dfb0,144,matched
game/CrushLevel,updateNormal__10CrushLevel,0x12e040,728,equivalent
game/CrushLevel,initSuddenDeath__10CrushLevel,0x12e318,132,matched
game/CrushLevel,updateSuddenDeath__10CrushLevel,0x12e3a0,120,matched
game/db,dbInitDb__FP9_dbheader10_vramAddrs,0x12e418,480,equivalent
game/db,dbProcInteractive__FP9_hierheadP8_fvectorPA3_f,0x12e5f8,1088,equivalent
game/db,dbGetCSForModel__FP9_hierhead,0x12ea38,72,matched
game/db,dbGetHPCSForModel__FP9_hierhead,0x12ea80,72,matched
game/DodgeBallLevel,initAfterDbLoad__14DodgeBallLevel,0x12eac8,268,equivalent
game/DodgeBallLevel,update__14DodgeBallLeveli,0x12ebd8,1172,asm
game/DodgeBallLevel,ResetCountdown__14DodgeBallLevel,0x12f070,212,matched
game/DodgeBallLevel,__static_initialization_and_destruction_0,0x12f148,76,asm
game/DodgeBallLevel,_GLOBAL_$I$_14DodgeBallLevel$instance,0x12f198,32,asm
game/Debris,InitBefore__6Debris,0x12f1b8,96,asm
game/Debris,InitAfter__6Debris,0x12f218,88,asm
game/Debris,Activate__6DebrisP9ActDebrisPA3_fP8_fvectorPA3_A3_ffT3,0x12f270,1436,asm
game/Debris,CullView__6Debrisi,0x12f810,304,asm
game/Debris,update__6Debris,0x12f940,1396,asm
game/Debris,ChunkHD__6Debrisi,0x12feb8,352,asm
game/Debris,ChunkHat__6DebrisPQ26Debris9ChunkData,0x130018,408,asm
game/Debris,__static_initialization_and_destruction_0,0x1301b0,144,asm
game/Debris,update__6DebrisPv,0x130240,28,asm
game/Debris,_GLOBAL_$I$InitBefore__6Debris,0x130260,32,asm
game/Destructible,Init__13Destructibles,0x130280,32,asm
game/Destructible,AddDestruct__13DestructiblesiP9_hierheadP8_fvectorPA3_f,0x1302a0,808,asm
game/Destructible,Update__13Destructibles,0x1305c8,8,asm
game/Destructible,rebuildCanyon2Pillars__13Destructibles,0x1305d0,132,asm
game/Destructible,rebuildCapitolPillars__13Destructibles,0x130658,132,asm
game/Destructible,takeHit__12DestructibleP8_fvectorfi,0x1306e0,1004,asm
game/Destructible,GenericTakeHit__12DestructibleP8_fvectorfii,0x130ad0,192,asm
game/Destructible,ChangeState__12DestructibleibT2,0x130b90,492,asm
game/Destructible,SwitchState__12Destructible,0x130d80,20,asm
game/Destructible,DispatchAction__12DestructibleP7ActHeadPA3_f,0x130d98,124,asm
game/Destructible,doDebris__12DestructibleP9ActDebrisPA3_f,0x130e18,288,asm
game/Destructible,shedMonsters__12Destructible,0x130f38,252,asm
game/Destructible,getVel__13DbInteractive,0x131070,12,asm
game/Destructible,__tf12Destructible,0x131080,80,asm
game/Destructible,SwitchState__12DestructiblePv,0x1310d0,28,asm
game/Destructible,getHealth__12Destructible,0x1310f0,8,asm
game/Destructible,CurrentState__12Destructible,0x1310f8,12,asm
game/Destructible,getHitType__12Destructible,0x131108,8,asm
game/Destructible,getId1__12Destructible,0x131110,16,asm
game/EnemyInfo,getInfo__9EnemyInfoR7MonsterT1,0x131160,76,asm
game/EnemyInfo,init__9EnemyInfo,0x1311b0,160,asm
game/EnemyInfo,update__9EnemyInfo,0x131250,1732,asm
game/FinalBoss,initBefore__9FinalBoss,0x131918,124,asm
game/FinalBoss,initAfter__9FinalBoss,0x131998,804,asm
game/FinalBoss,update__9FinalBoss,0x131cc0,1044,asm
game/FinalBoss,updateMecha__9FinalBoss,0x1320d8,5212,asm
game/FinalBoss,updateJelly__9FinalBoss,0x133538,2684,asm
game/FinalBoss,takeHit__9FinalBossP8_fvectorfi,0x133fb8,280,asm
game/FinalBoss,addEpNode__9FinalBossP9_hierhead,0x1340d0,104,asm
game/FinalBoss,setLocator__9FinalBossiRA3_A3_fP8_fvector,0x134138,236,asm
game/FinalBoss,__static_initialization_and_destruction_0,0x134228,204,asm
game/FinalBoss,__tf9FinalBoss,0x134330,80,asm
game/FinalBoss,getPinTrans__9FinalBoss,0x134380,8,asm
game/FinalBoss,_GLOBAL_$I$finalBoss,0x1343c8,32,asm
game/FireBreath,__10FireBreathR7Monster,0x1343e8,32,matched
game/FireBreath,Init__10FireBreath,0x134408,48,matched
game/FireBreath,Activate__10FireBreathfffffff,0x134438,352,asm
game/FireBreath,Update__10FireBreath,0x134598,148,matched
game/FireBreath,ApplyMint__10FireBreath,0x134630,72,matched
game/FireBreath,TestCollis__10FireBreath,0x134678,884,asm
game/FireBreath,Update__10FireBreathPv,0x1349f0,28,matched
game/PedGroup,TurnOffAllPeds__8PedGroup,0x134a10,132,asm
game/PedGroup,startCinema__8PedGroup,0x134a98,52,asm
game/PedGroup,endCinema__8PedGroup,0x134ad0,64,asm
game/PedGroup,squishGlobal__8PedGroupR8_fvectorfP7Monster,0x134b10,136,asm
game/PedGroup,fleeGlobal__8PedGroupR8_fvectorf,0x134b98,124,asm
game/PedGroup,__8PedGroupUcR8_fvector,0x134c18,620,asm
game/PedGroup,initPath__8PedGroupPQ28PedGroup7PathDat,0x134e88,256,asm
game/PedGroup,scatter__8PedGroup,0x134f88,344,asm
game/PedGroup,sortList__8PedGroup,0x1350e0,432,asm
game/PedGroup,sortIndex__8PedGroupUiUiPUc,0x135290,400,asm
game/PedGroup,findInRange__8PedGroupPUcUiR8_fvectorf,0x135420,672,asm
game/PedGroup,findListIndex__8PedGroupUiUiPUc,0x1356c0,120,asm
game/PedGroup,update__8PedGroup,0x135738,2252,asm
game/PedGroup,handleEnv__8PedGroup,0x136008,504,asm
game/PedGroup,isVisible__8PedGroup,0x136200,112,asm
game/PedGroup,squish__8PedGroupR8_fvectorfP7Monster,0x136270,316,asm
game/PedGroup,flee__8PedGroupR8_fvectorfT1,0x1363b0,392,asm
game/PedGroup,update__8PedGroupPv,0x136538,28,asm
game/TheGame,Init__7TheGame,0x136558,8,asm
game/TheGame,InitBeforeDbLoad__7TheGame,0x136560,1824,asm
game/TheGame,traversalCallback__7TheGameP3_csUiUiRA3_A3_fP8_fvector,0x136c80,256,asm
game/TheGame,genericEventHandler__7TheGameUi,0x136d80,472,asm
game/TheGame,InitAfterDbLoad__7TheGame,0x136f58,860,equivalent
game/TheGame,Update__7TheGame,0x1372b8,1008,equivalent
game/TheGame,Update2__7TheGame,0x1376a8,96,matched
game/TheGame,MonsterParse__7TheGameP9_hierheadP8_fvector,0x137708,260,equivalent
game/TheGame,AddMonster__7TheGameP3_csii,0x137810,292,equivalent
game/TheGame,GetMonsterFromName__7TheGameii,0x137938,132,equivalent
game/TheGame,SetPlayerMonster__7TheGameiiiii,0x1379c0,332,equivalent
game/TheGame,SetAIMonster__7TheGameiiii,0x137b10,820,equivalent
game/TheGame,gameInitCamera__7TheGameii,0x137e48,76,matched
game/TheGame,GetCameraMaxHeight__7TheGameP8_fvector,0x137e98,20,matched
game/TheGame,gameResolveCollisions__7TheGame,0x137eb0,436,asm
game/TheGame,gameResolveLifeAndDeath__7TheGame,0x138068,2008,asm
game/TheGame,gameCheckForCloseCombat__7TheGame,0x138840,1224,asm
game/TheGame,SetGravity__7TheGamef,0x138d08,16,matched
game/TheGame,SetOkToUnify__7TheGame,0x138d18,76,matched
game/TheGame,gameGetStartPoint__7TheGameP7Monster,0x138d68,756,asm
game/TheGame,getClosestMonster__7TheGameR8_fvectorfRf,0x139060,148,asm
game/TheGame,getClosestPlayer__7TheGameR8_fvectorfRf,0x1390f8,164,asm
game/TheGame,GetNumAIsAlive__7TheGame,0x1391a0,92,matched
game/TheGame,ResetLevel__7TheGame,0x139200,364,equivalent
game/TheGame,UnpauseLevel__7TheGame,0x139370,196,matched
game/TheGame,UpdatePadTweaks__7TheGame,0x139438,248,equivalent
game/TheGame,gameReestablishViews__7TheGame,0x139530,368,asm
game/TheGame,monsterPush__7TheGamePP9_hierheadUi,0x1396a0,60,asm
game/TheGame,monsterPop__7TheGameP13_monsterstackPP9_hierhead,0x1396e0,108,asm
game/TheGame,fadeOutAndIn__7TheGamei,0x139750,200,asm
game/TheGame,updateFadeOutAndIn__7TheGame,0x139818,800,asm
game/TheGame,fadeOut__7TheGamei,0x139b38,124,asm
game/TheGame,updateFadeOut__7TheGame,0x139bb8,580,asm
game/TheGame,SetVibration__7TheGameib,0x139e00,112,asm
game/TheGame,AddCrushMessage__7TheGamei,0x139e70,140,asm
game/TheGame,__static_initialization_and_destruction_0,0x139f00,116,asm
game/TheGame,updateFadeOutAndIn__7TheGamePv,0x139fa0,28,asm
game/TheGame,updateFadeOut__7TheGamePv,0x139fc0,28,asm
game/TheGame,_GLOBAL_$I$resetObj,0x139fe0,32,asm
game/GamePad,clearInputs__7GamePad,0x13a000,28,matched
game/GamePad,loadPadInputs__7GamePadi,0x13a020,1300,asm
game/GamePadClipPlayer,rewind__17GamePadClipPlayer,0x13a538,68,equivalent
game/GamePadClipPlayer,update__17GamePadClipPlayerR7GamePad,0x13a580,168,equivalent
game/GlobalReset,__11GlobalReset,0x13a628,84,asm
game/GlobalReset,writeKeys__11GlobalResetPc,0x13a680,1036,asm
game/GlobalReset,readKey__11GlobalResetPc,0x13aa90,2352,asm
game/GlobalReset,__tf11GlobalReset,0x13b3c0,80,asm
game/Grapple,__12StateGrapple,0x13b410,244,asm
game/Grapple,transitionOK__12StateGrapple,0x13b508,116,asm
game/Grapple,transitionFeasible__12StateGrapple,0x13b580,404,asm
game/Grapple,transitionInto__12StateGrapple,0x13b718,56,asm
game/Grapple,update__12StateGrapple,0x13b750,912,asm
game/Grapple,handlePreemption__12StateGrappleP12MonsterState,0x13bae0,48,asm
game/Grapple,enterSubState__12StateGrappleQ212StateGrapple8SubState,0x13bb10,340,asm
game/Grapple,detach__12StateGrapple,0x13bc68,60,asm
game/Grapple,release__12StateGrappleb,0x13bca8,364,asm
game/Grapple,__13StateGrappled,0x13be18,172,asm
game/Grapple,transitionOK__13StateGrappledi,0x13bec8,1048,asm
game/Grapple,transitionInto__13StateGrappled,0x13c2e0,204,asm
game/Grapple,update__13StateGrappled,0x13c3b0,1028,asm
game/Grapple,healthDeltaAchieved__13StateGrappledf,0x13c7b8,52,asm
game/Grapple,enterSubState__13StateGrappledQ213StateGrappled8SubState,0x13c7f0,416,asm
game/Grapple,detach__13StateGrappled,0x13c990,224,asm
game/Grapple,breakFree__13StateGrappled,0x13ca70,384,asm
game/Grapple,isOverhead__13StateGrappled,0x13cbf0,12,asm
game/Grapple,handlePreemption__13StateGrappledP12MonsterState,0x13cc00,84,asm
game/Grapple,__tf12StateGrapple,0x13cc58,80,asm
game/Grapple,getSubState__12StateGrapple,0x13cca8,8,asm
game/Grapple,getRecoilFields__12StateGrapple,0x13ccb0,8,asm
game/Grapple,getAttachWindowStart__12StateGrapple,0x13ccb8,8,asm
game/Grapple,getAttachWindowEnd__12StateGrapple,0x13ccc0,8,asm
game/Grapple,__tf13StateGrappled,0x13ccc8,80,asm
game/Grapple,setStruggleDisable__13StateGrappledi,0x13cd18,20,asm
game/Grapple,getSubState__13StateGrappled,0x13cd30,8,asm
game/GrappleOHAttack,__20StateGrappleOHAttack,0x13cd38,152,asm
game/GrappleOHAttack,transitionOK__20StateGrappleOHAttack,0x13cdd0,80,asm
game/GrappleOHAttack,transitionFeasible__20StateGrappleOHAttack,0x13ce20,256,asm
game/GrappleOHAttack,transitionInto__20StateGrappleOHAttack,0x13cf20,420,asm
game/GrappleOHAttack,update__20StateGrappleOHAttack,0x13d0c8,700,asm
game/GrappleOHAttack,__19StateMonkeyOHAttack,0x13d388,168,asm
game/GrappleOHAttack,transitionOK__19StateMonkeyOHAttack,0x13d430,80,asm
game/GrappleOHAttack,transitionFeasible__19StateMonkeyOHAttack,0x13d480,260,asm
game/GrappleOHAttack,transitionInto__19StateMonkeyOHAttack,0x13d588,96,asm
game/GrappleOHAttack,update__19StateMonkeyOHAttack,0x13d5e8,1288,asm
game/GrappleOHAttack,startAttack__19StateMonkeyOHAttack11MonsterAnim,0x13daf0,272,asm
game/GrappleOHAttack,inWindUp__11AttackState,0x13dc00,8,asm
game/GrappleOHAttack,inWindDown__11AttackState,0x13dc08,8,asm
game/GrappleOHAttack,__tf20StateGrappleOHAttack,0x13dc10,80,asm
game/GrappleOHAttack,__tf19StateMonkeyOHAttack,0x13dc60,80,asm
game/GrappleOHAttack,__tf11AttackState,0x13dcb0,80,asm
game/GrappleThrow,__16StateGrappleLift,0x13dd00,84,asm
game/GrappleThrow,transitionOK__16StateGrappleLift,0x13dd58,124,asm
game/GrappleThrow,transitionInto__16StateGrappleLift,0x13ddd8,584,asm
game/GrappleThrow,update__16StateGrappleLift,0x13e020,356,asm
game/GrappleThrow,__17StateGrappleThrow,0x13e188,112,asm
game/GrappleThrow,transitionOK__17StateGrappleThrow,0x13e1f8,72,asm
game/GrappleThrow,transitionInto__17StateGrappleThrow,0x13e240,84,asm
game/GrappleThrow,update__17StateGrappleThrow,0x13e298,232,asm
game/GrappleThrow,throwToTarget__17StateGrappleThrowR8_fvector,0x13e380,332,asm
game/GrappleThrow,handlePreemption__17StateGrappleThrowP12MonsterState,0x13e4d0,32,asm
game/GrappleThrow,__18StateGrappleThrow1,0x13e4f0,112,asm
game/GrappleThrow,transitionOK__18StateGrappleThrow1,0x13e560,72,asm
game/GrappleThrow,transitionInto__18StateGrappleThrow1,0x13e5a8,84,asm
game/GrappleThrow,update__18StateGrappleThrow1,0x13e600,468,asm
game/GrappleThrow,__tf16StateGrappleLift,0x13e7e8,80,asm
game/GrappleThrow,__tf17StateGrappleThrow,0x13e838,80,asm
game/GrappleThrow,__tf18StateGrappleThrow1,0x13e888,80,asm
game/HeliPickup,__10HeliPickupb,0x13e928,156,asm
game/HeliPickup,initAfterDbLoad__10HeliPickup,0x13e9c8,172,asm
game/HeliPickup,takeHit__10HeliPickupP8_fvectorfi,0x13ea78,296,asm
game/HeliPickup,grab__10HeliPickupi,0x13eba0,56,matched
game/HeliPickup,drop__10HeliPickup,0x13ebd8,60,matched
game/HeliPickup,kill__10HeliPickup,0x13ec18,168,asm
game/HeliPickup,update__10HeliPickup,0x13ecc0,288,asm
game/HeliPickup,regen__10HeliPickup,0x13ede0,80,asm
game/HeliPickup,updateAttackBehavior__10HeliPickupR7GamePad,0x13ee30,1464,asm
game/HeliPickup,enterState__10HeliPickupQ210HeliPickup5State,0x13f3e8,548,asm
game/HeliPickup,__tf10HeliPickup,0x13f648,80,asm
game/HeliPickup,getVel__10HeliPickup,0x13f698,8,matched
game/HeliVehicle,__11HeliVehicle,0x13f6a0,96,asm
game/HeliVehicle,setCs__11HeliVehicleP3_cs,0x13f700,52,matched
game/HeliVehicle,setPos__11HeliVehicleR8_fvector,0x13f738,24,asm
game/HeliVehicle,updateControls__11HeliVehicleR7GamePad,0x13f750,484,asm
game/HeliVehicle,updatePosition__11HeliVehicle,0x13f938,188,equivalent
game/HeliVehicle,updateCollision__11HeliVehicle,0x13f9f8,80,matched
game/HeliVehicle,updateElevator__11HeliVehiclef,0x13fa48,96,equivalent
game/HeliVehicle,updateHeading__11HeliVehiclef,0x13faa8,196,equivalent
game/HeliVehicle,updateTilt__11HeliVehicleff,0x13fb70,228,asm
game/HeliVehicle,orientUpToNormal__11HeliVehicleR8_fvectorf,0x13fc58,228,asm
game/HeliVehicleNav,__14HeliVehicleNavR11HeliVehicleP7PathNet,0x13fd40,52,asm
game/HeliVehicleNav,init__14HeliVehicleNav,0x13fd78,104,asm
game/HeliVehicleNav,update__14HeliVehicleNavR7GamePad,0x13fde0,440,asm
game/HeliVehicleNav,updateSteering__14HeliVehicleNavR7GamePad,0x13ff98,480,asm
game/HeliVehicleNav,disable__14HeliVehicleNav,0x140178,8,asm
game/HeliVehicleNav,wander__14HeliVehicleNav,0x140180,116,asm
game/HeliVehicleNav,pinWander__14HeliVehicleNavR8_fvectorf,0x1401f8,140,asm
game/HeliVehicleNav,seek__14HeliVehicleNavR8_fvectorf,0x140288,28,asm
game/HeliVehicleNav,target__14HeliVehicleNavR8_fvector,0x1402a8,16,asm
game/HeliVehicleNav,updateSeek__14HeliVehicleNav,0x1402b8,364,asm
game/HeliVehicleNav,targetPin__14HeliVehicleNavR8_fvector,0x140428,264,asm
game/HeliVehicleNav,flee__14HeliVehicleNavR8_fvectorff,0x140530,128,asm
game/HeliVehicleNav,updateFlee__14HeliVehicleNav,0x1405b0,200,asm
game/HeliVehicleNav,tiltTo__14HeliVehicleNavR8_fvector,0x140678,68,asm
game/HeliVehicleNav,faceTo__14HeliVehicleNavR8_fvectorf,0x1406c0,160,asm
game/HeliVehicleNav,faceVel__14HeliVehicleNav,0x140760,100,asm
game/HeliVehicleNav,elevateTo__14HeliVehicleNavff,0x1407c8,168,asm
game/HeliVehicleNav,unalignedAvoid__14HeliVehicleNav,0x140870,1248,asm
game/HeliVehicleNav,avoidBubble__14HeliVehicleNav,0x140d50,368,asm
game/HeliVehicleNav,followPath__14HeliVehicleNav,0x140ec0,648,asm
game/HeliVehicleNav,nextPathPoint__14HeliVehicleNav,0x141148,188,asm
game/HeliVehicleNav,computePathInfo__14HeliVehicleNavP8PathNodeP4Path,0x141208,132,asm
game/HeliVehicleNav,getRandPath__14HeliVehicleNav,0x141290,184,asm
game/HeliVehicleNav,getSeekPath__14HeliVehicleNavR8_fvector,0x141348,352,asm
game/HeliVehicleNav,getFleePath__14HeliVehicleNavR8_fvector,0x1414a8,352,asm
game/HomingBug,init__9HomingBug,0x141608,276,asm
game/HomingBug,addInstance__9HomingBugP9_hierhead,0x141720,60,asm
game/HomingBug,getInstance__9HomingBugP7Monster,0x141760,76,asm
game/HomingBug,isAvailable__9HomingBugP7Monster,0x1417b0,64,asm
game/HomingBug,initAfterDbLoad__9HomingBug,0x1417f0,80,asm
game/HomingBug,__9HomingBug,0x141840,92,asm
game/HomingBug,registerModel__9HomingBugP9_hierhead,0x1418a0,164,asm
game/HomingBug,initAfter__9HomingBug,0x141948,124,asm
game/HomingBug,spawn__9HomingBug,0x1419c8,212,asm
game/HomingBug,launch__9HomingBugP7Monster,0x141aa0,500,asm
game/HomingBug,update__9HomingBug,0x141c98,380,asm
game/HomingBug,updateOrientFromDir__9HomingBugR8_fvector,0x141e18,236,asm
game/HomingBug,takeHit__9HomingBugP8_fvectorfi,0x141f08,104,asm
game/HomingBug,updateSeek__9HomingBug,0x141f70,1812,asm
game/HomingBug,checkAttach__9HomingBug,0x142688,128,asm
game/HomingBug,attach__9HomingBug,0x142708,516,asm
game/HomingBug,updateAttached__9HomingBug,0x142910,408,asm
game/HomingBug,updateFalling__9HomingBug,0x142aa8,340,asm
game/HomingBug,disable__9HomingBug,0x142c00,204,asm
game/HomingBug,findTarget__9HomingBugR8_fvectorT1ff,0x142cd0,284,asm
game/HomingBug,inView__9HomingBugP7Monsterffb,0x142df0,200,asm
game/HomingBug,__static_initialization_and_destruction_0,0x142eb8,100,asm
game/HomingBug,__tf9HomingBug,0x142f68,80,asm
game/HomingBug,update__9HomingBugPv,0x142fb8,28,asm
game/HomingBug,_GLOBAL_$I$_9HomingBug$s_numBugs,0x143018,32,asm
game/Hud,initBefore__3Hudi,0x143038,332,asm
game/Hud,initAfter__3Hudi,0x143188,1036,asm
game/Hud,initForReplay__3Hud,0x143598,256,asm
game/Hud,update__3Hud,0x143698,3588,asm
game/Hud,parseHudElements__3HudP9_hierhead,0x1444a0,512,asm
game/Hud,print__3Hud,0x1446a0,8,asm
game/Hud,buildPacketHead__3HudP6QwData,0x1446a8,120,asm
game/Hud,dmaPacket__3Hud,0x144720,116,asm
game/Hud,buildSeparator__3Hud,0x144798,432,asm
game/Hud,addHealthIndicators__3Hud,0x144948,1120,asm
game/Hud,drawHealthIcon__3HudP7Monsteri,0x144da8,1272,asm
game/Hud,drawBossHealthBar__3Hudf,0x1452a0,576,asm
game/Hud,registerComboHit__3Hud,0x1454e0,224,asm
game/Hud,registerStaminaCredit__3Hudi,0x1455c0,308,asm
game/Hud,registerHealthCredit__3Hudi,0x1456f8,212,asm
game/Hud,addMessage__3Hudii,0x1457d0,536,asm
game/Hud,updateMessage__3Hud,0x1459e8,1420,asm
game/Hud,addTextBoxMessage__3Hudi,0x145f78,184,asm
game/Hud,updateTextBoxMessage__3Hud,0x146030,3592,asm
game/Hud,initBefore__12Letterboxing,0x146e38,16,asm
game/Hud,initAfter__12Letterboxing,0x146e48,88,asm
game/Hud,setEnabled__12Letterboxingb,0x146ea0,312,asm
game/Hud,setLetterboxCS__12LetterboxingP9_hierhead,0x146fd8,48,asm
game/Hud,update__12Letterboxing,0x147008,268,asm
game/Hud,__static_initialization_and_destruction_0,0x147118,40,asm
game/Hud,_GLOBAL_$I$gLowStaminaThreshold,0x147140,32,asm
game/Interactives,init__12Interactives,0x147160,56,equivalent
game/Interactives,addInteractive__12InteractivesP13DbInteractive,0x147198,44,equivalent
game/Interactives,setInteractive__12InteractivesiP13DbInteractive,0x1471c8,24,matched
game/Interactives,getInteractive__12Interactivesi,0x1471e0,96,matched
game/Interactives,dispatchHit__12InteractivesP8_fvectorfii,0x147240,92,asm
game/Interactives,create__8HitEvent,0x1472a0,56,asm
game/Interactives,__10HitHistory,0x1472d8,16,matched
game/Interactives,reset__10HitHistory,0x1472e8,12,equivalent
game/Interactives,newHit__10HitHistoryib,0x1472f8,208,asm
game/Interactives,creditHit__11HurtHistoryif,0x1473c8,132,asm
game/island,islandInitBefore__Fv,0x147450,48,matched
game/island,islandInitAfter__Fv,0x147480,272,asm
game/island,islandUpdate__Fv,0x147590,656,asm
game/island,islandEruptVolcano__Fii,0x147820,452,equivalent
game/island,islandFireLava__FP8_fvectori,0x1479e8,300,matched
game/island,__static_initialization_and_destruction_0,0x147b18,48,asm
game/island,_GLOBAL_$I$islandInitBefore__Fv,0x147b48,32,asm
game/McFile,__9McMessage,0x147b68,60,asm
game/McFile,updateSync__9McMessageR7McState,0x147ba8,60,asm
game/McFile,updateAsync__9McMessageR7McState,0x147be8,60,asm
game/McFile,__10McLoadFile,0x147c28,36,asm
game/McFile,setFile__10McLoadFilePcPvi,0x147c50,16,asm
game/McFile,updateSync__10McLoadFileR7McState,0x147c60,232,asm
game/McFile,updateAsync__10McLoadFileR7McState,0x147d48,328,asm
game/McFile,__10McSaveFile,0x147e90,36,asm
game/McFile,setFile__10McSaveFilePcPvi,0x147eb8,16,asm
game/McFile,updateSync__10McSaveFileR7McState,0x147ec8,208,asm
game/McFile,updateAsync__10McSaveFileR7McState,0x147f98,328,asm
game/McFile,__19McListRootDirectory,0x1480e0,28,asm
game/McFile,updateSync__19McListRootDirectoryR7McState,0x148100,252,asm
game/McFile,updateAsync__19McListRootDirectoryR7McState,0x148200,300,asm
game/McFile,findFile__19McListRootDirectoryPc,0x148330,124,asm
game/McFile,__15McDoesFileExist,0x1483b0,32,asm
game/McFile,updateSync__15McDoesFileExistR7McState,0x1483d0,104,asm
game/McFile,updateAsync__15McDoesFileExistR7McState,0x148438,152,asm
game/McFile,updateSync__13McUpdateStateR7McState,0x1484d0,184,asm
game/McFile,updateAsync__13McUpdateStateR7McState,0x148588,232,asm
game/McFile,updateSync__8McFormatR7McState,0x148670,96,asm
game/McFile,updateAsync__8McFormatR7McState,0x1486d0,152,asm
game/McFile,createIconSysSync__FR7McState,0x148768,540,asm
game/McFile,createIconSysAsync__FR7McStateRi,0x148988,780,asm
game/McFile,updateSync__14McScrambleIconR7McState,0x148c98,276,asm
game/McFile,updateAsync__14McScrambleIconR7McState,0x148db0,416,asm
game/McFile,checkForFilesSync__14McSetupGameDirR7McState,0x148f50,232,asm
game/McFile,checkForFilesAsync__14McSetupGameDirR7McStateRi,0x149038,284,asm
game/McFile,doesFileExist__14McSetupGameDirPc,0x149158,124,asm
game/McFile,updateSync__14McSetupGameDirR7McState,0x1491d8,268,asm
game/McFile,updateAsync__14McSetupGameDirR7McState,0x1492e8,460,asm
game/McFile,createIconFileAsync__14McSetupGameDirR7McStateRi,0x1494b8,528,asm
game/McFile,createIconFile__14McSetupGameDirR7McState,0x1496c8,504,asm
game/McFile,__6McSync,0x1498c0,40,asm
game/McFile,clear__6McSync,0x1498e8,12,asm
game/McFile,addTask__6McSyncP6McTask,0x1498f8,32,asm
game/McFile,sync__6McSyncR7McState,0x149918,604,asm
game/McFile,__static_initialization_and_destruction_0,0x149b78,48,asm
game/McFile,getCardNum__7McState,0x149ba8,8,asm
game/McFile,clear__6McTask,0x149bb0,8,asm
game/McFile,updateIdle__6McTaskR7McState,0x149bb8,8,asm
game/McFile,__tf9McMessage,0x149bc0,80,asm
game/McFile,addString__9McMessagei,0x149c10,48,asm
game/McFile,clearStrings__9McMessage,0x149c40,28,asm
game/McFile,replaceMessage__9McMessageii,0x149c60,28,asm
game/McFile,updateIdle__9McMessageR7McState,0x149c80,40,asm
game/McFile,getNumItems__9McMessage,0x149ca8,8,asm
game/McFile,__tf10McLoadFile,0x149cb0,80,asm
game/McFile,__tf10McSaveFile,0x149d00,80,asm
game/McFile,__tf19McListRootDirectory,0x149d50,80,asm
game/McFile,__tf15McDoesFileExist,0x149da0,80,asm
game/McFile,__tf13McUpdateState,0x149df0,80,asm
game/McFile,__tf8McFormat,0x149e40,80,asm
game/McFile,__tf14McScrambleIcon,0x149e90,80,asm
game/McFile,__14McScrambleIcon,0x149ee0,28,asm
game/McFile,__tf14McSetupGameDir,0x149f00,80,asm
game/McFile,clear__14McSetupGameDir,0x149f50,12,asm
game/McFile,__tf6McTask,0x149f60,60,asm
game/McFile,_GLOBAL_$I$g_numCharsInTitleBeforeLineBreak,0x149fa0,32,asm
game/McPage,init__9McButtonsb,0x149fc0,44,asm
game/McPage,initButton__9McButtonsP9_hierhead,0x149ff0,204,asm
game/McPage,startFrame__9McButtonsv,0x14a0c0,100,asm
game/McPage,release__9McButtonsv,0x14a128,136,asm
game/McPage,drawButtonsForString__9McButtonsPciib,0x14a1b0,888,asm
game/McPage,init__7McStatei,0x14a528,84,asm
game/McPage,setPlayer__7McStateib,0x14a580,84,asm
game/McPage,setError__7McStateQ27McState6Errors,0x14a5d8,16,asm
game/McPage,__6McPage,0x14a5e8,112,asm
game/McPage,getString__6McPagei,0x14a658,24,asm
game/McPage,makeCurrentFont__Q26McPage8FontInfoi,0x14a670,88,asm
game/McPage,printString__6McPageiiRQ26McPage9MenuItemsbN54,0x14a6c8,240,asm
game/McPage,printStringCentered__6McPageiiRQ26McPage9MenuItemsbN54,0x14a7b8,240,asm
game/McPage,onEnter__6McPage,0x14a8a8,8,asm
game/McPage,reset__6McPage,0x14a8b0,12,asm
game/McPage,stateIsOk__6McPageR7McState,0x14a8c0,8,asm
game/McPage,update__6McPageR7McState,0x14a8c8,80,asm
game/McPage,updateMenuPos__6McPageR7McState,0x14a918,520,asm
game/McPage,checkForSelection__6McPageR7McState,0x14ab20,456,asm
game/McPage,setSelectStart__6McPage,0x14ace8,12,asm
game/McPage,onBack__6McPage,0x14acf8,36,asm
game/McPage,addString__6McPageibN42,0x14ad20,132,asm
game/McPage,addString__6McPagePcbN42,0x14ada8,132,asm
game/McPage,clearStrings__6McPage,0x14ae30,116,asm
game/McPage,replaceMessage__6McPageii,0x14aea8,44,asm
game/McPage,drawMenu__6McPage,0x14aed8,284,asm
game/McPage,setupShellFont__6McPage,0x14aff8,548,asm
game/McPage,setupInGameFont__6McPage,0x14b220,28,asm
game/McPage,onEnter__9McPageMgr,0x14b240,112,asm
game/McPage,onExit__9McPageMgr,0x14b2b0,152,asm
game/McPage,exitMgr__9McPageMgr,0x14b348,16,asm
game/McPage,globalInit__9McPageMgr,0x14b358,8,asm
game/McPage,initButton__9McPageMgrP9_hierhead,0x14b360,28,asm
game/McPage,update__9McPageMgr,0x14b380,516,asm
game/McPage,doStateUpdate__9McPageMgr,0x14b588,304,asm
game/McPage,doMonitorCardCheck__9McPageMgr,0x14b6b8,228,asm
game/McPage,addPage__9McPageMgrP6McPage,0x14b7a0,112,asm
game/McPage,getCurPage__9McPageMgr,0x14b810,48,asm
game/McPage,getPrevPage__9McPageMgr,0x14b840,48,asm
game/McPage,nextPage__9McPageMgr,0x14b870,136,asm
game/McPage,updateState__9McPageMgr,0x14b8f8,28,asm
game/McPage,prevPage__9McPageMgrb,0x14b918,220,asm
game/McPage,setStackIdx__9McPageMgrib,0x14b9f8,144,asm
game/McPage,init__12McBackground,0x14ba88,304,asm
game/McPage,onExit__12McBackground,0x14bbb8,148,asm
game/McPage,setDestDims__12McBackgroundfff,0x14bc50,16,asm
game/McPage,update__12McBackground,0x14bc60,996,asm
game/McPage,updatewithTextBox__12McBackgroundf,0x14c048,540,asm
game/McPage,init__9McTextBox,0x14c268,28,asm
game/McPage,update__9McTextBox,0x14c288,840,asm
game/McPage,addTextString__9McTextBoxPciibPQ26McPage8FontInfo,0x14c5d0,284,asm
game/McPage,setDontFade__9McTextBoxb,0x14c6f0,8,asm
game/McPage,__Q29McPageMgr5Input,0x14c6f8,88,asm
game/McPage,update__Q29McPageMgr5Input,0x14c750,312,asm
game/McPage,clear__Q29McPageMgr5Input,0x14c888,112,asm
game/McPage,__static_initialization_and_destruction_0,0x14c8f8,104,asm
game/McPage,__tf6McPage,0x14c968,60,asm
game/McPage,onExit__6McPage,0x14c9a8,8,asm
game/McPage,onSelection__6McPagei,0x14c9b0,8,asm
game/McPage,shouldSkipOnReturn__6McPage,0x14c9b8,8,asm
game/McPage,shouldMonitorCard__6McPage,0x14c9c0,8,asm
game/McPage,whichBackgroundPoly__6McPage,0x14c9c8,8,asm
game/McPage,shouldFadeBackground__6McPage,0x14c9d0,8,asm
game/McPage,shellBackgroundIsVisible__6McPage,0x14c9d8,8,asm
game/McPage,setBaseText__6McPagei,0x14c9e0,8,asm
game/McPage,resetMenuPos__6McPage,0x14c9e8,12,asm
game/McPage,getWasInitialized__6McPage,0x14c9f8,8,asm
game/McPage,setWasInitialized__6McPageb,0x14ca00,8,asm
game/McPage,getNumItems__6McPage,0x14ca08,8,asm
game/McPage,_GLOBAL_$I$_9McPageMgr$global,0x14ca10,32,asm
game/MilitaryFormation,__17MilitaryFormation,0x14ca30,60,asm
game/MilitaryFormation,setLeader__17MilitaryFormationP14MilitaryPickup,0x14ca70,48,asm
game/MilitaryFormation,addMember__17MilitaryFormationP14MilitaryPickup,0x14caa0,104,asm
game/MilitaryFormation,remove__17MilitaryFormationP14MilitaryPickup,0x14cb08,328,asm
game/MilitaryFormation,initFormation__17MilitaryFormation,0x14cc50,152,asm
game/MilitaryFormation,updatePositions__13LineFormation,0x14cce8,116,asm
game/MilitaryFormation,setLeader__12BoxFormationP14MilitaryPickup,0x14cd60,68,asm
game/MilitaryFormation,addMember__12BoxFormationP14MilitaryPickup,0x14cda8,252,asm
game/MilitaryFormation,remove__12BoxFormationP14MilitaryPickup,0x14cea8,580,asm
game/MilitaryFormation,updatePositions__12BoxFormation,0x14d0f0,356,asm
game/MilitaryFormation,reverseFormation__12BoxFormation,0x14d258,576,asm
game/MilitaryFormation,initFormation__12BoxFormation,0x14d498,468,asm
game/MilitaryFormation,find__12BoxFormationP14MilitaryPickupRiT2,0x14d670,148,asm
game/MilitaryFormation,__tf17MilitaryFormation,0x14d708,60,asm
game/MilitaryFormation,reverseFormation__17MilitaryFormation,0x14d748,8,asm
game/MilitaryFormation,getLeader__17MilitaryFormation,0x14d750,8,asm
game/MilitaryFormation,__tf13LineFormation,0x14d758,108,asm
game/MilitaryFormation,__13LineFormation,0x14d7c8,52,asm
game/MilitaryFormation,setSpacing__13LineFormationf,0x14d800,8,asm
game/MilitaryFormation,__tf12BoxFormation,0x14d808,108,asm
game/MilitaryFormation,__12BoxFormation,0x14d878,52,asm
game/MilitaryFormation,setWidth__12BoxFormationi,0x14d8b0,8,asm
game/MilitaryFormation,setSpacing__12BoxFormationff,0x14d8b8,12,asm
game/MilitaryFormation,get__12BoxFormationii,0x14d8c8,28,asm
game/MilitaryPickup,grab__14MilitaryPickupi,0x14d8e8,64,matched
game/MilitaryPickup,kill__14MilitaryPickup,0x14d928,72,matched
game/MilitaryPickup,breakFormation__14MilitaryPickup,0x14d970,52,asm
game/MilitaryPickup,__tf14MilitaryPickup,0x14d9e0,80,asm
game/MilitaryPickup,__14MilitaryPickup,0x14da30,52,asm
game/MilitaryPickup,getState__14MilitaryPickup,0x14da68,8,matched
game/MilitaryPickup,getFocus__14MilitaryPickup,0x14da70,8,matched
game/MilitaryPickup,leadFormation__14MilitaryPickup,0x14da78,8,matched
game/MilitaryPickup,followFormation__14MilitaryPickup,0x14da80,8,matched
game/MilitaryPickup,resignFormation__14MilitaryPickup,0x14da88,8,matched
game/MilitaryPickup,setFormation__14MilitaryPickupP17MilitaryFormation,0x14da90,8,matched
game/MilitaryPickup,setFormationPos__14MilitaryPickupR8_fvector,0x14da98,16,matched
game/MilitaryPickup,getFormationPos__14MilitaryPickup,0x14daa8,8,matched
game/MissileTruckPickup,__18MissileTruckPickup,0x14dab0,92,asm
game/MissileTruckPickup,initAfterDbLoad__18MissileTruckPickup,0x14db10,204,asm
game/MissileTruckPickup,setTrans__18MissileTruckPickupR8_fvector,0x14dbe0,72,matched
game/MissileTruckPickup,takeHit__18MissileTruckPickupP8_fvectorfi,0x14dc28,80,matched
game/MissileTruckPickup,drop__18MissileTruckPickup,0x14dc78,60,matched
game/MissileTruckPickup,kill__18MissileTruckPickup,0x14dcb8,124,asm
game/MissileTruckPickup,fire__18MissileTruckPickupR7GamePad,0x14dd38,116,asm
game/MissileTruckPickup,update__18MissileTruckPickup,0x14ddb0,316,asm
game/MissileTruckPickup,updateLeadBehavior__18MissileTruckPickupR7GamePad,0x14def0,196,asm
game/MissileTruckPickup,updateFollowBehavior__18MissileTruckPickupR7GamePad,0x14dfb8,28,matched
game/MissileTruckPickup,updateAttackBehavior__18MissileTruckPickupR7GamePad,0x14dfd8,772,asm
game/MissileTruckPickup,enterState__18MissileTruckPickupQ214MilitaryPickup5State,0x14e2e0,356,asm
game/MissileTruckPickup,leadFormation__18MissileTruckPickup,0x14e448,72,equivalent
game/MissileTruckPickup,followFormation__18MissileTruckPickup,0x14e490,76,matched
game/MissileTruckPickup,resignFormation__18MissileTruckPickup,0x14e4e0,36,matched
game/MissileTruckPickup,__tf18MissileTruckPickup,0x14e540,80,asm
game/MonkeyChains,init__12MonkeyChainsP7Monster,0x14e590,244,equivalent
game/MonkeyChains,update__12MonkeyChains,0x14e688,96,matched
game/MonkeyChains,init__Q212MonkeyChains5ChainP7MonsterP13_ParticleTypei,0x14e6e8,188,asm
game/MonkeyChains,update__Q212MonkeyChains5ChainP7Monster,0x14e7a8,740,asm
game/MonsterStates,collisTestCloseRangeAttack__20PunchSwipeConfigBaseiP7MonsterR10HitHistoryi,0x14ea90,1476,asm
game/MonsterStates,__12MonsterStateQ212MonsterState2IdUi,0x14f058,36,asm
game/MonsterStates,update__12MonsterState,0x14f080,48,asm
game/MonsterStates,handleCollis__12MonsterStateR9_hdResult,0x14f0b0,228,asm
game/MonsterStates,__11AttackStateQ212MonsterState2IdUi,0x14f198,64,asm
game/MonsterStates,creditStaminaForAttack__11AttackStatef,0x14f1d8,136,asm
game/MonsterStates,__9StateIdle,0x14f260,84,asm
game/MonsterStates,transitionInto__9StateIdle,0x14f2b8,48,asm
game/MonsterStates,chooseBaseIdle__9StateIdle,0x14f2e8,176,asm
game/MonsterStates,chooseFancyIdle__9StateIdle,0x14f398,128,asm
game/MonsterStates,update__9StateIdle,0x14f418,1104,asm
game/MonsterStates,startBaseAnim__9StateIdle11MonsterAnim,0x14f868,264,asm
game/MonsterStates,handlePreemption__9StateIdleP12MonsterState,0x14f970,12,asm
game/MonsterStates,__13StateBatSwipe,0x14f980,608,asm
game/MonsterStates,transitionOK__13StateBatSwipe,0x14fbe0,420,asm
game/MonsterStates,transitionInto__13StateBatSwipe,0x14fd88,220,asm
game/MonsterStates,update__13StateBatSwipe,0x14fe68,3500,asm
game/MonsterStates,startChain__13StateBatSwipeiiRQ213StateBatSwipe11SwipeConfig,0x150c18,944,asm
game/MonsterStates,handleCollis__13StateBatSwipeR9_hdResult,0x150fc8,28,asm
game/MonsterStates,handlePreemption__13StateBatSwipeP12MonsterState,0x150fe8,92,asm
game/MonsterStates,acceptHit__13StateBatSwipeR8HitEvent,0x151048,408,asm
game/MonsterStates,__10StateBlock,0x1511e0,124,asm
game/MonsterStates,transitionOK__10StateBlock,0x151260,80,asm
game/MonsterStates,transitionInto__10StateBlock,0x1512b0,224,asm
game/MonsterStates,chooseBlock__10StateBlock,0x151390,156,asm
game/MonsterStates,update__10StateBlock,0x151430,360,asm
game/MonsterStates,handleCollis__10StateBlockR9_hdResult,0x151598,40,asm
game/MonsterStates,handlePreemption__10StateBlockP12MonsterState,0x1515c0,20,asm
game/MonsterStates,autoBlock__10StateBlock,0x1515d8,112,asm
game/MonsterStates,isBlockable__10StateBlockR8HitEvent,0x151648,68,asm
game/MonsterStates,__10StateCatch,0x151690,140,asm
game/MonsterStates,transitionOK__10StateCatch,0x151720,124,asm
game/MonsterStates,transitionFeasible__10StateCatch,0x1517a0,904,asm
game/MonsterStates,transitionInto__10StateCatch,0x151b28,164,asm
game/MonsterStates,update__10StateCatch,0x151bd0,928,asm
game/MonsterStates,handlePreemption__10StateCatchP12MonsterState,0x151f70,12,asm
game/MonsterStates,__12StateCounter,0x151f80,160,asm
game/MonsterStates,transitionOK__12StateCounter,0x152020,108,asm
game/MonsterStates,transitionFeasible__12StateCounter,0x152090,84,asm
game/MonsterStates,transitionInto__12StateCounter,0x1520e8,232,asm
game/MonsterStates,update__12StateCounter,0x1521d0,612,asm
game/MonsterStates,acceptHit__12StateCounterR8HitEvent,0x152438,8,asm
game/MonsterStates,counterSuccess__12StateCounterR7MonsterR8_fvector,0x152440,516,asm
game/MonsterStates,handleCollis__12StateCounterR9_hdResult,0x152648,40,asm
game/MonsterStates,handlePreemption__12StateCounterP12MonsterState,0x152670,20,asm
game/MonsterStates,__14StateCountered,0x152688,84,asm
game/MonsterStates,transitionOK__14StateCountered,0x1526e0,16,asm
game/MonsterStates,transitionInto__14StateCountered,0x1526f0,116,asm
game/MonsterStates,update__14StateCountered,0x152768,148,asm
game/MonsterStates,handlePreemption__14StateCounteredP12MonsterState,0x152800,16,asm
game/MonsterStates,__10StateDeath,0x152810,72,asm
game/MonsterStates,transitionOK__10StateDeath,0x152858,384,asm
game/MonsterStates,transitionInto__10StateDeath,0x1529d8,1676,asm
game/MonsterStates,update__10StateDeath,0x153068,744,asm
game/MonsterStates,findVictor__10StateDeath,0x153350,156,asm
game/MonsterStates,handlePreemption__10StateDeathP12MonsterState,0x1533f0,64,asm
game/MonsterStates,setKiller__10StateDeathP7Monster,0x153430,20,asm
game/MonsterStates,__14StateGunAttack,0x153448,96,asm
game/MonsterStates,transitionOK__14StateGunAttack,0x1534a8,16,asm
game/MonsterStates,transitionInto__14StateGunAttack,0x1534b8,112,asm
game/MonsterStates,update__14StateGunAttack,0x153528,432,asm
game/MonsterStates,__16StateGetupAttack,0x1536d8,200,asm
game/MonsterStates,transitionOK__16StateGetupAttack,0x1537a0,92,asm
game/MonsterStates,transitionInto__16StateGetupAttack,0x153800,220,asm
game/MonsterStates,update__16StateGetupAttack,0x1538e0,1540,asm
game/MonsterStates,enterSubState__16StateGetupAttackQ216StateGetupAttack8SubState,0x153ee8,176,asm
game/MonsterStates,acceptHit__16StateGetupAttackR8HitEvent,0x153f98,344,asm
game/MonsterStates,__12StateImpaled,0x1540f0,116,asm
game/MonsterStates,transitionOK__12StateImpaled,0x154168,56,asm
game/MonsterStates,transitionInto__12StateImpaled,0x1541a0,316,asm
game/MonsterStates,update__12StateImpaled,0x1542e0,880,asm
game/MonsterStates,handleCollis__12StateImpaledR9_hdResult,0x154650,40,asm
game/MonsterStates,handlePreemption__12StateImpaledP12MonsterState,0x154678,88,asm
game/MonsterStates,__12StateJavelin,0x1546d0,84,asm
game/MonsterStates,transitionOK__12StateJavelin,0x154728,148,asm
game/MonsterStates,transitionInto__12StateJavelin,0x1547c0,84,asm
game/MonsterStates,update__12StateJavelin,0x154818,260,asm
game/MonsterStates,__10StatePunch,0x154920,668,asm
game/MonsterStates,transitionOK__10StatePunch,0x154bc0,548,asm
game/MonsterStates,transitionInto__10StatePunch,0x154de8,188,asm
game/MonsterStates,update__10StatePunch,0x154ea8,2372,asm
game/MonsterStates,startChain__10StatePunchiiRQ210StatePunch11PunchConfig,0x1557f0,932,asm
game/MonsterStates,playPunchEffect__10StatePunchR8_fvector,0x155b98,468,asm
game/MonsterStates,handleCollis__10StatePunchR9_hdResult,0x155d70,300,asm
game/MonsterStates,handlePreemption__10StatePunchP12MonsterState,0x155ea0,92,asm
game/MonsterStates,acceptHit__10StatePunchR8HitEvent,0x155f00,428,asm
game/MonsterStates,getFistSize__10StatePunch,0x1560b0,68,asm
game/MonsterStates,__11StatePickUp,0x1560f8,208,asm
game/MonsterStates,transitionOK__11StatePickUp,0x1561c8,124,asm
game/MonsterStates,transitionFeasible__11StatePickUp,0x156248,168,asm
game/MonsterStates,transitionInto__11StatePickUp,0x1562f0,432,asm
game/MonsterStates,update__11StatePickUp,0x1564a0,424,asm
game/MonsterStates,getAttachRegion__11StatePickUpR8_fvectorT1,0x156648,328,asm
game/MonsterStates,handlePreemption__11StatePickUpP12MonsterState,0x156790,12,asm
game/MonsterStates,__11StateRecoil,0x1567a0,156,asm
game/MonsterStates,init__11StateRecoilP7Monster,0x156840,56,asm
game/MonsterStates,getRecoilAnim__11StateRecoil,0x156878,512,asm
game/MonsterStates,transitionOK__11StateRecoil,0x156a78,72,asm
game/MonsterStates,transitionInto__11StateRecoil,0x156ac0,316,asm
game/MonsterStates,update__11StateRecoil,0x156c00,1188,asm
game/MonsterStates,acceptHit__11StateRecoilR8HitEvent,0x1570a8,68,asm
game/MonsterStates,handlePreemption__11StateRecoilP12MonsterState,0x1570f0,68,asm
game/MonsterStates,__12StateStunned,0x157138,116,asm
game/MonsterStates,transitionOK__12StateStunned,0x1571b0,48,asm
game/MonsterStates,transitionInto__12StateStunned,0x1571e0,488,asm
game/MonsterStates,update__12StateStunned,0x1573c8,680,asm
game/MonsterStates,handlePreemption__12StateStunnedP12MonsterState,0x157670,48,asm
game/MonsterStates,handleCollis__12StateStunnedR9_hdResult,0x1576a0,292,asm
game/MonsterStates,setStarsCs__12StateStunnedP3_cs,0x1577c8,12,asm
game/MonsterStates,updateStars__12StateStunned,0x1577d8,48,asm
game/MonsterStates,__10StateTaunt,0x157808,72,asm
game/MonsterStates,transitionOK__10StateTaunt,0x157850,88,asm
game/MonsterStates,transitionInto__10StateTaunt,0x1578a8,148,asm
game/MonsterStates,update__10StateTaunt,0x157940,400,asm
game/MonsterStates,__10StateThrow,0x157ad0,140,asm
game/MonsterStates,transitionOK__10StateThrow,0x157b60,200,asm
game/MonsterStates,transitionInto__10StateThrow,0x157c28,148,asm
game/MonsterStates,update__10StateThrow,0x157cc0,268,asm
game/MonsterStates,handlePreemption__10StateThrowP12MonsterState,0x157dd0,28,asm
game/MonsterStates,cancelOverride__10StateThrow,0x157df0,68,asm
game/MonsterStates,__19StateTwoHandedThrow,0x157e38,132,asm
game/MonsterStates,transitionOK__19StateTwoHandedThrow,0x157ec0,84,asm
game/MonsterStates,transitionFeasible__19StateTwoHandedThrow,0x157f18,136,asm
game/MonsterStates,transitionInto__19StateTwoHandedThrow,0x157fa0,292,asm
game/MonsterStates,update__19StateTwoHandedThrow,0x1580c8,488,asm
game/MonsterStates,handlePreemption__19StateTwoHandedThrowP12MonsterState,0x1582b0,8,asm
game/MonsterStates,__12StateShocked,0x1582b8,108,asm
game/MonsterStates,transitionOK__12StateShocked,0x158328,60,asm
game/MonsterStates,transitionInto__12StateShocked,0x158368,280,asm
game/MonsterStates,update__12StateShocked,0x158480,276,asm
game/MonsterStates,handlePreemption__12StateShockedP12MonsterState,0x158598,32,asm
game/MonsterStates,__16StateStompAttack,0x1585b8,192,asm
game/MonsterStates,transitionOK__16StateStompAttack,0x158678,80,asm
game/MonsterStates,transitionFeasible__16StateStompAttack,0x1586c8,300,asm
game/MonsterStates,transitionInto__16StateStompAttack,0x1587f8,84,asm
game/MonsterStates,update__16StateStompAttack,0x158850,776,asm
game/MonsterStates,startChain__16StateStompAttack,0x158b58,364,asm
game/MonsterStates,__16StateTazerAttack,0x158cc8,104,asm
game/MonsterStates,transitionOK__16StateTazerAttack,0x158d30,16,asm
game/MonsterStates,transitionInto__16StateTazerAttack,0x158d40,124,asm
game/MonsterStates,update__16StateTazerAttack,0x158dc0,512,asm
game/MonsterStates,launchProjectile__16StateTazerAttack,0x158fc0,164,asm
game/MonsterStates,__17StateShieldAttack,0x159068,208,asm
game/MonsterStates,transitionOK__17StateShieldAttack,0x159138,128,asm
game/MonsterStates,transitionFeasible__17StateShieldAttack,0x1591b8,16,asm
game/MonsterStates,transitionInto__17StateShieldAttack,0x1591c8,140,asm
game/MonsterStates,update__17StateShieldAttack,0x159258,1956,asm
game/MonsterStates,__12StateVictory,0x159a00,60,asm
game/MonsterStates,transitionOK__12StateVictory,0x159a40,368,asm
game/MonsterStates,transitionInto__12StateVictory,0x159bb0,364,asm
game/MonsterStates,update__12StateVictory,0x159d20,276,asm
game/MonsterStates,fade__12StateVictory,0x159e38,112,asm
game/MonsterStates,__15StateBigTakeHit,0x159ea8,60,asm
game/MonsterStates,transitionOK__15StateBigTakeHit,0x159ee8,16,asm
game/MonsterStates,transitionInto__15StateBigTakeHit,0x159ef8,88,asm
game/MonsterStates,update__15StateBigTakeHit,0x159f50,152,asm
game/MonsterStates,damageToPickup__20PunchSwipeConfigBase,0x159fe8,12,asm
game/MonsterStates,damageCaused__20PunchSwipeConfigBase,0x159ff8,12,asm
game/MonsterStates,__tf12MonsterState,0x15a008,60,asm
game/MonsterStates,init__12MonsterStateP7Monster,0x15a048,8,asm
game/MonsterStates,transitionInto__12MonsterState,0x15a050,8,asm
game/MonsterStates,transitionOK__12MonsterState,0x15a058,40,asm
game/MonsterStates,transitionFeasible__12MonsterState,0x15a080,8,asm
game/MonsterStates,acceptHit__12MonsterStateR8HitEvent,0x15a088,8,asm
game/MonsterStates,handlePreemption__12MonsterStateP12MonsterState,0x15a090,8,asm
game/MonsterStates,getFieldsInState__12MonsterState,0x15a098,8,asm
game/MonsterStates,getStateId__12MonsterState,0x15a0a0,8,asm
game/MonsterStates,getCaps__12MonsterState,0x15a0a8,8,asm
game/MonsterStates,setCaps__12MonsterStateUs,0x15a0b0,20,asm
game/MonsterStates,clearCaps__12MonsterStateUs,0x15a0c8,24,asm
game/MonsterStates,hasCaps__12MonsterStateUi,0x15a0e0,20,asm
game/MonsterStates,getMon__12MonsterState,0x15a0f8,8,asm
game/MonsterStates,__tf9StateIdle,0x15a180,108,asm
game/MonsterStates,__tfQ213StateBatSwipe11SwipeConfig,0x15a1f0,80,asm
game/MonsterStates,__tf13StateBatSwipe,0x15a240,152,asm
game/MonsterStates,damageToPickup__Q213StateBatSwipe11SwipeConfig,0x15a2d8,8,asm
game/MonsterStates,getAttackTrans__13StateBatSwipe,0x15a2e0,44,asm
game/MonsterStates,getRecvrTransMod__13StateBatSwipe,0x15a310,40,asm
game/MonsterStates,getRecoilFields__13StateBatSwipe,0x15a338,40,asm
game/MonsterStates,getHitPause__13StateBatSwipe,0x15a360,40,asm
game/MonsterStates,getSphereRadius__13StateBatSwipe,0x15a388,8,asm
game/MonsterStates,getDamageMod__13StateBatSwipe,0x15a390,40,asm
game/MonsterStates,getCurrentAnim__13StateBatSwipe,0x15a3b8,40,asm
game/MonsterStates,getCurrentConfig__13StateBatSwipe,0x15a3e0,40,asm
game/MonsterStates,getCurrentSwipe__13StateBatSwipe,0x15a408,8,asm
game/MonsterStates,getFieldsInConfig__13StateBatSwipe,0x15a410,8,asm
game/MonsterStates,getCounterStartField__13StateBatSwipe,0x15a418,8,asm
game/MonsterStates,getCounterEndField__13StateBatSwipe,0x15a420,8,asm
game/MonsterStates,getTier__13StateBatSwipe,0x15a428,8,asm
game/MonsterStates,isWindingDown__13StateBatSwipe,0x15a430,8,asm
game/MonsterStates,inCollisionWindow__13StateBatSwipe,0x15a438,8,asm
game/MonsterStates,inCounterableWindow__13StateBatSwipe,0x15a440,8,asm
game/MonsterStates,inWindUp__13StateBatSwipe,0x15a448,40,asm
game/MonsterStates,inWindDown__13StateBatSwipe,0x15a470,8,asm
game/MonsterStates,isStunHit__13StateBatSwipe,0x15a478,76,asm
game/MonsterStates,isKnockbackHit__13StateBatSwipe,0x15a4c8,92,asm
game/MonsterStates,__tf10StateBlock,0x15a528,108,asm
game/MonsterStates,isBlocking__10StateBlock,0x15a598,8,asm
game/MonsterStates,__tf10StateCatch,0x15a5a0,108,asm
game/MonsterStates,__tf12StateCounter,0x15a610,108,asm
game/MonsterStates,getCounterStartField__12StateCounter,0x15a680,8,asm
game/MonsterStates,getCounterEndField__12StateCounter,0x15a688,8,asm
game/MonsterStates,__tf14StateCountered,0x15a690,108,asm
game/MonsterStates,__tf10StateDeath,0x15a700,108,asm
game/MonsterStates,getKiller__10StateDeath,0x15a770,8,asm
game/MonsterStates,__tf16StateGetupAttack,0x15a778,108,asm
game/MonsterStates,__tf14StateGunAttack,0x15a7e8,152,asm
game/MonsterStates,__tf12StateImpaled,0x15a880,108,asm
game/MonsterStates,__tf12StateJavelin,0x15a8f0,152,asm
game/MonsterStates,__tf11StatePickUp,0x15a988,108,asm
game/MonsterStates,__tfQ210StatePunch11PunchConfig,0x15a9f8,80,asm
game/MonsterStates,__tf10StatePunch,0x15aa48,152,asm
game/MonsterStates,damageCaused__Q210StatePunch11PunchConfig,0x15aae0,8,asm
game/MonsterStates,getAttackTrans__10StatePunch,0x15aae8,44,asm
game/MonsterStates,getRecvrTransMod__10StatePunch,0x15ab18,40,asm
game/MonsterStates,getRecoilFields__10StatePunch,0x15ab40,40,asm
game/MonsterStates,getHitPause__10StatePunch,0x15ab68,40,asm
game/MonsterStates,getSphereRadius__10StatePunch,0x15ab90,8,asm
game/MonsterStates,getTier__10StatePunch,0x15ab98,8,asm
game/MonsterStates,getCurrentAnim__10StatePunch,0x15aba0,40,asm
game/MonsterStates,getCurrentPunch__10StatePunch,0x15abc8,8,asm
game/MonsterStates,getFieldsInConfig__10StatePunch,0x15abd0,8,asm
game/MonsterStates,getCounterStartField__10StatePunch,0x15abd8,8,asm
game/MonsterStates,getCounterEndField__10StatePunch,0x15abe0,8,asm
game/MonsterStates,setPunchEffect__10StatePunch4FxId,0x15abe8,8,asm
game/MonsterStates,getPunchEffect__10StatePunch,0x15abf0,8,asm
game/MonsterStates,isStunHit__10StatePunch,0x15abf8,72,asm
game/MonsterStates,isKnockbackHit__10StatePunch,0x15ac40,116,asm
game/MonsterStates,isWindingDown__10StatePunch,0x15acb8,8,asm
game/MonsterStates,inCollisionWindow__10StatePunch,0x15acc0,8,asm
game/MonsterStates,inCounterableWindow__10StatePunch,0x15acc8,8,asm
game/MonsterStates,inWindUp__10StatePunch,0x15acd0,40,asm
game/MonsterStates,inWindDown__10StatePunch,0x15acf8,8,asm
game/MonsterStates,getCurrentConfig__10StatePunch,0x15ad00,40,asm
game/MonsterStates,__tf11StateRecoil,0x15ad28,108,asm
game/MonsterStates,setTransDirection__11StateRecoilR8_fvector,0x15ad98,32,asm
game/MonsterStates,setTransDelta__11StateRecoilf,0x15adb8,8,asm
game/MonsterStates,setHitDirection__11StateRecoilR8_fvector,0x15adc0,16,asm
game/MonsterStates,setRecoilFields__11StateRecoilf,0x15add0,8,asm
game/MonsterStates,setHitPause__11StateRecoilf,0x15add8,8,asm
game/MonsterStates,setHitSource__11StateRecoili,0x15ade0,8,asm
game/MonsterStates,setHitType__11StateRecoili,0x15ade8,8,asm
game/MonsterStates,isBlocking__11StateRecoil,0x15adf0,8,asm
game/MonsterStates,isStaggering__11StateRecoil,0x15adf8,16,asm
game/MonsterStates,getBlendTime__11StateRecoil,0x15ae08,8,asm
game/MonsterStates,__tf12StateStunned,0x15ae10,108,asm
game/MonsterStates,getStarsCs__12StateStunned,0x15ae80,8,asm
game/MonsterStates,setRecoilFirst__12StateStunnedb,0x15ae88,8,asm
game/MonsterStates,__tf10StateTaunt,0x15ae90,108,asm
game/MonsterStates,__tf10StateThrow,0x15af00,152,asm
game/MonsterStates,__tf19StateTwoHandedThrow,0x15af98,152,asm
game/MonsterStates,__tf12StateShocked,0x15b030,108,asm
game/MonsterStates,setDamage__12StateShockedf,0x15b0a0,8,asm
game/MonsterStates,__tf16StateStompAttack,0x15b0a8,152,asm
game/MonsterStates,__tf16StateTazerAttack,0x15b140,152,asm
game/MonsterStates,launchProjectile__16StateTazerAttackPv,0x15b1d8,28,asm
game/MonsterStates,__tf17StateShieldAttack,0x15b1f8,152,asm
game/MonsterStates,__tf15StateBigTakeHit,0x15b290,108,asm
game/MonsterStates,__tf12StateVictory,0x15b300,108,asm
game/MonsterStates,acceptHit__12StateVictoryR8HitEvent,0x15b370,8,asm
game/MonsterStates,getVictoryAnim__12StateVictory,0x15b378,8,asm
game/MonsterStates,fade__12StateVictoryPv,0x15b380,28,asm
game/MonsterStates,__tf20PunchSwipeConfigBase,0x15b3a0,60,asm
game/Monster,setWaterLevel__Ff,0x15b3e0,8,matched
game/Monster,getWaterLevel__Fv,0x15b3e8,8,matched
game/Monster,isUnderwater__Ff,0x15b3f0,32,matched
game/Monster,recomputeDynamics__7Monster,0x15b410,80,matched
game/Monster,playerUpdateInputs__7Monster,0x15b460,36,matched
game/Monster,update__7Monster,0x15b488,1216,equivalent
game/Monster,startCinema__7Monster,0x15b948,200,matched
game/Monster,updateCinema__7Monster,0x15ba10,308,equivalent
game/Monster,endCinema__7Monster,0x15bb48,28,matched
game/Monster,updateBoundingSphere__7Monster,0x15bb68,956,asm
game/Monster,updateReticle__7Monster,0x15bf28,1004,asm
game/Monster,setReticles__7Monsteri,0x15c318,376,matched
game/Monster,setTrans__7MonsterR8_fvector,0x15c490,128,asm
game/Monster,setRot__7Monsterfff,0x15c510,108,matched
game/Monster,setMat__7MonsterRA3_A3_f,0x15c580,84,matched
game/Monster,setEnvMapping__7Monster,0x15c5d8,44,matched
game/Monster,clearEnvMapping__7Monster,0x15c608,40,matched
game/Monster,updateShadow__7Monster,0x15c630,416,asm
game/Monster,calcGlowIntensity__Fiii,0x15c7d0,112,matched
game/Monster,updatePowerUpGlow__7Monster,0x15c840,2076,asm
game/Monster,updateBoostAndRage__7Monster,0x15d060,712,asm
game/Monster,updateLock__7Monster19MonsterReticleState,0x15d328,2632,asm
game/Monster,updateLookAt__7Monster,0x15dd70,1008,asm
game/Monster,updateAirLegOverride__7Monster,0x15e160,500,asm
game/Monster,updateAnimContacts__7Monsterb,0x15e358,1048,asm
game/Monster,getStaminaGain__7Monster,0x15e770,76,matched
game/Monster,getTarget__7MonsterR8_fvectorb,0x15e7c0,184,asm
game/Monster,throwPickup__7Monsterif,0x15e878,88,matched
game/Monster,dropPickup__7Monster,0x15e8d0,180,asm
game/Monster,launchDefaultProjectile__7Monsteri,0x15e988,684,asm
game/Monster,updateDefaultProjectile__7Monster,0x15ec38,628,asm
game/Monster,updatePosition__7Monster,0x15eeb0,408,asm
game/Monster,takeHit__7MonsterP8_fvectorfi,0x15f048,3576,asm
game/Monster,takeDamage__7MonsterfbP7Monster,0x15fe40,532,asm
game/Monster,takeAdditiveRecoil__7MonsterR8_fvectorf,0x160058,368,asm
game/Monster,knockBack__7MonsterR8_fvectorff,0x1601c8,628,asm
game/Monster,blowUpMonster__7MonsterP7Monster,0x160440,156,matched
game/Monster,updateDeathSequence__7Monster,0x1604e0,88,matched
game/Monster,registerComboHit__7MonsterP7Monster,0x160538,104,matched
game/Monster,getClosestMonster__7Monsterf,0x1605a0,188,equivalent
game/Monster,getClosestMonster2D__7Monsterf,0x160660,188,equivalent
game/Monster,getClosestMonster__7Monsteriif,0x160720,192,equivalent
game/Monster,getClosestMonsterWithLos__7Monsterf,0x1607e0,200,equivalent
game/Monster,getClosestMonsterToOrientation__7Monsterff,0x1608a8,276,equivalent
game/Monster,getClosestMonsterToOrientation__7Monsteriiff,0x1609c0,404,asm
game/Monster,getClosestMonsterToPunch__7Monsterfff,0x160b58,976,asm
game/Monster,getClosestMonsterInFOV__7MonsterR8_fvectorfT1fRf,0x160f28,600,asm
game/Monster,getClosestTargetable__7MonsterUsbff,0x161180,36,matched
game/Monster,getClosestTargetable__7MonsterUsbfff,0x1611a8,1532,asm
game/Monster,getLookAtTarget__7Monster,0x1617a8,428,asm
game/Monster,getDestructibleFromReticle__7Monsterf,0x161958,172,asm
game/Monster,addAttachment__7MonsterP9_hierhead,0x161a08,640,asm
game/Monster,handleAction__7MonsterP15ActAiNavigation,0x161c88,8,matched
game/Monster,attachPickupImpaler__7MonsterGQ2t10LinkedList1ZP6Pickup8IteratorP8_fvector,0x161c90,428,asm
game/Monster,detachPickupImpaler__7Monsterb,0x161e40,104,matched
game/Monster,dropPickupImpaler__7Monster,0x161ea8,80,matched
game/Monster,handleLocator__7MonsterUiRA3_A3_fP8_fvector,0x161ef8,716,asm
game/Monster,enterNewState__7MonsterP12MonsterState,0x1621c8,588,asm
game/Monster,landingShake__7Monster,0x162418,8,matched
game/Monster,getCollisionDamage__7Monsterf,0x162420,20,matched
game/Monster,creditStamina__7Monsterfb,0x162438,312,equivalent
game/Monster,creditHealth__7Monsterf,0x162570,112,matched
game/Monster,breathFire__7Monster,0x1625e0,76,matched
game/Monster,lightOnFire__7Monsterffi,0x162630,124,matched
game/Monster,updateOnFire__7Monster,0x1626b0,260,matched
game/Monster,startShocking__7Monsterff,0x1627b8,12,matched
game/Monster,updateBeingShocked__7Monster,0x1627c8,608,asm
game/Monster,startBeingImpaled__7Monsterff,0x162a28,8,matched
game/Monster,isHolding__7Monster,0x162a30,36,matched
game/Monster,isHoldingLarge__7Monster,0x162a58,60,equivalent
game/Monster,isBlocking__7Monster,0x162a98,64,equivalent
game/Monster,isIdle__7MonsterUi,0x162ad8,100,equivalent
game/Monster,inCameraFov__7MonsterR8_fvectorT1,0x162b40,52,matched
game/Monster,hasPinTarget__7Monster,0x162b78,32,matched
game/Monster,updateClosestPath__7Monster,0x162b98,104,matched
game/Monster,okToDrawReticle__7Monster,0x162c00,204,asm
game/Monster,setCloakOn__7Monster,0x162cd0,84,matched
game/Monster,setCloakOff__7Monster,0x162d28,36,matched
game/Monster,attachFxToHandle__FPiP8_fvectorUi,0x162d50,92,matched
game/Monster,updateWaterWake__7Monsterfb,0x162db0,224,equivalent
game/Monster,cleanUpForMovie__7Monster,0x162e90,116,equivalent
game/Monster,setShadowOnOff__7Monsterb,0x162f08,80,matched
game/Monster,setSecondaryShadowBlocker__7MonsterP3_cs,0x162f58,36,equivalent
game/Monster,drainSpecial__7Monster,0x162f80,68,equivalent
game/Monster,isSpecialAvailable__C7Monster,0x162fc8,56,equivalent
game/Monster,__tf7Monster,0x163028,80,asm
game/Monster,__7Monster,0x163078,956,asm
game/Monster,updateTurn__7Monsterb,0x163438,28,matched
game/Monster,updateMove__7Monsterb,0x163458,28,matched
game/Monster,stopFireBreath__7Monster,0x163478,28,matched
game/Monster,putOutFire__7Monster,0x163498,8,matched
game/Monster,getMotionRot__7Monster,0x1634a0,8,matched
game/Monster,getPrevTrans__7Monster,0x1634a8,8,matched
game/Monster,getPrevMat__7Monster,0x1634b0,8,matched
game/Monster,getLocatorTrans__7Monsteri,0x1634b8,16,matched
game/Monster,getLocatorMat__7Monsteri,0x1634c8,28,matched
game/Monster,getPinTrans__7Monster,0x1634e8,8,matched
game/Monster,getLookAtTrans__7Monster,0x1634f0,8,matched
game/Monster,getAnim__7Monster11MonsterAnim,0x1634f8,16,matched
game/Monster,getDynamics__7Monster,0x163508,8,matched
game/Monster,getVel__7Monster,0x163510,8,matched
game/Monster,getPickup__7Monster,0x163518,8,matched
game/Monster,getImpaler__7Monster,0x163520,8,matched
game/Monster,getReverseImpaler__7Monster,0x163528,8,matched
game/Monster,getGrapplee__7Monster,0x163530,8,matched
game/Monster,getGrappler__7Monster,0x163538,8,matched
game/Monster,getGrappleAttempt__7Monster,0x163540,8,matched
game/Monster,getBeamVictim__7Monster,0x163548,8,matched
game/Monster,getKiller__7Monster,0x163550,16,equivalent
game/Monster,getPinTarget__7Monster,0x163560,8,matched
game/Monster,getPinTime__7Monster,0x163568,8,matched
game/Monster,getPlayerInfo__7Monster,0x163570,8,matched
game/Monster,getAi__7Monster,0x163578,8,matched
game/Monster,getReticleCS__7Monster,0x163580,8,matched
game/Monster,getStickyReticleCS__7Monster,0x163588,8,matched
game/Monster,getShadow__7Monster,0x163590,8,matched
game/Monster,getFireBreath__7Monster,0x163598,8,matched
game/Monster,getMonsterSound__7Monster,0x1635a0,8,matched
game/Monster,getStaminaMeter__7Monster,0x1635a8,8,matched
game/Monster,getHealthMeter__7Monster,0x1635b0,8,matched
game/Monster,getLeadVec__7Monster,0x1635b8,8,matched
game/Monster,getAutoLeadMovesReticle__7Monster,0x1635c0,8,matched
game/Monster,getReticleLosResult__7Monster,0x1635c8,8,matched
game/Monster,getShadowHDResult__7Monster,0x1635d0,8,matched
game/Monster,getClosestPath__7Monster,0x1635d8,8,matched
game/Monster,getReticleState__C7Monster,0x1635e0,8,matched
game/Monster,getEnemyInfo__7MonsterR7Monster,0x1635e8,28,matched
game/Monster,getState__7Monster,0x163608,8,matched
game/Monster,getStateId__7Monster,0x163610,12,matched
game/Monster,getPrevStateId__7Monster,0x163620,12,matched
game/Monster,getCameraData__7MonsteriQ26Camera9CameraPOV,0x163630,32,matched
game/Monster,getType__C7Monster,0x163650,8,matched
game/Monster,getIndex__C7Monster,0x163658,8,matched
game/Monster,getName__C7Monster,0x163660,8,matched
game/Monster,getDupId__C7Monster,0x163668,8,matched
game/Monster,getNumInits__C7Monster,0x163670,8,matched
game/Monster,getMonsterNum__C7Monster,0x163678,8,matched
game/Monster,getSkinNum__C7Monster,0x163680,8,matched
game/Monster,getSpeed__7Monster,0x163688,8,matched
game/Monster,getHealth__7Monster,0x163690,8,matched
game/Monster,getMaxHealth__7Monster,0x163698,8,matched
game/Monster,getStamina__7Monster,0x1636a0,8,matched
game/Monster,getHeight__C7Monster,0x1636a8,16,matched
game/Monster,getWidth__C7Monster,0x1636b8,8,matched
game/Monster,getCameraThatFollows__C7Monster,0x1636c0,8,matched
game/Monster,getWinsThisGame__C7Monster,0x1636c8,8,matched
game/Monster,getClimbSpeed__C7Monster,0x1636d0,8,matched
game/Monster,getClimbStrafeSpeed__C7Monster,0x1636d8,8,matched
game/Monster,getFallTime__C7Monster,0x1636e0,8,matched
game/Monster,getGroundHeight__C7Monster,0x1636e8,12,matched
game/Monster,getHeightAboveCOG__C7Monster,0x1636f8,8,matched
game/Monster,getRunTime__C7Monster,0x163700,8,matched
game/Monster,getPlayerAiOrFodderNum__C7Monster,0x163708,8,matched
game/Monster,getIsCameraFollowingThisMonster__7Monster,0x163710,8,matched
game/Monster,puPunchDamageMod__C7Monster11ePickupType,0x163718,16,matched
game/Monster,puLaunchDamageMod__C7Monster11ePickupType,0x163728,16,matched
game/Monster,puDurationMod__C7Monster11ePickupType,0x163738,16,matched
game/Monster,puSpeedMod__C7Monster11ePickupType,0x163748,16,matched
game/Monster,getDpDamage__C7Monster,0x163758,8,matched
game/Monster,getDpDuration__C7Monster,0x163760,8,matched
game/Monster,getDpSpeed__C7Monster,0x163768,8,matched
game/Monster,getDpHomingFactor__C7Monster,0x163770,8,matched
game/Monster,getDpVertHomingFactor__C7Monster,0x163778,8,matched
game/Monster,getDpHeadingBreak__C7Monster,0x163780,8,matched
game/Monster,getDpPitchBreak__C7Monster,0x163788,8,matched
game/Monster,getCamIdleCircuitTime__C7Monster,0x163790,8,matched
game/Monster,getCamIdleFactor__C7Monster,0x163798,8,matched
game/Monster,getLandingShakeAmp__C7Monster,0x1637a0,8,matched
game/Monster,getLandingShakeFreq__C7Monster,0x1637a8,8,matched
game/Monster,getLandingShakeDur__C7Monster,0x1637b0,8,matched
game/Monster,getLandingShakeFalloff__C7Monster,0x1637b8,8,matched
game/Monster,getLandingShakeMag__C7Monster,0x1637c0,8,matched
game/Monster,getPitchRate1__C7Monster,0x1637c8,8,matched
game/Monster,getPitchRate2__C7Monster,0x1637d0,8,matched
game/Monster,getMaxHeadingChange__C7Monster,0x1637d8,8,matched
game/Monster,getAimPitch__C7Monster,0x1637e0,8,matched
game/Monster,getAimHeading__C7Monster,0x1637e8,8,matched
game/Monster,getRearOffset__C7Monster,0x1637f0,8,matched
game/Monster,getTargetingMod__C7Monster,0x1637f8,8,matched
game/Monster,getFallTimeBeforePitch__C7Monster,0x163800,8,matched
game/Monster,getPinMaxPitch__C7Monster,0x163808,8,matched
game/Monster,getPinMuckingDist__C7Monster,0x163810,8,matched
game/Monster,getOnFireCount__C7Monster,0x163818,8,matched
game/Monster,getOnFireDamage__C7Monster,0x163820,8,matched
game/Monster,getBeingShockedCount__C7Monster,0x163828,8,matched
game/Monster,getBeingShockedDamage__C7Monster,0x163830,8,matched
game/Monster,getLaunchCounter__C7Monster,0x163838,8,matched
game/Monster,getLaunchDelay__C7Monster,0x163840,8,matched
game/Monster,isVulnerable__C7Monster,0x163848,12,matched
game/Monster,isDead__C7Monster,0x163858,12,matched
game/Monster,isCloaked__C7Monster,0x163868,12,matched
game/Monster,isTurning__C7Monster,0x163878,12,matched
game/Monster,isFalling__C7Monster,0x163888,12,matched
game/Monster,attacksEnabled__C7Monster,0x163898,12,matched
game/Monster,ranDeathSequence__C7Monster,0x1638a8,12,matched
game/Monster,ranVictorySequence__C7Monster,0x1638b8,12,matched
game/Monster,isFullHealth__7Monster,0x1638c8,36,equivalent
game/Monster,isFullStamina__7Monster,0x1638f0,40,equivalent
game/Monster,isTargetPinning__7Monster,0x163918,60,equivalent
game/Monster,isOnFire__7Monster,0x163958,40,matched
game/Monster,isBeingShocked__7Monster,0x163980,40,matched
game/Monster,inSpecialState__7Monster,0x1639a8,20,matched
game/Monster,setCameraFollowsMonster__7Monsterib,0x1639c0,12,matched
game/Monster,setCs__7MonsterP3_cs,0x1639d0,8,matched
game/Monster,setGodMode__7Monsterb,0x1639d8,8,matched
game/Monster,setWinsThisGame__7Monsteri,0x1639e0,8,matched
game/Monster,setDamageModifier__7Monsterf,0x1639e8,8,matched
game/Monster,setRanDeathSequence__7Monsterb,0x1639f0,8,matched
game/Monster,setRanVictorySequence__7Monsterb,0x1639f8,8,matched
game/Monster,setDead__7Monsterb,0x163a00,8,matched
game/Monster,setTurning__7Monsterb,0x163a08,8,matched
game/Monster,setPadEnabled__7Monsterb,0x163a10,8,matched
game/Monster,setPickup__7MonsterGQ2t10LinkedList1ZP6Pickup8Iterator,0x163a18,8,asm
game/Monster,setGrapplee__7MonsterP7Monster,0x163a20,8,matched
game/Monster,setGrappler__7MonsterP7Monster,0x163a28,8,matched
game/Monster,setGrappleAttempt__7MonsterP7Monster,0x163a30,8,matched
game/Monster,setBeamVictim__7MonsterP7Monster,0x163a38,8,matched
game/Monster,setFreeFalling__7Monsterb,0x163a40,8,matched
game/Monster,setFallTime__7Monsteri,0x163a48,8,matched
game/Monster,setDupId__7Monsteri,0x163a50,8,matched
game/Monster,setTypeOfMonster__7Monsteri,0x163a58,8,matched
game/Monster,setMonsterNum__7Monsteri,0x163a60,8,matched
game/Monster,setSkinNum__7Monsteri,0x163a68,8,matched
game/Monster,setPlayerAiOrFodderNum__7Monsteri,0x163a70,8,matched
game/Monster,setPlayerInfo__7MonsterP9PlayerDat,0x163a78,8,matched
game/Monster,setInteractiveIndex__7Monsteri,0x163a80,8,matched
game/Monster,getInteractiveIndex__7Monster,0x163a88,8,matched
game/Monster,setName__7Monsteri,0x163a90,8,matched
game/Monster,setPitchRate1__7Monsterf,0x163a98,8,matched
game/Monster,setPitchRate2__7Monsterf,0x163aa0,8,matched
game/Monster,setCamIdleCircuitTime__7Monsteri,0x163aa8,8,matched
game/Monster,setCamIdleFactor__7Monsterf,0x163ab0,8,matched
game/Monster,setClosestPath__7MonsterP6AiPath,0x163ab8,8,matched
game/Monster,setVulnerable__7Monsterb,0x163ac0,8,matched
game/Monster,setInvulnerabilityDuration__7Monsteri,0x163ac8,56,matched
game/Monster,setAttacksEnabled__7Monsterb,0x163b00,8,matched
game/Monster,setAttackDisableDuration__7Monsteri,0x163b08,56,matched
game/Monster,setAimHeadingEnabled__7Monsterb,0x163b40,8,matched
game/Monster,setLookAtOverride__7MonsterP8_fvector,0x163b48,8,matched
game/Monster,drainStamina__7Monsterfb,0x163b50,32,matched
game/Monster,enableStaminaRegen__7Monsterb,0x163b70,8,matched
game/Monster,enableSpecialWeapon__7Monsterb,0x163b78,8,matched
game/Monster,startHealthPowerUpGlow__7Monsterii,0x163b80,16,matched
game/Monster,startStaminaPowerUpGlow__7Monsterii,0x163b90,16,matched
game/Monster,startSpecialPowerUpGlow__7Monsteri,0x163ba0,20,matched
game/Monster,endSpecialPowerUpGlow__7Monster,0x163bb8,8,matched
game/Monster,incrementWinsThisGame__7Monsteri,0x163bc0,16,matched
game/Monster,getHudTexture__7Monster,0x163bd0,8,matched
game/Monster,okToGlow__7Monsterb,0x163bd8,8,matched
game/Monster,okToUnify__7Monsterb,0x163be0,8,matched
game/Monster,updateClosestPath__7MonsterPv,0x163be8,28,matched
game/Monster,restoreVulnerability__7MonsterPv,0x163c08,28,matched
game/Monster,restoreVulnerability__7Monster,0x163c28,16,matched
game/Monster,restoreAttacksEnabled__7MonsterPv,0x163c38,28,matched
game/Monster,restoreAttacksEnabled__7Monster,0x163c58,16,matched
game/Monster,setShadow__7MonsterP3_cs,0x163c68,8,matched
game/Monster,setHudTexture__7Monsteri,0x163c70,8,matched
game/Monster,setReticleCS__7MonsterP3_cs,0x163c78,8,matched
game/Monster,setStickyReticleCS__7MonsterP3_cs,0x163c80,8,matched
game/Monster,lyingOnGround__7Monster,0x163c88,40,matched
game/Monster,getFootHDResult__7Monster,0x163cb0,8,matched
game/MonsterAnimBlend,init__9AnimPappyR11_animHandle,0x163cf8,204,asm
game/MonsterAnimBlend,update__9AnimPappyR13DbInteractive,0x163dc8,284,asm
game/MonsterAnimBlend,__9AnimBlend14AnimBlendTypesi,0x163ee8,44,asm
game/MonsterAnimBlend,init__9AnimBlendR11_animHandle,0x163f18,132,asm
game/MonsterAnimBlend,rampIn__9AnimBlendf,0x163fa0,156,asm
game/MonsterAnimBlend,rampOut__9AnimBlendf,0x164040,204,asm
game/MonsterAnimBlend,rampOutAndDealloc__9AnimBlendf,0x164110,304,asm
game/MonsterAnimBlend,runAndDealloc__9AnimBlendff,0x164240,388,asm
game/MonsterAnimBlend,updateRampOut__9AnimBlend,0x1643c8,132,asm
game/MonsterAnimBlend,updateRampOutAndDealloc__9AnimBlend,0x164450,172,asm
game/MonsterAnimBlend,setPercent__9AnimBlendf,0x164500,140,asm
game/MonsterAnimBlend,setSpeed__9AnimBlendf,0x164590,44,asm
game/MonsterAnimBlend,getPercent__9AnimBlend,0x1645c0,64,asm
game/MonsterAnimBlend,getWeight__9AnimBlend,0x164600,108,asm
game/MonsterAnimBlend,__static_initialization_and_destruction_0,0x164670,164,asm
game/MonsterAnimBlend,updateRampOut__9AnimBlendPv,0x164718,28,asm
game/MonsterAnimBlend,updateRampOutAndDealloc__9AnimBlendPv,0x164738,28,asm
game/MonsterAnimBlend,_GLOBAL_$I$_13AnimBlendPool$s_pool,0x164758,32,asm
game/MonsterDynamics,__15MonsterDynamicsR7Monster,0x164778,276,asm
game/MonsterDynamics,init__15MonsterDynamics,0x164890,200,asm
game/MonsterDynamics,allStop__15MonsterDynamics,0x164958,64,asm
game/MonsterDynamics,smoothToUpright__15MonsterDynamicsf,0x164998,192,asm
game/MonsterDynamics,setMotionVec__15MonsterDynamicsR8_fvector,0x164a58,104,asm
game/MonsterDynamics,setMotionVecFromPad__15MonsterDynamics,0x164ac0,172,asm
game/MonsterDynamics,setMotionRotFromPad__15MonsterDynamics,0x164b70,48,asm
game/MonsterDynamics,computeTargetSpeed__15MonsterDynamicsff,0x164ba0,196,asm
game/MonsterDynamics,updateMove__15MonsterDynamicsb,0x164c68,140,asm
game/MonsterDynamics,updateAirMotion__15MonsterDynamicsff,0x164cf8,276,asm
game/MonsterDynamics,updateFootMotion__15MonsterDynamicsfff,0x164e10,344,asm
game/MonsterDynamics,updateTurn__15MonsterDynamicsb,0x164f68,80,asm
game/MonsterDynamics,updateTurnMotion__15MonsterDynamicsfff,0x164fb8,328,asm
game/MonsterDynamics,updatePosition__15MonsterDynamics,0x165100,996,asm
game/MonsterDynamics,handleHeadCollis__15MonsterDynamicsR9_hdResultf,0x1654e8,48,asm
game/MonsterDynamics,handleBodyCollis__15MonsterDynamicsR9_hdResultf,0x165518,260,asm
game/MonsterDynamics,handleGroundCollis__15MonsterDynamicsR9_hdResultf,0x165620,640,asm
game/MonsterDynamics,getContactVel__15MonsterDynamicsR8_fvectorR9_hdResult,0x1658a0,204,asm
game/MonsterDynamics,computeAuxiliaries__15MonsterDynamics,0x165970,244,asm
game/MonsterDynamics,getSpeedModifier__15MonsterDynamics,0x165a68,60,asm
game/MonsterDynamics,getConfig__15MonsterDynamics,0x165aa8,20,asm
game/MonsterInit,initBeforeDbLoad__7Monster,0x165ac0,284,asm
game/MonsterInit,init__7Monster,0x165be0,816,asm
game/MonsterInit,playerInit__7Monster,0x165f10,292,asm
game/MonsterInit,aiInit__7Monster,0x166038,220,asm
game/MonsterInit,initAfterDbLoad__7Monster,0x166118,320,asm
game/MonsterInit,initDynamics__7Monster,0x166258,4444,asm
game/MonsterInit,initCameraData__7Monster,0x1673b8,748,asm
game/MonsterInit,update__10BoneSpringPv,0x1676a8,28,asm
game/MonsterMc,__9MonsterMc,0x1676c8,56,asm
game/MonsterMc,getSettingsData__9MonsterMcR13_SettingsData,0x167700,284,asm
game/MonsterMc,setSettingsData__9MonsterMcR13_SettingsData,0x167820,276,asm
game/MonsterMc,getSaveData__9MonsterMcR13_SaveGameDatai,0x167938,108,asm
game/MonsterMc,setSaveData__9MonsterMcR13_SaveGameDatai,0x1679a8,208,asm
game/MonsterMc,copySaveData__9MonsterMcR13_SaveGameDataT1i,0x167a78,92,asm
game/MonsterMc,stdInit__9MonsterMc,0x167ad8,184,asm
game/MonsterMc,stdExit__9MonsterMc,0x167b90,48,asm
game/MonsterMc,updateBootLoad__9MonsterMc,0x167bc0,696,asm
game/MonsterMc,updateSettingsLoad__9MonsterMc,0x167e78,468,asm
game/MonsterMc,updateSettingsSave__9MonsterMc,0x168050,556,asm
game/MonsterMc,updateEndOfStorySave__9MonsterMc,0x168280,580,asm
game/MonsterMc,updateUnlockSave__9MonsterMc,0x1684c8,572,asm
game/MonsterMc,updateStoryModeSave__9MonsterMc,0x168708,588,asm
game/MonsterMc,updateStoryModeLoad__9MonsterMc,0x168958,544,asm
game/MonsterMc,updateEndureSave__9MonsterMc,0x168b78,572,asm
game/MonsterMc,onEnter__10McBootPage,0x168db8,12,asm
game/MonsterMc,update__10McBootPageR7McState,0x168dc8,692,asm
game/MonsterMc,stateIsOk__10McBootPageR7McState,0x169080,8,asm
game/MonsterMc,onSelection__10McBootPagei,0x169088,36,asm
game/MonsterMc,onBack__10McBootPage,0x1690b0,20,asm
game/MonsterMc,update__20McCheckForSweetToothR7McState,0x1690c8,560,asm
game/MonsterMc,reset__20McCheckForSweetTooth,0x1692f8,8,asm
game/MonsterMc,onSelection__20McCheckForSweetToothi,0x169300,32,asm
game/MonsterMc,__14McSaveSettings,0x169320,76,asm
game/MonsterMc,update__14McSaveSettingsR7McState,0x169370,1004,asm
game/MonsterMc,stateIsOk__14McSaveSettingsR7McState,0x169760,8,asm
game/MonsterMc,update__18McCheckForSettingsR7McState,0x169768,560,asm
game/MonsterMc,stateIsOk__18McCheckForSettingsR7McState,0x169998,96,asm
game/MonsterMc,onEnter__18McCheckForSettings,0x1699f8,12,asm
game/MonsterMc,onSelection__18McCheckForSettingsi,0x169a08,20,asm
game/MonsterMc,update__14McLoadSettingsR7McState,0x169a20,428,asm
game/MonsterMc,update__12McChooseSlotR7McState,0x169bd0,232,asm
game/MonsterMc,stateIsOk__12McChooseSlotR7McState,0x169cb8,8,asm
game/MonsterMc,onSelection__12McChooseSloti,0x169cc0,120,asm
game/MonsterMc,shouldSkipOnReturn__12McChooseSlot,0x169d38,8,asm
game/MonsterMc,update__12McCheckSpaceR7McState,0x169d40,592,asm
game/MonsterMc,shouldMonitorCard__12McCheckSpace,0x169f90,72,asm
game/MonsterMc,stateIsOk__12McCheckSpaceR7McState,0x169fd8,264,asm
game/MonsterMc,onSelection__12McCheckSpacei,0x16a0e0,16,asm
game/MonsterMc,onEnter__12McCheckSpace,0x16a0f0,12,asm
game/MonsterMc,update__13McCheckFormatR7McState,0x16a100,424,asm
game/MonsterMc,stateIsOk__13McCheckFormatR7McState,0x16a2a8,60,asm
game/MonsterMc,onSelection__13McCheckFormati,0x16a2e8,468,asm
game/MonsterMc,onEnter__13McCheckFormat,0x16a4c0,12,asm
game/MonsterMc,update__16McCheckOverwriteR7McState,0x16a4d0,392,asm
game/MonsterMc,stateIsOk__16McCheckOverwriteR7McState,0x16a658,12,asm
game/MonsterMc,onSelection__16McCheckOverwritei,0x16a668,108,asm
game/MonsterMc,onEnter__16McCheckOverwrite,0x16a6d8,360,asm
game/MonsterMc,stateIsOk__15McPrepBoxScreenR7McState,0x16a840,8,asm
game/MonsterMc,onEnter__15McPrepBoxScreen,0x16a848,180,asm
game/MonsterMc,shouldSkipOnReturn__15McPrepBoxScreen,0x16a900,8,asm
game/MonsterMc,__15McLoadGameBoxes,0x16a908,52,asm
game/MonsterMc,update__15McLoadGameBoxesR7McState,0x16a940,40,asm
game/MonsterMc,stateIsOk__15McLoadGameBoxesR7McState,0x16a968,8,asm
game/MonsterMc,reset__15McLoadGameBoxes,0x16a970,28,asm
game/MonsterMc,onSelection__15McLoadGameBoxesi,0x16a990,120,asm
game/MonsterMc,onEnter__15McLoadGameBoxes,0x16aa08,184,asm
game/MonsterMc,shouldSkipOnReturn__15McLoadGameBoxes,0x16aac0,44,asm
game/MonsterMc,animateBox__15McLoadGameBoxesb,0x16aaf0,88,asm
game/MonsterMc,onBack__15McLoadGameBoxes,0x16ab48,28,asm
game/MonsterMc,__12McSelectReel,0x16ab68,68,asm
game/MonsterMc,update__12McSelectReelR7McState,0x16abb0,728,asm
game/MonsterMc,shouldMonitorCard__12McSelectReel,0x16ae88,8,asm
game/MonsterMc,stateIsOk__12McSelectReelR7McState,0x16ae90,16,asm
game/MonsterMc,refreshSaveData__12McSelectReel,0x16aea0,940,asm
game/MonsterMc,shellBackgroundIsVisible__12McSelectReel,0x16b250,116,asm
game/MonsterMc,onSelection__12McSelectReeli,0x16b2c8,116,asm
game/MonsterMc,reset__12McSelectReel,0x16b340,32,asm
game/MonsterMc,onEnter__12McSelectReel,0x16b360,116,asm
game/MonsterMc,onBack__12McSelectReel,0x16b3d8,120,asm
game/MonsterMc,stateIsOk__15McSaveAdventureR7McState,0x16b450,8,asm
game/MonsterMc,onEnter__15McSaveAdventure,0x16b458,492,asm
game/MonsterMc,onEnter__20McSaveAdventureBlank,0x16b648,400,asm
game/MonsterMc,stateIsOk__16McSelectSaveSlotR7McState,0x16b7d8,16,asm
game/MonsterMc,onSelection__16McSelectSaveSloti,0x16b7e8,36,asm
game/MonsterMc,update__16McSelectSaveSlotR7McState,0x16b810,444,asm
game/MonsterMc,onEnter__16McSelectSaveSlot,0x16b9d0,280,asm
game/MonsterMc,onEnter__11McAskToSave,0x16bae8,40,asm
game/MonsterMc,reset__11McAskToSave,0x16bb10,44,asm
game/MonsterMc,update__11McAskToSaveR7McState,0x16bb40,1320,asm
game/MonsterMc,onSelection__11McAskToSavei,0x16c068,164,asm
game/MonsterMc,update__11McAskIfSureR7McState,0x16c110,216,asm
game/MonsterMc,onSelection__11McAskIfSurei,0x16c1e8,68,asm
game/MonsterMc,onEnter__11McAskIfSure,0x16c230,12,asm
game/MonsterMc,update__11McErrorPageR7McState,0x16c240,324,asm
game/MonsterMc,onSelection__11McErrorPagei,0x16c388,100,asm
game/MonsterMc,onBack__11McErrorPage,0x16c3f0,52,asm
game/MonsterMc,update__13McCardRemovedR7McState,0x16c428,268,asm
game/MonsterMc,onSelection__13McCardRemovedi,0x16c538,64,asm
game/MonsterMc,__static_initialization_and_destruction_0,0x16c578,564,asm
game/MonsterMc,__tf10McBootPage,0x16c7b8,80,asm
game/MonsterMc,__10McBootPage,0x16c808,52,asm
game/MonsterMc,__tf20McCheckForSweetTooth,0x16c840,80,asm
game/MonsterMc,__20McCheckForSweetTooth,0x16c890,52,asm
game/MonsterMc,__tf18McCheckForSettings,0x16c8c8,80,asm
game/MonsterMc,__18McCheckForSettings,0x16c918,52,asm
game/MonsterMc,__tf14McLoadSettings,0x16c950,80,asm
game/MonsterMc,__14McLoadSettings,0x16c9a0,52,asm
game/MonsterMc,stateIsOk__14McLoadSettingsR7McState,0x16c9d8,8,asm
game/MonsterMc,__tf14McSaveSettings,0x16c9e0,80,asm
game/MonsterMc,__tf12McChooseSlot,0x16ca30,80,asm
game/MonsterMc,__12McChooseSlot,0x16ca80,52,asm
game/MonsterMc,setIsOk__12McChooseSlotb,0x16cab8,8,asm
game/MonsterMc,__tf12McCheckSpace,0x16cac0,80,asm
game/MonsterMc,__12McCheckSpace,0x16cb10,52,asm
game/MonsterMc,__tf13McCheckFormat,0x16cb48,80,asm
game/MonsterMc,__13McCheckFormat,0x16cb98,52,asm
game/MonsterMc,shouldMonitorCard__13McCheckFormat,0x16cbd0,8,asm
game/MonsterMc,__tf16McCheckOverwrite,0x16cbd8,80,asm
game/MonsterMc,__16McCheckOverwrite,0x16cc28,52,asm
game/MonsterMc,shouldMonitorCard__16McCheckOverwrite,0x16cc60,8,asm
game/MonsterMc,__tf15McPrepBoxScreen,0x16cc68,80,asm
game/MonsterMc,__15McPrepBoxScreen,0x16ccb8,52,asm
game/MonsterMc,update__15McPrepBoxScreenR7McState,0x16ccf0,40,asm
game/MonsterMc,getSave__15McPrepBoxScreeni,0x16cd18,20,asm
game/MonsterMc,hasData__15McPrepBoxScreeni,0x16cd30,16,asm
game/MonsterMc,__tf15McLoadGameBoxes,0x16cd40,80,asm
game/MonsterMc,__tf12McSelectReel,0x16cd90,80,asm
game/MonsterMc,setNeedsSaveDataRefresh__12McSelectReelb,0x16cde0,8,asm
game/MonsterMc,__tf15McSaveAdventure,0x16cde8,80,asm
game/MonsterMc,__15McSaveAdventure,0x16ce38,52,asm
game/MonsterMc,shouldMonitorCard__15McSaveAdventure,0x16ce70,8,asm
game/MonsterMc,__tf20McSaveAdventureBlank,0x16ce78,80,asm
game/MonsterMc,__20McSaveAdventureBlank,0x16cec8,52,asm
game/MonsterMc,stateIsOk__20McSaveAdventureBlankR7McState,0x16cf00,8,asm
game/MonsterMc,shouldMonitorCard__20McSaveAdventureBlank,0x16cf08,8,asm
game/MonsterMc,__tf16McSelectSaveSlot,0x16cf10,80,asm
game/MonsterMc,__16McSelectSaveSlot,0x16cf60,56,asm
game/MonsterMc,shouldMonitorCard__16McSelectSaveSlot,0x16cf98,8,asm
game/MonsterMc,__tf11McAskToSave,0x16cfa0,80,asm
game/MonsterMc,__11McAskToSave,0x16cff0,52,asm
game/MonsterMc,stateIsOk__11McAskToSaveR7McState,0x16d028,8,asm
game/MonsterMc,whichBackgroundPoly__11McAskToSave,0x16d030,8,asm
game/MonsterMc,shouldFadeBackground__11McAskToSave,0x16d038,8,asm
game/MonsterMc,__tf11McAskIfSure,0x16d040,80,asm
game/MonsterMc,__11McAskIfSure,0x16d090,52,asm
game/MonsterMc,stateIsOk__11McAskIfSureR7McState,0x16d0c8,8,asm
game/MonsterMc,shouldFadeBackground__11McAskIfSure,0x16d0d0,8,asm
game/MonsterMc,__tf11McErrorPage,0x16d0d8,80,asm
game/MonsterMc,__11McErrorPage,0x16d128,52,asm
game/MonsterMc,__tf13McCardRemoved,0x16d160,80,asm
game/MonsterMc,__13McCardRemoved,0x16d1b0,52,asm
game/MonsterMc,_GLOBAL_$I$_9MonsterMc$global,0x16d1e8,32,asm
game/MonsterMeters,__11HealthMeter,0x16d208,40,matched
game/MonsterMeters,init__11HealthMeter,0x16d230,16,matched
game/MonsterMeters,reset__11HealthMeter,0x16d240,52,matched
game/MonsterMeters,creditFull__11HealthMeter,0x16d278,32,matched
game/MonsterMeters,credit__11HealthMeterf,0x16d298,60,matched
game/MonsterMeters,drain__11HealthMeterf,0x16d2d8,80,matched
game/MonsterMeters,__12StaminaMeter,0x16d328,40,matched
game/MonsterMeters,init__12StaminaMeter,0x16d350,72,equivalent
game/MonsterMeters,reset__12StaminaMeter,0x16d398,20,matched
game/MonsterMeters,update__12StaminaMeteri,0x16d3b0,112,matched
game/MonsterMeters,creditFull__12StaminaMeter,0x16d420,28,matched
game/MonsterMeters,creditBaseOnly__12StaminaMeterf,0x16d440,188,equivalent
game/MonsterMeters,credit__12StaminaMeterf,0x16d500,192,equivalent
game/MonsterMeters,drain__12StaminaMeterfbT2,0x16d5c0,356,asm
game/MonsterMeters,hasEnough__12StaminaMeterf,0x16d728,148,matched
game/MonsterTriggers,checkTriggerTree__Fv,0x16d7c0,472,asm
game/MonsterTriggers,doDeathVolume__FP7MonsterP11TriggerHead,0x16d998,36,matched
game/MonsterTriggers,doSoundVolume__FP7MonsterP11TriggerHead,0x16d9c0,80,asm
game/MonsterTriggers,doDamageVolume__FP7MonsterP11TriggerHead,0x16da10,220,asm
game/MonsterTriggers,doHealthVolume__FP7MonsterP11TriggerHead,0x16daf0,80,asm
game/MonsterTriggers,doStaminaVolume__FP7MonsterP11TriggerHead,0x16db40,172,asm
game/MonsterTriggers,doFireVolume__FP7MonsterP11TriggerHead,0x16dbf0,196,asm
game/MonsterTriggers,doShockVolume__FP7MonsterP11TriggerHead,0x16dcb8,432,asm
game/MonsterTriggers,doImpaleVolume__FP7MonsterP11TriggerHead,0x16de68,280,asm
game/MonsterTriggers,doCamUnifyVolume__FP7MonsterP11TriggerHead,0x16df80,8,matched
game/MonsterTriggers,doCamVolume__FP7MonsterP11TriggerHead,0x16df88,256,asm
game/MonsterTweaks,init__13MonsterTweaks,0x16e088,32,asm
game/MonsterTweaks,setActiveMonster__13MonsterTweaksP7Monsterb,0x16e0a8,88,asm
game/MonsterTweaks,resetTweaks__13MonsterTweaks,0x16e100,8,asm
game/MonsterTweaks,__static_initialization_and_destruction_0,0x16e108,48,asm
game/MonsterTweaks,_GLOBAL_$I$init__13MonsterTweaks,0x16e138,32,asm
game/MovementStates,__13StateButtSlam,0x16e158,476,asm
game/MovementStates,transitionOK__13StateButtSlam,0x16e338,188,asm
game/MovementStates,transitionFeasible__13StateButtSlam,0x16e3f8,320,asm
game/MovementStates,transitionInto__13StateButtSlam,0x16e538,384,asm
game/MovementStates,update__13StateButtSlam,0x16e6b8,424,asm
game/MovementStates,handleCollis__13StateButtSlamR9_hdResult,0x16e860,1428,asm
game/MovementStates,acceptHit__13StateButtSlamR8HitEvent,0x16edf8,180,asm
game/MovementStates,handlePreemption__13StateButtSlamP12MonsterState,0x16eeb0,120,asm
game/MovementStates,__10StateClimb,0x16ef28,184,asm
game/MovementStates,init__10StateClimbP7Monster,0x16efe0,52,asm
game/MovementStates,transitionOK__10StateClimb,0x16f018,124,asm
game/MovementStates,transitionFeasible__10StateClimb,0x16f098,252,asm
game/MovementStates,transitionInto__10StateClimb,0x16f198,260,asm
game/MovementStates,update__10StateClimb,0x16f2a0,2444,asm
game/MovementStates,handlePreemption__10StateClimbP12MonsterState,0x16fc30,44,asm
game/MovementStates,enterSubState__10StateClimbQ210StateClimb8SubState,0x16fc60,776,asm
game/MovementStates,checkWallContact__10StateClimb,0x16ff68,1184,asm
game/MovementStates,getMinContact__10StateClimbP9_hdResultib,0x170408,224,asm
game/MovementStates,__9StateDash,0x1704e8,160,asm
game/MovementStates,transitionOK__9StateDash,0x170588,164,asm
game/MovementStates,transitionInto__9StateDash,0x170630,124,asm
game/MovementStates,update__9StateDash,0x1706b0,840,asm
game/MovementStates,enterSubState__9StateDashQ29StateDash8SubState,0x1709f8,132,asm
game/MovementStates,handleCollis__9StateDashR9_hdResult,0x170a80,404,asm
game/MovementStates,handlePreemption__9StateDashP12MonsterState,0x170c18,56,asm
game/MovementStates,transitionInto__11JumpFlyBase,0x170c50,28,asm
game/MovementStates,update__11JumpFlyBase,0x170c70,60,asm
game/MovementStates,handleStateTransitions__11JumpFlyBase,0x170cb0,1060,asm
game/MovementStates,__8StateFly,0x1710d8,728,asm
game/MovementStates,init__8StateFlyP7Monster,0x1713b0,84,asm
game/MovementStates,getJumpHeightGain__8StateFly,0x171408,68,asm
game/MovementStates,getFlapHeightGain__8StateFly,0x171450,68,asm
game/MovementStates,getFlapStaminaDrain__8StateFly,0x171498,32,asm
game/MovementStates,getRelevantConfig__8StateFly,0x1714b8,72,asm
game/MovementStates,transitionOK__8StateFly,0x171500,152,asm
game/MovementStates,transitionFeasible__8StateFly,0x171598,44,asm
game/MovementStates,transitionInto__8StateFly,0x1715c8,608,asm
game/MovementStates,update__8StateFly,0x171828,4068,asm
game/MovementStates,enterSubState__8StateFlyQ211JumpFlyBase8SubState,0x172810,2048,asm
game/MovementStates,handleCollis__8StateFlyR9_hdResult,0x173010,468,asm
game/MovementStates,handlePreemption__8StateFlyP12MonsterState,0x1731e8,188,asm
game/MovementStates,__9StateJump,0x1732a8,464,asm
game/MovementStates,init__9StateJumpP7Monster,0x173478,84,asm
game/MovementStates,getJumpHeightGain__9StateJump,0x1734d0,68,asm
game/MovementStates,getRelevantConfig__9StateJump,0x173518,72,asm
game/MovementStates,transitionOK__9StateJump,0x173560,160,asm
game/MovementStates,transitionFeasible__9StateJump,0x173600,44,asm
game/MovementStates,transitionInto__9StateJump,0x173630,312,asm
game/MovementStates,update__9StateJump,0x173768,1872,asm
game/MovementStates,enterSubState__9StateJumpQ211JumpFlyBase8SubState,0x173eb8,1468,asm
game/MovementStates,handleCollis__9StateJumpR9_hdResult,0x174478,284,asm
game/MovementStates,handlePreemption__9StateJumpP12MonsterState,0x174598,132,asm
game/MovementStates,__14StateRamAttack,0x174620,256,asm
game/MovementStates,setMaxSpeedMPH__14StateRamAttackf,0x174720,36,asm
game/MovementStates,transitionOK__14StateRamAttack,0x174748,176,asm
game/MovementStates,transitionInto__14StateRamAttack,0x1747f8,76,asm
game/MovementStates,update__14StateRamAttack,0x174848,820,asm
game/MovementStates,handleCollis__14StateRamAttackR9_hdResult,0x174b80,1120,asm
game/MovementStates,enterSubState__14StateRamAttackQ214StateRamAttack8SubState,0x174fe0,948,asm
game/MovementStates,handlePreemption__14StateRamAttackP12MonsterState,0x175398,68,asm
game/MovementStates,acceptHit__14StateRamAttackR8HitEvent,0x1753e0,188,asm
game/MovementStates,__8StateRun,0x1754a0,132,asm
game/MovementStates,init__8StateRunP7Monster,0x175528,812,asm
game/MovementStates,transitionOK__8StateRun,0x175858,252,asm
game/MovementStates,transitionInto__8StateRun,0x175958,564,asm
game/MovementStates,update__8StateRun,0x175b90,1792,asm
game/MovementStates,enterSubState__8StateRunQ28StateRun8SubState,0x176290,1544,asm
game/MovementStates,handlePreemption__8StateRunP12MonsterState,0x176898,92,asm
game/MovementStates,getAnimSpeed__8StateRunf,0x1768f8,192,asm
game/MovementStates,__tf13StateButtSlam,0x1769e0,80,asm
game/MovementStates,__tf10StateClimb,0x176a30,80,asm
game/MovementStates,getSubState__10StateClimb,0x176a80,8,asm
game/MovementStates,getClimbMotion__10StateClimb,0x176a88,8,asm
game/MovementStates,getHuckVelocity__10StateClimb,0x176a90,8,asm
game/MovementStates,getContactNormal__10StateClimb,0x176a98,8,asm
game/MovementStates,getContactInteractive__10StateClimb,0x176aa0,8,asm
game/MovementStates,getContactFlags__10StateClimb,0x176aa8,8,asm
game/MovementStates,__tf9StateDash,0x176ab0,80,asm
game/MovementStates,getSubState__9StateDash,0x176b00,8,asm
game/MovementStates,__tf11JumpFlyBase,0x176b08,80,asm
game/MovementStates,__11JumpFlyBaseQ212MonsterState2IdQ212MonsterState4Caps,0x176b58,60,asm
game/MovementStates,setFootPref__11JumpFlyBaseQ211JumpFlyBase8FootPref,0x176b98,8,asm
game/MovementStates,getSubState__11JumpFlyBase,0x176ba0,8,asm
game/MovementStates,getApexHeight__11JumpFlyBase,0x176ba8,8,asm
game/MovementStates,getHeightGain__11JumpFlyBase,0x176bb0,16,asm
game/MovementStates,__tf8StateFly,0x176bc0,136,asm
game/MovementStates,getSubState__8StateFly,0x176c48,8,asm
game/MovementStates,__tf9StateJump,0x176c50,136,asm
game/MovementStates,__tf14StateRamAttack,0x176cd8,80,asm
game/MovementStates,setRamDuration__14StateRamAttackf,0x176d28,8,asm
game/MovementStates,setAirDeccel__14StateRamAttackf,0x176d30,8,asm
game/MovementStates,setAcceleration__14StateRamAttackf,0x176d38,8,asm
game/MovementStates,__tf8StateRun,0x176d40,80,asm
game/MovementStates,setLandMomentum__8StateRunf,0x176d90,8,asm
game/MovementStates,getAnimIndex__8StateRun,0x176d98,8,asm
game/OgreMace,__8OgreMaceP7Monster,0x176df0,432,asm
game/OgreMace,setMode__8OgreMaceQ28OgreMace4Mode,0x176fa0,96,asm
game/OgreMace,update__8OgreMace,0x177000,1656,asm
game/OgreMace,setEndPos__8OgreMaceP8_fvector,0x177678,8,matched
game/PadFlags,__8PadFlags,0x177680,268,asm
game/PadFlags,init__8PadFlagsP7Monster,0x177790,328,asm
game/PadFlags,setCurrentAction__8PadFlags13ButtonActions13MappedActions,0x1778d8,48,matched
game/PadFlags,pushAction__8PadFlags13ButtonActions13MappedActions,0x177908,368,asm
game/PadFlags,nextButtonAction__8PadFlags,0x177a78,172,asm
game/PadFlags,nextMappedAction__8PadFlags,0x177b28,172,asm
game/PadFlags,popAction__8PadFlags,0x177bd8,96,equivalent
game/PadFlags,clear__8PadFlagsii,0x177c38,44,matched
game/PadFlags,saveAndClear__8PadFlagsi,0x177c68,104,equivalent
game/PadFlags,clearModifiers__8PadFlags,0x177cd0,20,matched
game/PadFlags,__vc__8PadFlagsi,0x177ce8,52,matched
game/PadFlags,interpretInputs__8PadFlagsR7GamePad,0x177d20,328,asm
game/PadFlags,computeMotionVec__8PadFlagsR8_fvector,0x177e68,152,asm
game/PadFlags,computeMotionRot__8PadFlags,0x177f00,296,asm
game/PadFlags,updateViewChanges__8PadFlagsR7GamePad,0x178028,244,asm
game/PadFlags,okToChangeMap__8PadFlags,0x178120,468,asm
game/PadFlags,dashDoubleTap__8PadFlagsR7GamePad,0x1782f8,240,asm
game/PadFlags,checkCombos__8PadFlagsR7GamePad,0x1783e8,2288,asm
game/PadFlags,checkTaunt__8PadFlags,0x178cd8,8,asm
game/PadFlags,clearSecretCode__8PadFlags,0x178ce0,20,asm
game/PadFlags,clearCombo__8PadFlags,0x178cf8,96,matched
game/PadFlags_2,updateInput0ConfigCR__8PadFlagsR7GamePad,0x178d58,2272,asm
game/PadFlags_2,updateInput0ConfigSR__8PadFlagsR7GamePad,0x179638,3748,asm
game/PadFlags_2,updateActions0__8PadFlagsR7GamePad,0x17a4e0,1908,asm
game/PadFlags_2,updateHistory0__8PadFlagsR7GamePad,0x17ac58,668,asm
game/PadFlags_3,updateInput1ConfigCR__8PadFlagsR7GamePad,0x17aef8,2248,asm
game/PadFlags_3,updateInput1ConfigSR__8PadFlagsR7GamePad,0x17b7c0,3728,asm
game/PadFlags_3,updateActions1__8PadFlagsR7GamePad,0x17c650,1760,asm
game/PadFlags_3,updateHistory1__8PadFlagsR7GamePad,0x17cd30,668,asm
game/PadFlags_4,updateInput2ConfigCR__8PadFlagsR7GamePad,0x17cfd0,1812,asm
game/PadFlags_4,updateInput2ConfigSR__8PadFlagsR7GamePad,0x17d6e8,3296,asm
game/PadFlags_4,updateActions2__8PadFlagsR7GamePad,0x17e3c8,1740,asm
game/PadFlags_4,updateHistory2__8PadFlagsR7GamePad,0x17ea98,556,asm
game/PathNet,removePath__8PathNodeUs,0x17ecc8,140,matched
game/PathNet,getRandNode__7PathNet,0x17ed58,64,equivalent
game/PathNet,getClosestNode__7PathNetR8_fvectori,0x17ed98,140,equivalent
game/PathNet,getClosestPath__7PathNetR8_fvectorRii,0x17ee28,372,asm
game/PathNet,getClosestPath__7PathNetR8_fvectorT1Rii,0x17efa0,280,asm
game/PathTool,loadPoints__8PathToolPcb,0x17f0b8,112,matched
game/PathTool,init__8PathTooli,0x17f128,84,matched
game/PathTool,exportPoints__8PathTool,0x17f180,364,equivalent
game/PathTool,__static_initialization_and_destruction_0,0x17f2f0,80,asm
game/PathTool,__tf8PathTool,0x17f340,80,asm
game/PathTool,__8PathToolP7PathNetPcT2,0x17f390,32,asm
game/PathTool,_GLOBAL_$I$_8PathTool$instance,0x17f3b0,32,asm
game/Pickup,__6Pickup,0x17f3d0,36,asm
game/Pickup,init__6PickupP9_hierheadR8_fvectorPA3_fb11ePickupType,0x17f3f8,664,asm
game/Pickup,initAfterDbLoad__6Pickup,0x17f690,92,matched
game/Pickup,update__6Pickup,0x17f6f0,96,matched
game/Pickup,regenUpdate__6Pickup,0x17f750,44,matched
game/Pickup,regen__6Pickup,0x17f780,100,equivalent
game/Pickup,takeHit__6PickupP8_fvectorfi,0x17f7e8,16,matched
game/Pickup,takeUseDamage__6Pickupf,0x17f7f8,16,matched
game/Pickup,isTargetClear__6PickupP13DbInteractive,0x17f808,408,asm
game/Pickup,grab__6Pickupi,0x17f9a0,280,asm
game/Pickup,drop__6Pickup,0x17fab8,68,matched
game/Pickup,kill__6Pickup,0x17fb00,644,asm
game/Pickup,initConfig__6Pickup,0x17fd88,40,matched
game/Pickup,updateCS__6PickupP8_fvectorRA3_A3_fb,0x17fdb0,204,asm
game/Pickup,getVel__6PickupR8_fvector,0x17fe80,104,matched
game/Pickup,getVel__6Pickup,0x17fee8,64,matched
game/Pickup,setVisualState__6Pickupi,0x17ff28,64,matched
game/Pickup,hatCheck__6Pickup,0x17ff68,664,asm
game/Pickup,initLocators__6PickupP9_hierhead,0x180200,396,asm
game/Pickup,initHandle__6PickupP14_hiertranslate,0x180390,116,asm
game/Pickup,initHandle__6PickupP11_hierrotate,0x180408,200,asm
game/Pickup,initCollisSpheres__6PickupP8_fvector,0x1804d0,280,asm
game/Pickup,swipeTrailEffect__6Pickup,0x1805e8,152,asm
game/Pickup,collisTestBatAttack__6PickupfUi11MonsterAnimR10HitHistoryfff,0x180680,968,asm
game/Pickup,getCollisSphereTrans__6Pickupi,0x180a48,16,matched
game/Pickup,getCollisSphereRadius__6Pickupi,0x180a58,16,matched
game/Pickup,updateGenerator__6Pickup,0x180a68,524,asm
game/Pickup,init__12LevelPickups,0x180c78,712,asm
game/Pickup,turnOffAllVehicles__12LevelPickups,0x180f40,196,asm
game/Pickup,turnOffMilitary__12LevelPickups,0x181008,224,asm
game/Pickup,turnOnMilitary__12LevelPickups,0x1810e8,228,asm
game/Pickup,turnOff2Handeds__12LevelPickups,0x1811d0,224,asm
game/Pickup,initMilitaryForCentral__12LevelPickups,0x1812b0,308,asm
game/Pickup,initMilitaryForVegas__12LevelPickups,0x1813e8,872,asm
game/Pickup,createPickup__12LevelPickupsP9_hierheadR8_fvectorPA3_fb11ePickupType,0x181750,1232,asm
game/Pickup,initAfterDbLoad__12LevelPickups,0x181c20,100,asm
game/Pickup,createPickupHighlight__12LevelPickupsP9_hierhead,0x181c88,140,asm
game/Pickup,startCinema__12LevelPickups,0x181d18,248,asm
game/Pickup,endCinema__12LevelPickups,0x181e10,176,asm
game/Pickup,update__12LevelPickups,0x181ec0,508,asm
game/Pickup,hatCheck__12LevelPickupsP8_fvectorf,0x1820c0,300,asm
game/Pickup,turnOffForDelayedHat__12LevelPickupsP8_fvectorf,0x1821f0,248,asm
game/Pickup,computeHighlight__12LevelPickupsR7Monster,0x1822e8,208,asm
game/Pickup,enableHighlights__12LevelPickupsi,0x1823b8,736,asm
game/Pickup,impalePickup__12LevelPickupsGQ2t10LinkedList1ZP6Pickup8Iterator,0x182698,88,asm
game/Pickup,grabPickup__12LevelPickupsGQ2t10LinkedList1ZP6Pickup8Iteratori,0x1826f0,124,asm
game/Pickup,dropPickup__12LevelPickupsGQ2t10LinkedList1ZP6Pickup8Iterator,0x182770,124,asm
game/Pickup,throwPickup__12LevelPickupsGQ2t10LinkedList1ZP6Pickup8IteratorR8_fvectorP13DbInteractiveT3,0x1827f0,348,asm
game/Pickup,throwRBPickup__12LevelPickupsGQ2t10LinkedList1ZP6Pickup8IteratorR8_fvectorP13DbInteractive,0x182950,188,asm
game/Pickup,deflectThrownPickup__12LevelPickupsGQ2t10LinkedList1ZP6Pickup8IteratorR8_fvectorP13DbInteractiveT3,0x182a10,360,asm
game/Pickup,grabThrownPickup__12LevelPickupsGQ2t10LinkedList1ZP6Pickup8Iteratori,0x182b78,264,asm
game/Pickup,prunePickup__12LevelPickupsGQ2t10LinkedList1ZP6Pickup8Iterator,0x182c80,156,asm
game/Pickup,killPickup__12LevelPickupsGQ2t10LinkedList1ZP6Pickup8Iteratori,0x182d20,304,asm
game/Pickup,inFlight__12LevelPickupsGQ2t10LinkedList1ZP6Pickup8Iterator,0x182e50,60,asm
game/Pickup,getClosestPickup__12LevelPickupsR8_fvectorT1,0x182e90,528,asm
game/Pickup,getClosestThrownPickup__12LevelPickupsR8_fvectorf,0x1830a0,136,asm
game/Pickup,__static_initialization_and_destruction_0,0x183128,168,asm
game/Pickup,__tf6Pickup,0x183208,80,asm
game/Pickup,getRef__6Pickup,0x183258,8,matched
game/Pickup,getHealth__6Pickup,0x183260,8,matched
game/Pickup,getSpeed__6Pickup,0x183268,8,matched
game/Pickup,getDbId__6Pickup,0x183270,20,matched
game/Pickup,getPickupType__6Pickup,0x183288,8,matched
game/Pickup,getWeapIdx__6Pickup,0x183290,8,matched
game/Pickup,getGrabber__6Pickup,0x183298,8,matched
game/Pickup,isRegenable__6Pickup,0x1832a0,12,matched
game/Pickup,isTwoHanded__6Pickup,0x1832b0,20,matched
game/Pickup,isRigidBody__6Pickup,0x1832c8,20,matched
game/Pickup,isADragonHead__6Pickup,0x1832e0,20,matched
game/Pickup,getSwipeRange__6Pickup,0x1832f8,16,matched
game/Pickup,getNumCollisSpheres__6Pickup,0x183308,8,matched
game/Pickup,setRef__6PickupGQ2t10LinkedList1ZP6Pickup8Iterator,0x183310,12,matched
game/Pickup,setGrabber__6Pickupi,0x183320,8,matched
game/Pickup,setWeapIdx__6Pickupi,0x183328,8,matched
game/Pickup,updateGenerator__6PickupPv,0x183330,28,matched
game/Pickup,resetHealth__6Pickup,0x183350,12,matched
game/Pickup,getHandleRange__6Pickup,0x183360,8,matched
game/Pickup,_GLOBAL_$I$__6Pickup,0x1833a8,32,asm
game/PlantBoss,initBefore__9PlantBoss,0x1833c8,152,asm
game/PlantBoss,initAfter__9PlantBoss,0x183460,148,asm
game/PlantBoss,wakeUp__9PlantBoss,0x1834f8,100,asm
game/PlantBoss,update__9PlantBoss,0x183560,2216,asm
game/PlantBoss,decideChompOrSpit__9PlantBoss,0x183e08,428,asm
game/PlantBoss,initBefore__13PlantBossHead,0x183fb8,44,asm
game/PlantBoss,initAfter__13PlantBossHeadi,0x183fe8,500,asm
game/PlantBoss,wakeUp__13PlantBossHeadi,0x1841e0,200,asm
game/PlantBoss,enterState__13PlantBossHeadi,0x1842a8,696,asm
game/PlantBoss,update__13PlantBossHead,0x184560,4316,asm
game/PlantBoss,takeHit__13PlantBossHeadP8_fvectorfi,0x185640,676,asm
game/PlantBoss,initBefore__13PlantBossRoot,0x1858e8,12,asm
game/PlantBoss,initAfter__13PlantBossRooti,0x1858f8,316,asm
game/PlantBoss,wakeUp__13PlantBossRooti,0x185a38,692,asm
game/PlantBoss,enterState__13PlantBossRooti,0x185cf0,236,asm
game/PlantBoss,update__13PlantBossRoot,0x185de0,792,asm
game/PlantBoss,takeHit__13PlantBossRootP8_fvectorfi,0x1860f8,60,asm
game/PlantBoss,initBefore__13PlantBossBase,0x186138,12,asm
game/PlantBoss,initAfter__13PlantBossBase,0x186148,196,asm
game/PlantBoss,wakeUp__13PlantBossBase,0x186210,100,asm
game/PlantBoss,enterState__13PlantBossBasei,0x186278,340,asm
game/PlantBoss,update__13PlantBossBase,0x1863d0,1284,asm
game/PlantBoss,takeHit__13PlantBossBaseP8_fvectorfi,0x1868d8,80,asm
game/PlantBoss,__tf13PlantBossHead,0x186970,80,asm
game/PlantBoss,getPinTrans__13PlantBossHead,0x1869c0,8,asm
game/PlantBoss,__tf13PlantBossRoot,0x1869c8,80,asm
game/PlantBoss,__tf13PlantBossBase,0x186a18,80,asm
game/PowerUps,testHidden__7PowerUp,0x186aa8,356,asm
game/PowerUps,placeShadow__7PowerUp,0x186c10,284,asm
game/PowerUps,initPowerUpsBefore__8PowerUps,0x186d30,224,asm
game/PowerUps,initPowerUpsAfter__8PowerUps,0x186e10,8,asm
game/PowerUps,update__8PowerUps,0x186e18,652,asm
game/PowerUps,CreatePowerUp__8PowerUpsiP8_fvector,0x1870a8,32,asm
game/PowerUps,CreatePowerUp__8PowerUpsiUcP8_fvector,0x1870c8,672,asm
game/PowerUps,addPowerUpEpNode__8PowerUpsP9_hierhead,0x187368,68,asm
game/PowerUps,KillPowerUps__8PowerUps,0x1873b0,212,asm
game/PowerUps,KillPowerUp__8PowerUpsi,0x187488,204,asm
game/PowerUps,KillPowerUp__8PowerUpsP3_cs,0x187558,108,asm
game/PowerUps,RemovePowerUpsByTypeEntry__8PowerUpsi,0x1875c8,232,asm
game/PowerUps,AddPowerUpsByTypeEntry__8PowerUpsi,0x1876b0,64,asm
game/PowerUps,ChangePowerUpsByTypeEntry__8PowerUpsii,0x1876f0,96,asm
game/PowerUps,ChangePowerUpType__8PowerUpsii,0x187750,140,asm
game/PowerUps,setRegenTimeMultiplier__8PowerUpsf,0x1877e0,8,asm
game/PowerUps,setRegenTime__8PowerUpsQ27PowerUp4Typeii,0x1877e8,88,asm
game/PowerUps,setCredit__8PowerUpsQ27PowerUp4Typei,0x187840,24,asm
game/PowerUps,setCloakTime__8PowerUpsi,0x187858,8,asm
game/PowerUps,getRegenTimeMultiplier__8PowerUps,0x187860,8,asm
game/PowerUps,getMinRegenTime__8PowerUpsQ27PowerUp4Type,0x187868,24,asm
game/PowerUps,getMaxRegenTime__8PowerUpsQ27PowerUp4Type,0x187880,24,asm
game/PowerUps,getCredit__8PowerUpsQ27PowerUp4Type,0x187898,24,asm
game/PowerUps,getCloakTime__8PowerUps,0x1878b0,8,asm
game/PowerUps,LoadRegenTimes__8PowerUps,0x1878b8,100,asm
game/PowerUps,TakeHit__8PowerUpsP7MonsterP3_cs,0x187920,1492,asm
game/PowerUps,GetClosestPowerUp__8PowerUpsP8_fvectori,0x187ef8,352,asm
game/PowerUps,startCinema__8PowerUps,0x188058,80,asm
game/PowerUps,endCinema__8PowerUps,0x1880a8,84,asm
game/PowerUpTool,loadPoints__11PowerUpToolPcb,0x188100,116,matched
game/PowerUpTool,init__11PowerUpTooli,0x188178,84,matched
game/PowerUpTool,exportPoints__11PowerUpTool,0x1881d0,128,matched
game/PowerUpTool,__static_initialization_and_destruction_0,0x188250,40,asm
game/PowerUpTool,__tf11PowerUpTool,0x188278,80,asm
game/PowerUpTool,__11PowerUpTool,0x1882c8,20,asm
game/PowerUpTool,_GLOBAL_$I$_11PowerUpTool$instance,0x1882e0,32,asm
game/rt,startFrame__10RtLoopViewv,0x188300,8,asm
game/rt,start__10RtLoopViewi,0x188308,8,asm
game/rt,end__10RtLoopViewUii,0x188310,8,asm
game/rt,rtMain__Fb,0x188318,2120,asm
game/rt,rtPauseRT__FUi,0x188b60,632,asm
game/rt,rtReturnToShell__Fii,0x188dd8,40,asm
game/rt,rtTimeToReturnToShell__Fv,0x188e00,160,asm
game/rt,rtFadeScreen__FiUi,0x188ea0,312,asm
game/rt,rtWaitForVu1__Fv,0x188fd8,84,asm
game/reset,__5reset11CREATOR_KEY,0x189030,60,asm
game/reset,writeKeys__5resetPc,0x189070,304,asm
game/reset,readKey__5resetPc,0x1891a0,316,asm
game/reset,oldStyleRead__5resetPc,0x1892e0,572,asm
game/reset,__tf5reset,0x189520,80,asm
game/RigidDebris,init__11RigidDebrisP14ActDebrisChunkP3_csR8_fvectorf,0x189570,276,asm
game/RigidDebris,setFriction__11RigidDebrisff,0x189688,12,asm
game/RigidDebris,configBox__11RigidDebrisfffffff,0x189698,368,asm
game/RigidDebris,configBox__11RigidDebrisffff,0x189808,56,asm
game/RigidDebris,configTent__11RigidDebrisfffif,0x189840,340,asm
game/RigidDebris,configPyramid__11RigidDebrisfff,0x189998,304,asm
game/RigidDebris,configPole__11RigidDebrisfff,0x189ac8,44,asm
game/RigidDebris,configPole__11RigidDebrisffff,0x189af8,244,asm
game/RigidDebris,configCylinder__11RigidDebrisfff,0x189bf0,360,asm
game/RigidDebris,configPointCloud__11RigidDebrisifffffff,0x189d58,180,asm
game/RigidDebris,takeHit__11RigidDebrisfP8_fvectorP8HitEvent,0x189e10,344,asm
game/RigidDebris,pointCollis__11RigidDebris,0x189f68,44,asm
game/RigidDebris,cylinderCollis__11RigidDebris,0x189f98,44,asm
game/RigidDebris,sphereCollis__11RigidDebris,0x189fc8,156,asm
game/RigidDebris,update__11RigidDebris,0x18a068,1092,asm
game/RigidPickup,init__11RigidPickupP9_hierheadR8_fvectorPA3_fb11ePickupType,0x18a4b0,1120,asm
game/RigidPickup,initAfterDbLoad__11RigidPickup,0x18a910,308,asm
game/RigidPickup,drop__11RigidPickup,0x18aa48,176,asm
game/RigidPickup,grab__11RigidPickupi,0x18aaf8,60,asm
game/RigidPickup,kill__11RigidPickup,0x18ab38,260,asm
game/RigidPickup,configSphereCloud__11RigidPickupf,0x18ac40,436,asm
game/RigidPickup,update__11RigidPickup,0x18adf8,992,asm
game/RigidPickup,updateHeld__11RigidPickup,0x18b1d8,64,asm
game/RigidPickup,updateActive__11RigidPickup,0x18b218,2020,asm
game/RigidPickup,throwToTarget__11RigidPickupR8_fvectorP13DbInteractive,0x18ba00,304,asm
game/RigidPickup,throwInDir__11RigidPickupR8_fvectorP13DbInteractive,0x18bb30,92,asm
game/RigidPickup,huck__11RigidPickupR8_fvectorP13DbInteractive,0x18bb90,356,asm
game/RigidPickup,takeHit__11RigidPickupP8_fvectorfi,0x18bcf8,2968,asm
game/RigidPickup,doBoundaryFx__11RigidPickupR9_hdResult,0x18c890,72,asm
game/RigidPickup,getNextCollis__11RigidPickupP19_hdSphereBundleTestiP9_hdResult,0x18c8d8,348,asm
game/RigidPickup,createCollisEvents__11RigidPickupR9_hdResult,0x18ca38,1172,asm
game/RigidPickup,resolvePuntCollis__11RigidPickupP19_hdSphereBundleTest,0x18ced0,372,asm
game/RigidPickup,resolveCollis__11RigidPickupR9_hdResultRf,0x18d048,268,asm
game/RigidPickup,getVel__11RigidPickupR8_fvector,0x18d158,20,asm
game/RigidPickup,getContactVel__11RigidPickupR8_fvectorR9_hdResult,0x18d170,32,asm
game/RigidPickup,__static_initialization_and_destruction_0,0x18d190,48,asm
game/RigidPickup,numInteractivesHit__10HitHistory,0x18d1f8,8,asm
game/RigidPickup,numNonInteractivesHit__10HitHistory,0x18d200,8,asm
game/RigidPickup,__tf11RigidPickup,0x18d208,80,asm
game/RigidPickup,__11RigidPickup,0x18d258,68,asm
game/RigidPickup,reset__11RigidPickup,0x18d2a0,48,asm
game/RigidPickup,activate__11RigidPickup,0x18d2d0,24,asm
game/RigidPickup,deActivate__11RigidPickup,0x18d2e8,20,asm
game/RigidPickup,getNumSpheres__11RigidPickup,0x18d300,8,asm
game/RigidPickup,getSphere__11RigidPickupi,0x18d308,16,asm
game/RigidPickup,getType__11RigidPickup,0x18d318,8,asm
game/RigidPickup,getNumBounces__11RigidPickup,0x18d320,8,asm
game/RigidPickup,getVel__11RigidPickup,0x18d328,8,asm
game/RigidPickup,inFlight__11RigidPickup,0x18d330,20,asm
game/RigidPickup,setCherryBombCount__11RigidPickupi,0x18d348,8,asm
game/RigidPickup,getCherryBombCount__11RigidPickup,0x18d350,8,asm
game/RigidPickup,_GLOBAL_$I$init__11RigidPickupP9_hierheadR8_fvectorPA3_fb11ePickupType,0x18d358,32,asm
game/sanfran,sanFranInitBefore__Fv,0x18d378,100,asm
game/sanfran,sanFranInitAfter__Fv,0x18d3e0,144,asm
game/sanfran,sanFranUpdate__Fv,0x18d470,1296,asm
game/sanfran,sanFranStartSteam__Fv,0x18d980,88,asm
game/sanfran,sanFranQuake__Fi,0x18d9d8,164,asm
game/sanfran,sanFranSaveInteractive__Fii,0x18da80,28,asm
game/sanfran,__static_initialization_and_destruction_0,0x18daa0,40,asm
game/sanfran,_GLOBAL_$I$sanFranInitBefore__Fv,0x18dac8,32,asm
game/screen,monsterIdToMonsterEnum__Fi,0x18dae8,24,asm
game/screen,screenPrepare__Fv,0x18db00,92,asm
game/screen,setReelSwitches__FiiP13_SaveGameData,0x18db60,156,asm
game/screen,changeReel__Fiii,0x18dc00,132,asm
game/screen,screenMain__Fv,0x18dc88,1048,asm
game/screen,updateSelectSwitches__Fiiii,0x18e0a0,576,asm
game/screen,updateSelectSwitches3P__Fiiiiii,0x18e2e0,644,asm
game/screen,updateSelectSwitches4P__Fiiiiiiii,0x18e568,932,asm
game/screen,updateSelectSwitchesMG__Fiiii,0x18e910,576,asm
game/screen,updateSelectSwitchesAI__Fii,0x18eb50,516,asm
game/screen,initSelectSwitches__Fv,0x18ed58,392,asm
game/screen,initSelectSwitchesMG__Fv,0x18eee0,352,asm
game/screen,screenGameModes1P__Fv,0x18f040,1512,asm
game/screen,screenCharSelect1P__Fv,0x18f628,4240,asm
game/screen,screenSelect1AI__Fv,0x1906b8,5032,asm
game/screen,screenCtlrCfg__Fv,0x191a60,1188,asm
game/screen,screenGameModes2P__Fv,0x191f08,1204,asm
game/screen,screenCharSelect3P__Fv,0x1923c0,16656,asm
game/screen,screenCharSelect2P__Fv,0x1964d0,12784,asm
game/screen,screenMinigames2P__Fv,0x1996c0,7504,asm
game/screen,screenLevelSelect__Fv,0x19b410,2284,asm
game/screen,screenLoadSave__Fv,0x19bd00,200,asm
game/screen,setSlider__Fif,0x19bdc8,268,asm
game/screen,screenOptions__Fv,0x19bed8,3988,asm
game/screen,screenFreeForAllOptions1P__Fv,0x19ce70,1052,asm
game/screen,screenFreeForAllOptions2P__Fv,0x19d290,756,asm
game/screen,screenElimOptions2P__Fv,0x19d588,868,asm
game/screen,screenMGSelect__Fv,0x19d8f0,1020,asm
game/screen,screenBestOf__Fv,0x19dcf0,2200,asm
game/screen,screenMemoryCardInit__Fv,0x19e588,268,asm
game/screen,screenTransition__Fb,0x19e698,2488,asm
game/screen,screenUnlocker__Fv,0x19f050,3468,asm
game/screen,screenCharSelect4P__Fv,0x19fde0,22408,asm
game/screen,screenWaitForStart__Fv,0x1a5568,428,asm
game/screen,changeScreen__Fiiiib,0x1a5718,392,asm
game/screen,screenGetInput__Fi,0x1a58a0,560,asm
game/screen,screenPrepareDefault__Fii,0x1a5ad0,300,asm
game/screen,screenWriteInstructions__Fif,0x1a5c00,668,asm
game/screen,screenGetFontAlpha__Fv,0x1a5ea0,8,asm
game/screen,setButtonAlpha__Ff,0x1a5ea8,32,asm
game/screen,screenSetButtonAlpha__Fv,0x1a5ec8,188,asm
game/screen,showButtons__Fi,0x1a5f88,432,asm
game/screen,killButtons__Fv,0x1a6138,112,asm
game/screen,saveUnlocks__Fv,0x1a61a8,96,asm
game/screen,saveSettings__Fv,0x1a6208,88,asm
game/screen,loadSettings__Fv,0x1a6260,96,asm
game/screen,isSlotOpen__Fii,0x1a62c0,76,asm
game/screen,resetSelectables__Fv,0x1a6310,92,asm
game/screen,resetGameMode__Fv,0x1a6370,28,asm
game/screen,modelsLeft__Fi,0x1a6390,96,asm
game/screen,levelUnlocked__Fi,0x1a63f0,224,asm
game/screen,findAvailableMonster__Fiii,0x1a64d0,352,asm
game/screen,resetModels__Fv,0x1a6630,52,asm
game/screen,__static_initialization_and_destruction_0,0x1a6668,48,asm
game/screen,_GLOBAL_$I$NamecardDistance,0x1a6698,32,asm
game/Shell,main,0x1a66b8,1344,asm
game/Shell,SelectAI__5Shell,0x1a6bf8,8,asm
game/Shell,RandomlySelectAI__5Shell,0x1a6c00,348,asm
game/Shell,InitPlayers__5Shell,0x1a6d60,2468,asm
game/Shell,InitBeforeUiDbLoad__5Shell,0x1a7708,96,asm
game/Shell,InitBeforeUserintDbLoad__5Shell,0x1a7768,116,asm
game/Shell,__5Shell,0x1a77e0,264,asm
game/Shell,_$_5Shell,0x1a78e8,36,asm
game/Shell,InitRTState__5Shell,0x1a7910,76,asm
game/Shell,EvaluateGameStatus__5Shelli,0x1a7960,676,asm
game/Shell,EvaluateOnePlayerStoryStatus__5Shelli,0x1a7c08,972,asm
game/Shell,EvaluateOnePlayerChallengeStatus__5Shelli,0x1a7fd8,600,asm
game/Shell,EvaluateTwoPlayerCoopStatus__5Shelli,0x1a8230,8,asm
game/Shell,EvaluateMultiPlayerBattleStatusNoAI__5Shelli,0x1a8238,1356,asm
game/Shell,EvaluateMultiPlayerBattleStatusAI__5Shelli,0x1a8788,992,asm
game/Shell,EvaluateOnePlayerEnduranceStatus__5Shelli,0x1a8b68,120,asm
game/Shell,EvaluateBigShotStatus__5Shelli,0x1a8be0,72,asm
game/Shell,EvaluateCrushStatus__5Shelli,0x1a8c28,72,asm
game/Shell,EvaluateDodgeBallStatus__5Shelli,0x1a8c70,72,asm
game/Shell,EvaluateOnlineBattleStatus__5Shelli,0x1a8cb8,8,asm
game/Shell,InitPlayerLives__5Shell,0x1a8cc0,56,asm
game/Shell,BootInitUi__5Shell,0x1a8cf8,68,asm
game/Shell,BootInitUserint__5Shell,0x1a8d40,124,asm
game/Shell,BootInitUserint1__5Shell,0x1a8dc0,108,asm
game/Shell,BootInitGame__5Shell,0x1a8e30,80,asm
game/Shell,ResolveCommandLineArguments__FiPPc,0x1a8e80,372,asm
game/Shell,InitGS__5Shells,0x1a8ff8,52,asm
game/Shell,LoadUserintTexture__5Shell,0x1a9030,192,asm
game/Shell,LoadUserintTexture1__5Shell,0x1a90f0,192,asm
game/Shell,LoadUserintDB__5Shell,0x1a91b0,60,asm
game/Shell,LoadUserintDB1__5Shell,0x1a91f0,60,asm
game/Shell,LoadResTexture__5Shell,0x1a9230,1116,equivalent
game/Shell,LoadTexture__5Shell,0x1a9690,1052,equivalent
game/Shell,LoadLevelDB__5Shell,0x1a9ab0,320,equivalent
game/Shell,LoadMonstersDB__5Shell,0x1a9bf0,1180,equivalent
game/Shell,AddEpNode__5ShelliP9_hierhead,0x1aa090,2236,asm
game/Shell,formatFilename__5ShellPcPCcT2Q25Shell11_shFileType,0x1aa950,272,asm
game/Shell,formatFilename1__5ShellPcPCciT2Q25Shell11_shFileType,0x1aaa60,152,asm
game/Shell,formatFilename__5ShellPcPCcN22,0x1aaaf8,140,asm
game/Shell,getVramAddr__5Shell,0x1aab88,92,asm
game/Shell,Use30HzMode__5Shell,0x1aabe8,16,asm
game/Shell,GetLevelName__5Shell,0x1aabf8,12,asm
game/Shell,SetMenuItemFlag__5Shelliii,0x1aac08,324,asm
game/Shell,EnableMonsterSelection__5Shelli,0x1aad50,80,asm
game/Shell,MonsterIsChosen__5Shelli,0x1aada0,40,asm
game/Shell,MonsterExists__5Shelli,0x1aadc8,8,asm
game/Shell,DisplayLoadBackground__5Shellb,0x1aadd0,796,asm
game/Shell,MonsterIsLocked__5Shelli,0x1ab0f0,40,asm
game/Shell,init__7TagList,0x1ab118,140,asm
game/Shell,LoadLevelFiles__5Shell,0x1ab1a8,584,equivalent
game/Shell,FinishLoadBar__5Shell,0x1ab3f0,108,asm
game/Shell,ResetLevel__5Shell,0x1ab460,60,asm
game/Shell,GenesisMovie__5Shell,0x1ab4a0,216,asm
game/Shell,FadeScreen__5ShellibUcUcUcUcUcUc,0x1ab578,228,asm
game/Shell,FadeScreen__5ShellibRUiT3UcUcUcUcUcUc,0x1ab660,1124,asm
game/Shell,InitialMemCardScreen__5Shell,0x1abac8,384,asm
game/Shell,__3Hud,0x1abc48,128,asm
game/Shell,__7TheGame,0x1abcc8,1396,asm
game/Shell,__static_initialization_and_destruction_0,0x1ac240,136,asm
game/Shell,__7TagList,0x1ac2c8,212,asm
game/Shell,_GLOBAL_$I$g_noScripts,0x1ac3a0,32,asm
game/Shell,_GLOBAL_$D$g_noScripts,0x1ac3c0,32,asm
game/ShellFinished,displayDialog__Fi,0x1ac3e0,2120,asm
game/ShellFinished,finishedMultPlayBattleLevel__FRi,0x1acc28,1432,asm
game/ShellFinished,finishedMultPlayElim__FRi,0x1ad1c0,716,asm
game/ShellFinished,allDeadMultPlayBattleLevel__FRi,0x1ad490,700,asm
game/ShellFinished,selectNextMultPlayer__FRi,0x1ad750,1808,asm
game/ShellFinished,selectNextMultPlayBattleLevel__Fv,0x1ade60,92,asm
game/ShellFinished,wonStoryOverlay__Fv,0x1adec0,124,asm
game/ShellFinished,lostLevelOverlay__FRi,0x1adf40,972,asm
game/ShellFinished,pauseLevelOverlay__FRi,0x1ae310,1904,asm
game/ShellFinished,areYouSure__FRi,0x1aea80,832,asm
game/ShellFinished,wonLevelOverlay__Fv,0x1aedc0,148,asm
game/ShellFinished,wonChallengeLevelOverlay__Fv,0x1aee58,556,asm
game/ShellFinished,lostEnduranceOverlay__FRi,0x1af088,880,asm
game/ShellFinished,finishedOnlineBattle__Fv,0x1af3f8,876,asm
game/ShellFinished,finishedBigShot__FRi,0x1af768,612,asm
game/ShellFinished,finishedCrush__FRi,0x1af9d0,564,asm
game/ShellFinished,finishedDodgeBall__FRi,0x1afc08,564,asm
game/ShellFinished,checkInputForExit__FiPb,0x1afe40,404,asm
game/ShellFinished,setMenuFont__Fi,0x1affd8,108,asm
game/ShellFinished,setTitleFont__Fv,0x1b0048,40,asm
game/ShellFinished,getCurrentMenuSelection__Fii,0x1b0070,388,asm
game/ShellFinished,monsterIdtomonsterSlot__Fi,0x1b01f8,164,asm
game/ShellFinished,isSlotAvail__Fii,0x1b02a0,76,asm
game/ShellFinished,resetSelecteds__Fv,0x1b02f0,292,asm
game/ShellRtLoop,startField__11ShellRtLoopb,0x1b0418,64,matched
game/ShellRtLoop,endField__11ShellRtLoopb,0x1b0458,616,asm
game/ShellRtLoop,onStart__11ShellRtLoop,0x1b06c0,12,matched
game/ShellRtLoop,onEnd__11ShellRtLoop,0x1b06d0,8,matched
game/ShockWave,Init__9ShockWave,0x1b06d8,52,asm
game/ShockWave,Activate__9ShockWaveP8_fvectorGt13ExpandingRing1Z15ShockWaveConfigQ28HitEvent11DamageCauseiP10SpecFxAnim,0x1b0710,592,asm
game/ShockWave,Activate__9ShockWaveP8_fvectorGt13ExpandingRing1Z15ShockWaveConfigQ28HitEvent11DamageCauseiP11_animHandleP3_cs,0x1b0960,632,asm
game/ShockWave,update__9ShockWave,0x1b0bd8,2992,asm
game/ShockWave,__static_initialization_and_destruction_0,0x1b1788,116,asm
game/ShockWave,update__9ShockWavePv,0x1b1800,28,asm
game/ShockWave,_GLOBAL_$I$Init__9ShockWave,0x1b1820,32,asm
game/Sound,__12SoundManager,0x1b1840,104,asm
game/Sound,initPause__12SoundManager,0x1b18a8,28,asm
game/Sound,updatePauseAllSounds__12SoundManager,0x1b18c8,256,asm
game/Sound,setSoundVolumeInfo__12SoundManagerP7MonsteriP8_fvector,0x1b19c8,132,asm
game/Sound,unpauseAllSounds__12SoundManager,0x1b1a50,84,asm
game/Sound,doOneTimeInit__12SoundManager,0x1b1aa8,128,asm
game/Sound,manageReverb__12SoundManager,0x1b1b28,128,asm
game/Sound,initSoundManager__12SoundManager,0x1b1ba8,320,asm
game/Sound,disableSoundForCinema__12SoundManager,0x1b1ce8,88,asm
game/Sound,updateSoundManager__12SoundManager,0x1b1d40,576,asm
game/Sound,initVagStreaming__12SoundManager,0x1b1f80,108,asm
game/Sound,loadRTSoundBanks__12SoundManager,0x1b1ff0,1460,asm
game/Sound,swapMonsterSoundBankBlocking__12SoundManagerii,0x1b25a8,444,asm
game/Sound,loadMechBossSoundBank__12SoundManager,0x1b2768,48,asm
game/Sound,loadMonsterBank__12SoundManagerii,0x1b2798,488,asm
game/Sound,loadLoResMonsterBank__12SoundManagerii,0x1b2980,488,asm
game/Sound,loadShellSoundBanks__12SoundManager,0x1b2b68,184,asm
game/Sound,initLevelObjectSoundManager__23LevelObjectSoundManager,0x1b2c20,452,asm
game/Sound,updateLevelObjectSoundManager__23LevelObjectSoundManager,0x1b2de8,900,asm
game/Sound,updateDestructLoops__23LevelObjectSoundManager,0x1b3170,564,asm
game/Sound,triggerLevelDestructSound__23LevelObjectSoundManagerP8_fvectoriiffiP12ActPlaySound,0x1b33a8,396,asm
game/Sound,playDebrisImpactSound__23LevelObjectSoundManagerP8_fvectori,0x1b3538,220,asm
game/Sound,playTimedBuildingDestructibleSound__23LevelObjectSoundManagerP12ActPlaySoundP8_fvector,0x1b3618,212,asm
game/Sound,playDestructibleSound__23LevelObjectSoundManagerUiP8_fvector,0x1b36f0,1492,asm
game/Sound,findAvailableDestructHandle__23LevelObjectSoundManager,0x1b3cc8,48,asm
game/Sound,initCanyonLevelSound__16CanyonLevelSound,0x1b3cf8,52,asm
game/Sound,updateCanyonLevelSound__16CanyonLevelSound,0x1b3d30,28,asm
game/Sound,initVegasLevelSound__15VegasLevelSound,0x1b3d50,80,asm
game/Sound,updateVegasLevelSound__15VegasLevelSound,0x1b3da0,136,asm
game/Sound,initFinalLevelSound__15FinalLevelSound,0x1b3e28,52,asm
game/Sound,updateFinalLevelSound__15FinalLevelSound,0x1b3e60,28,asm
game/Sound,initAirportLevelSound__17AirportLevelSound,0x1b3e80,64,asm
game/Sound,updateAirportLevelSound__17AirportLevelSound,0x1b3ec0,44,asm
game/Sound,initSanFranLevelSound__17SanFranLevelSound,0x1b3ef0,540,asm
game/Sound,updateSanFranLevelSound__17SanFranLevelSound,0x1b4110,232,asm
game/Sound,playPlaneLandingSound__17AirportLevelSoundP8_fvector,0x1b41f8,56,asm
game/Sound,startQuakeSound__17SanFranLevelSound,0x1b4230,48,asm
game/Sound,initTokyoLevelSound__15TokyoLevelSound,0x1b4260,180,asm
game/Sound,updateTokyoLevelSound__15TokyoLevelSound,0x1b4318,324,asm
game/Sound,initBigTossLevelSound__17BigTossLevelSound,0x1b4460,48,asm
game/Sound,updateBigTossLevelSound__17BigTossLevelSound,0x1b4490,348,asm
game/Sound,initThreeMileLevelSound__19ThreeMileLevelSound,0x1b45f0,532,asm
game/Sound,setAllStacksDestroyed__19ThreeMileLevelSound,0x1b4808,60,asm
game/Sound,resetReactorSoundInfo__19ThreeMileLevelSoundi,0x1b4848,108,asm
game/Sound,updateThreeMileLevelSound__19ThreeMileLevelSound,0x1b48b8,508,asm
game/Sound,playWickedBigExplosion__19ThreeMileLevelSound,0x1b4ab8,76,asm
game/Sound,playShockSound__19ThreeMileLevelSoundP8_fvector,0x1b4b08,92,asm
game/Sound,playThreeMileCountdown__19ThreeMileLevelSoundi,0x1b4b68,244,asm
game/Sound,initVolcanoLevelSound__17VolcanoLevelSound,0x1b4c60,100,asm
game/Sound,updateVolcanoLevelSound__17VolcanoLevelSound,0x1b4cc8,52,asm
game/Sound,initUFOLevelSound__13UFOLevelSound,0x1b4d00,128,asm
game/Sound,updateUFOLevelSound__13UFOLevelSound,0x1b4d80,360,asm
game/Sound,initMetroLevelSound__15MetroLevelSound,0x1b4ee8,8,asm
game/Sound,updateMetroLevelSound__15MetroLevelSound,0x1b4ef0,88,asm
game/Sound,initMilitaryLevelSound__18MilitaryLevelSound,0x1b4f48,8,asm
game/Sound,updateMilitaryLevelSound__18MilitaryLevelSound,0x1b4f50,8,asm
game/Sound,initIslandLevelSound__16IslandLevelSound,0x1b4f58,140,asm
game/Sound,updateIslandLevelSound__16IslandLevelSound,0x1b4fe8,80,asm
game/Sound,initCanyon2LevelSound__17Canyon2LevelSound,0x1b5038,16,asm
game/Sound,updateCanyon2LevelSound__17Canyon2LevelSound,0x1b5048,8,asm
game/Sound,playDamDestroyedSound__17Canyon2LevelSound,0x1b5050,132,asm
game/Sound,initHeightBasedSound__16HeightBasedSoundiii,0x1b50d8,20,asm
game/Sound,updateHeightBasedSound__16HeightBasedSound,0x1b50f0,324,asm
game/Sound,initLevelObjectSound__16LevelObjectSoundiiiiiii,0x1b5238,72,asm
game/Sound,stopLevelObjectSound__16LevelObjectSound,0x1b5280,36,asm
game/Sound,updateLevelObjectSound__16LevelObjectSound,0x1b52a8,244,asm
game/Sound,updateLevelObjectSound__21NoPanLevelObjectSound,0x1b53a0,208,asm
game/Sound,updateLevelObjectSound__24InvertedLevelObjectSound,0x1b5470,224,asm
game/Sound,initTankSound__9TankSound,0x1b5550,12,asm
game/Sound,updateTankSound__9TankSoundP10TankPickupi,0x1b5560,308,asm
game/Sound,terminateTankSound__9TankSound,0x1b5698,36,asm
game/Sound,playTankFireSound__9TankSoundP8_fvector,0x1b56c0,92,asm
game/Sound,initHeliSound__9HeliSound,0x1b5720,16,asm
game/Sound,updateHeliSound__9HeliSoundP10HeliPickup,0x1b5730,800,asm
game/Sound,terminateHeliSound__9HeliSound,0x1b5a50,84,asm
game/Sound,initCarSound__8CarSoundP9CarPickup,0x1b5aa8,12,asm
game/Sound,updateCarSound__8CarSound,0x1b5ab8,700,asm
game/Sound,playHornSound__8CarSound,0x1b5d78,388,asm
game/Sound,terminateCarSound__8CarSound,0x1b5f00,36,asm
game/Sound,initPickupSound__11PickupSoundP6Pickup,0x1b5f28,16,asm
game/Sound,playBatImpactSound__11PickupSound,0x1b5f38,100,asm
game/Sound,updatePickupSound__11PickupSound,0x1b5fa0,540,asm
game/Sound,updateTurretSound__11PickupSoundiff,0x1b61c0,536,asm
game/Sound,terminateTurretSound__11PickupSound,0x1b63d8,36,asm
game/Sound,terminatePickupSound__11PickupSound,0x1b6400,36,asm
game/Sound,playTurretPickupFireSound__11PickupSoundi,0x1b6428,188,asm
game/Sound,__10ShellSound,0x1b64e8,24,asm
game/Sound,resetShellSoundFlags__10ShellSound,0x1b6500,28,asm
game/Sound,updateShellSound__10ShellSound,0x1b6520,164,asm
game/Sound,updateTokenSound__10ShellSound,0x1b65c8,112,asm
game/Sound,playTokenCountFinishedSound__10ShellSound,0x1b6638,52,asm
game/Sound,stopTokenSound__10ShellSound,0x1b6670,64,asm
game/Sound,updateSFXSliderSound__10ShellSound,0x1b66b0,88,asm
game/Sound,stopSFXSliderSound__10ShellSound,0x1b6708,36,asm
game/Sound,terminateShellSound__10ShellSound,0x1b6730,56,asm
game/Sound,playShellSFXSound__10ShellSoundi,0x1b6768,96,asm
game/Sound,playSweetUnlockedSound__10ShellSound,0x1b67c8,52,asm
game/Sound,playPauseMenuSound__10ShellSoundi,0x1b6800,48,asm
game/Sound,initHudSound__8HudSound,0x1b6830,8,asm
game/Sound,updateHudSound__8HudSound,0x1b6838,8,asm
game/Sound,initGenericSound__12GenericSoundiiii,0x1b6840,24,asm
game/Sound,terminateGenericSound__12GenericSound,0x1b6858,36,asm
game/Sound,updateGenericSound__12GenericSoundP8_fvector,0x1b6880,240,asm
game/Sound,initPedSound__8PedSound,0x1b6970,8,asm
game/Sound,terminatePedSound__8PedSound,0x1b6978,36,asm
game/Sound,updatePedSound__8PedSoundP8_fvectori,0x1b69a0,260,asm
game/Sound,initFireSound__9FireSound,0x1b6aa8,8,asm
game/Sound,terminateFireSound__9FireSound,0x1b6ab0,36,asm
game/Sound,updateFireSound__9FireSoundP8_fvector,0x1b6ad8,264,asm
game/Sound,initPlaneSound__10PlaneSound,0x1b6be0,12,asm
game/Sound,terminatePlaneSound__10PlaneSound,0x1b6bf0,36,asm
game/Sound,updatePlaneSound__10PlaneSoundP8_fvectorif,0x1b6c18,624,asm
game/Sound,initWeaponSound__11WeaponSound,0x1b6e88,8,asm
game/Sound,terminateWeaponSound__11WeaponSound,0x1b6e90,36,asm
game/Sound,updateWeaponSound__11WeaponSoundP6Weapon,0x1b6eb8,768,asm
game/Sound,playWeaponLaunchSound__11WeaponSoundP8_fvectori,0x1b71b8,732,asm
game/Sound,playWeaponExplosion__11WeaponSoundP8_fvectorii,0x1b7498,788,asm
game/Sound,playRockSpecialImpact__11WeaponSoundP8_fvector,0x1b77b0,120,asm
game/Sound,__12MonsterSound,0x1b7828,28,asm
game/Sound,initMonsterSound__12MonsterSoundP7Monster,0x1b7848,416,asm
game/Sound,updateMonsterSound__12MonsterSound,0x1b79e8,200,asm
game/Sound,updateMonsterCinemaSound__12MonsterSound,0x1b7ab0,508,asm
game/Sound,updateGeneralMonsterSounds__12MonsterSound,0x1b7cb0,3564,asm
game/Sound,playSoundFromAnimation__12MonsterSoundf,0x1b8aa0,64,asm
game/Sound,playSignatureSound__12MonsterSound,0x1b8ae0,752,asm
game/Sound,playTakeHitSound__12MonsterSound,0x1b8dd0,1120,asm
game/Sound,playCloakingSound__12MonsterSound,0x1b9230,100,asm
game/Sound,playEnterCounterBlockSound__12MonsterSound,0x1b9298,112,asm
game/Sound,playGeneratorTazerSound__12MonsterSound,0x1b9308,100,asm
game/Sound,playJellyTazerOneShot__12MonsterSound,0x1b9370,100,asm
game/Sound,playShockedSound__12MonsterSound,0x1b93d8,100,asm
game/Sound,playPedSquishSound__12MonsterSound,0x1b9440,168,asm
game/Sound,playRockmanSpecialLaunch__12MonsterSound,0x1b94e8,100,asm
game/Sound,playRockmanSpecialBounce__12MonsterSoundP8_fvector,0x1b9550,140,asm
game/Sound,playCounterAttackSound__12MonsterSound,0x1b95e0,100,asm
game/Sound,playRockmanSpecialExplode__12MonsterSoundP8_fvector,0x1b9648,92,asm
game/Sound,updateClimbingSound__12MonsterSound11MonsterAnim,0x1b96a8,8,asm
game/Sound,updateJellyTazer__12MonsterSound,0x1b96b0,192,asm
game/Sound,terminateJellyTazer__12MonsterSound,0x1b9770,36,asm
game/Sound,terminateDashSound__12MonsterSound,0x1b9798,72,asm
game/Sound,playRamSound__12MonsterSound,0x1b97e0,100,asm
game/Sound,updateDashSound__12MonsterSound,0x1b9848,412,asm
game/Sound,updateOgreSound__12MonsterSound,0x1b99e8,8,asm
game/Sound,updateRobotSound__12MonsterSound,0x1b99f0,444,asm
game/Sound,updateMantisSound__12MonsterSound,0x1b9bb0,268,asm
game/Sound,updateShogunSound__12MonsterSound,0x1b9cc0,292,asm
game/Sound,updateLavaSpecialInhaleChargeup__12MonsterSound,0x1b9de8,388,asm
game/Sound,terminateLavaSpecialInhaleChargeup__12MonsterSound,0x1b9f70,36,asm
game/Sound,updateLavaSound__12MonsterSound,0x1b9f98,8,asm
game/Sound,updateAlienSound__12MonsterSound,0x1b9fa0,352,asm
game/Sound,updateFireBreath__12MonsterSound,0x1ba100,324,asm
game/Sound,playPunchSound__12MonsterSound,0x1ba248,104,asm
game/Sound,playVictorySound__12MonsterSoundi,0x1ba2b0,1188,asm
game/Sound,playTakeBatHitSound__12MonsterSound,0x1ba758,228,asm
game/Sound,playTakeHit__12MonsterSoundP7Monster,0x1ba840,628,asm
game/Sound,playKnockBackSound__12MonsterSound,0x1baab8,48,asm
game/Sound,terminateFlightGlideSound__12MonsterSound,0x1baae8,36,asm
game/Sound,updateFlightGlideSound__12MonsterSoundi,0x1bab10,300,asm
game/Sound,playButtSlamSound__12MonsterSound,0x1bac40,664,asm
game/Sound,playLandingSound__12MonsterSound,0x1baed8,608,asm
game/Sound,playFootstepSound__12MonsterSound,0x1bb138,648,asm
game/Sound,playScrape__12MonsterSound,0x1bb3c0,228,asm
game/Sound,playRobotHeadSound__12MonsterSound,0x1bb4a8,100,asm
game/Sound,playRoboJetOneShot__12MonsterSound,0x1bb510,8,asm
game/Sound,playBodyImpactSound__12MonsterSound,0x1bb518,280,asm
game/Sound,playGrappleAttackSound__12MonsterSound,0x1bb630,544,asm
game/Sound,playStompAttackSound__12MonsterSound,0x1bb850,576,asm
game/Sound,terminateGrappleSound__12MonsterSound,0x1bba90,36,asm
game/Sound,playGrappleThrowSound__12MonsterSound,0x1bbab8,176,asm
game/Sound,playBatWhooshSound__12MonsterSound,0x1bbb68,100,asm
game/Sound,playObjectThrowSound__12MonsterSound,0x1bbbd0,576,asm
game/Sound,playCrowdControlSound__12MonsterSound,0x1bbe10,740,asm
game/Sound,play206Sound__12MonsterSound,0x1bc0f8,740,asm
game/Sound,playTauntSound__12MonsterSound,0x1bc3e0,760,asm
game/Sound,playPickupSound__12MonsterSound,0x1bc6d8,252,asm
game/Sound,playGrapplePickupSound__12MonsterSound,0x1bc7d8,312,asm
game/Sound,stopPickupSound__12MonsterSound,0x1bc910,36,asm
game/Sound,playWingFlap__12MonsterSound,0x1bc938,184,asm
game/Sound,playImpalerRemoveSound__12MonsterSound,0x1bc9f0,96,asm
game/Sound,playGrappleSwing__12MonsterSoundi,0x1bca50,96,asm
game/Sound,playSwing__12MonsterSoundii,0x1bcab0,3804,asm
game/Sound,playJumpSound__12MonsterSound,0x1bd990,516,asm
game/Sound,playDeathSound__12MonsterSoundi,0x1bdb98,1376,asm
game/Sound,playSonicRoarSound__12MonsterSound,0x1be0f8,100,asm
game/Sound,playWaterSplashSound__12MonsterSound,0x1be160,100,asm
game/Sound,playWaterFootstepSound__12MonsterSound,0x1be1c8,100,asm
game/Sound,updateAssBossRotorSound__12MonsterSound,0x1be230,376,asm
game/Sound,terminateAssBossRotorSound__12MonsterSound,0x1be3a8,180,asm
game/Sound,updateAssBossSpinSound__12MonsterSound,0x1be460,192,asm
game/Sound,terminateAssBossSpinSound__12MonsterSound,0x1be520,36,asm
game/Sound,playAssBossWeaponDrawSound__12MonsterSound,0x1be548,100,asm
game/Sound,updateRobotReticleSound__12MonsterSound,0x1be5b0,192,asm
game/Sound,terminateRobotReticleSound__12MonsterSound,0x1be670,36,asm
game/Sound,updateElectricShockSound__12MonsterSound,0x1be698,192,asm
game/Sound,terminateElectricShockSound__12MonsterSound,0x1be758,36,asm
game/Sound,updateAlienSpecial__12MonsterSoundi,0x1be780,252,asm
game/Sound,terminateAlienSpecial__12MonsterSound,0x1be880,36,asm
game/Sound,updateZapAttackSound__12MonsterSoundiP7Monster,0x1be8a8,532,asm
game/Sound,terminateZapAttackSound__12MonsterSound,0x1beac0,72,asm
game/Sound,playShogunSpecialImpactSound__12MonsterSound,0x1beb08,100,asm
game/Sound,updateShogunSpecialSound__12MonsterSound,0x1beb70,192,asm
game/Sound,terminateShogunSpecialSound__12MonsterSound,0x1bec30,36,asm
game/Sound,terminateEvilEye__12MonsterSound,0x1bec58,36,asm
game/Sound,updateEvilEye__12MonsterSound,0x1bec80,132,asm
game/Sound,updateSpiderMagnoSpecial__12MonsterSound,0x1bed08,132,asm
game/Sound,terminateSpiderMagnoSpecial__12MonsterSound,0x1bed90,36,asm
game/Sound,playLavaSpecialInhale__12MonsterSound,0x1bedb8,148,asm
game/Sound,playSuckerBugLaunch__12MonsterSound,0x1bee50,100,asm
game/Sound,playShogunSpecialOneShot__12MonsterSound,0x1beeb8,100,asm
game/Sound,playAlienRaygunDrawSound__12MonsterSound,0x1bef20,64,asm
game/Sound,initSuckerBugSound__14SuckerBugSound,0x1bef60,12,asm
game/Sound,terminateSuckerBugSound__14SuckerBugSound,0x1bef70,72,asm
game/Sound,updateSuckerBugSound__14SuckerBugSoundP8_fvectori,0x1befb8,408,asm
game/Sound,stopAllMonsterSounds__12MonsterSound,0x1bf150,444,asm
game/Sound,initTriggerVolumeSound__18TriggerVolumeSoundiUi,0x1bf310,16,asm
game/Sound,terminateTriggerVolumeSound__18TriggerVolumeSound,0x1bf320,36,asm
game/Sound,updateTriggerVolumeSound__18TriggerVolumeSound,0x1bf348,244,asm
game/Sound,initTriggerVolumeSound__24RangedTriggerVolumeSoundiUiii,0x1bf440,56,asm
game/Sound,terminateTriggerVolumeSound__24RangedTriggerVolumeSound,0x1bf478,84,asm
game/Sound,updateTriggerVolumeSound__24RangedTriggerVolumeSound,0x1bf4d0,832,asm
game/Sound,soundPlayPowerUpSound__FiiiP8_fvector,0x1bf810,384,asm
game/Sound,playLowStaminaSound__Fi,0x1bf990,60,asm
game/Sound,initPlantBossRootSound__18PlantBossRootSound,0x1bf9d0,8,asm
game/Sound,updatePlantBossRootSound__18PlantBossRootSoundP8_fvector,0x1bf9d8,208,asm
game/Sound,terminatePlantBossRootSound__18PlantBossRootSound,0x1bfaa8,36,asm
game/Sound,initFinalBossSound__14FinalBossSoundP9FinalBoss,0x1bfad0,72,asm
game/Sound,updateFinalBossSound__14FinalBossSoundP8_fvectoriP11_animHandle,0x1bfb18,324,asm
game/Sound,playGetReadyToFireSound__14FinalBossSoundP8_fvector,0x1bfc60,92,asm
game/Sound,playShieldPowerUpSound__14FinalBossSoundP8_fvector,0x1bfcc0,132,asm
game/Sound,playShieldPowerDownSound__14FinalBossSoundP8_fvector,0x1bfd48,92,asm
game/Sound,playMechaPowerDownSound__14FinalBossSoundP8_fvector,0x1bfda8,92,asm
game/Sound,playTakeHitSound__14FinalBossSoundP8_fvector,0x1bfe08,136,asm
game/Sound,updateMechLaser__14FinalBossSoundP8_fvector,0x1bfe90,184,asm
game/Sound,terminateMechLaser__14FinalBossSound,0x1bff48,64,asm
game/Sound,stopMechaLaserImpactSound__12MonsterSound,0x1bff88,36,asm
game/Sound,initPlantBossSound__14PlantBossSound,0x1bffb0,16,asm
game/Sound,updatePlantBossSound__14PlantBossSound,0x1bffc0,8,asm
game/Sound,playPlantBossHideSound__14PlantBossSound,0x1bffc8,88,asm
game/Sound,playPlantBossEmergeSound__14PlantBossSound,0x1c0020,88,asm
game/Sound,playPlantBossCabbageSmack__14PlantBossSound,0x1c0078,156,asm
game/Sound,playPlantBossDeathSound__18PlantBossHeadSoundP8_fvector,0x1c0118,92,asm
game/Sound,playPlantBossChompSound__18PlantBossHeadSoundP8_fvector,0x1c0178,92,asm
game/Sound,playPlantBossHeadDeadSound__18PlantBossHeadSoundP8_fvector,0x1c01d8,132,asm
game/Sound,playPlantBossMissChompSound__18PlantBossHeadSoundP8_fvector,0x1c0260,92,asm
game/Sound,playPlantBossGrowlSound__18PlantBossHeadSoundP8_fvector,0x1c02c0,92,asm
game/Sound,playPlantBossHissSound__18PlantBossHeadSoundP8_fvector,0x1c0320,92,asm
game/Sound,playPlantBossSpitSound__18PlantBossHeadSoundP8_fvector,0x1c0380,92,asm
game/Sound,playPlantBossSporeLaunchSound__18PlantBossHeadSoundP8_fvector,0x1c03e0,92,asm
game/Sound,updateChompSound__18PlantBossHeadSoundP8_fvector,0x1c0440,208,asm
game/Sound,terminateChompSound__18PlantBossHeadSound,0x1c0510,36,asm
game/Sound,initRigidPickupSound__16RigidPickupSound,0x1c0538,56,asm
game/Sound,updateRigidPickupSound__16RigidPickupSoundP8_fvectorfi,0x1c0570,500,asm
game/Sound,terminateRollyBallSound__16RigidPickupSound,0x1c0768,36,asm
game/Sound,playRigidPickupSound__16RigidPickupSoundP8_fvectorfi,0x1c0790,696,asm
game/Sound,initWindSound__9WindSoundiiffffiiiiiiii,0x1c0a48,352,asm
game/Sound,terminateWindSound__9WindSound,0x1c0ba8,36,asm
game/Sound,updateWindSound__9WindSound,0x1c0bd0,752,asm
game/Sound,rampWindVolumeAndPitchUp__10LavaInhaleifi,0x1c0ec0,8,asm
game/Sound,updateWindSound__10LavaInhale,0x1c0ec8,8,asm
game/Sound,updateWindSound__11MantisGlide,0x1c0ed0,28,asm
game/Sound,rampWindVolumeDown__11MantisGlide,0x1c0ef0,228,asm
game/Sound,rampWindVolumeUp__11MantisGlide,0x1c0fd8,228,asm
game/Sound,calcDualMonoMixVolPan__FP8_fvectoriiRiT3Pi,0x1c10c0,800,asm
game/Sound,calcCheapDualMonoMixPan__Fi,0x1c13e0,60,asm
game/Sound,findApproachingSpeed__FP8_fvectorPiPf,0x1c1420,148,asm
game/Sound,calcDualMonoMixHeightBasedSoundVol__FffRiT2Pi,0x1c14b8,672,asm
game/Sound,__static_initialization_and_destruction_0,0x1c1758,48,asm
game/Sound,_GLOBAL_$I$gIntroMoviesHavePlayed,0x1c1788,32,asm
game/StreamingSoundManager,__21StreamingSoundManager,0x1c17a8,300,asm
game/StreamingSoundManager,unpauseMusicStreams__21StreamingSoundManager,0x1c18d8,52,asm
game/StreamingSoundManager,initStreamingSoundManager__21StreamingSoundManager,0x1c1910,984,asm
game/StreamingSoundManager,reinitSoundManagerAfterDeath__21StreamingSoundManager,0x1c1ce8,40,asm
game/StreamingSoundManager,fadeOutMusicBlocking__21StreamingSoundManager,0x1c1d10,348,asm
game/StreamingSoundManager,bufferIntroCinemaMusic__21StreamingSoundManager,0x1c1e70,396,asm
game/StreamingSoundManager,startCinemaMusic__21StreamingSoundManager,0x1c2000,132,asm
game/StreamingSoundManager,stopCinemaMusic__21StreamingSoundManager,0x1c2088,164,asm
game/StreamingSoundManager,initSoundFadeOut__21StreamingSoundManageri,0x1c2130,60,asm
game/StreamingSoundManager,completeSoundFadeIn__21StreamingSoundManager,0x1c2170,32,asm
game/StreamingSoundManager,rampDownSoundGlobalSoundVolume__21StreamingSoundManager,0x1c2190,56,asm
game/StreamingSoundManager,rampUpSoundGlobalSoundVolume__21StreamingSoundManager,0x1c21c8,68,asm
game/StreamingSoundManager,resetMasterSoundVolume__21StreamingSoundManager,0x1c2210,40,asm
game/StreamingSoundManager,initMusicFadeOut__21StreamingSoundManager,0x1c2238,68,asm
game/StreamingSoundManager,prepareForPlantBossIntroCinemaMusic__21StreamingSoundManager,0x1c2280,448,asm
game/StreamingSoundManager,startCinemaMusicFromId__21StreamingSoundManageri,0x1c2440,476,asm
game/StreamingSoundManager,updateStreamingSoundManager__21StreamingSoundManageri,0x1c2620,2064,asm
game/StreamingSoundManager,updateDeathEventMusic__21StreamingSoundManager,0x1c2e30,8,asm
game/StreamingSoundManager,triggerDeathEventMusic__21StreamingSoundManagerP7Monster,0x1c2e38,8,asm
game/StreamingSoundManager,updateLocationBasedStreamState__21StreamingSoundManagerP27LocationBasedStreamingSound,0x1c2e40,204,asm
game/StreamingSoundManager,findAvailableStream__21StreamingSoundManageri,0x1c2f10,148,asm
game/StreamingSoundManager,updateGenericStreamState__21StreamingSoundManagerP21GenericStreamingSound,0x1c2fa8,364,asm
game/StreamingSoundManager,updateAmbientFadeoutState__21StreamingSoundManageri,0x1c3118,472,asm
game/StreamingSoundManager,updateMusicFadeoutState__21StreamingSoundManager,0x1c32f0,184,asm
game/StreamingSoundManager,updateBattleFadeoutState__21StreamingSoundManageri,0x1c33a8,460,asm
game/StreamingSoundManager,updateTauntLocation__21StreamingSoundManageriP8_fvector,0x1c3578,312,asm
game/StreamingSoundManager,updateTakeDamageLocation__21StreamingSoundManageriP8_fvector,0x1c36b0,312,asm
game/StreamingSoundManager,updateDeathStreamLocation__21StreamingSoundManageriP8_fvector,0x1c37e8,312,asm
game/StreamingSoundManager,requestTaunt__21StreamingSoundManageriP8_fvector,0x1c3920,424,asm
game/StreamingSoundManager,unpauseTaunt__21StreamingSoundManageri,0x1c3ac8,316,asm
game/StreamingSoundManager,requestGenericStream__21StreamingSoundManageriP8_fvector,0x1c3c08,172,asm
game/StreamingSoundManager,updateGenericStreamLocation__21StreamingSoundManageriP8_fvector,0x1c3cb8,24,asm
game/StreamingSoundManager,requestDeathStream__21StreamingSoundManageriP8_fvector,0x1c3cd0,424,asm
game/StreamingSoundManager,requestCrowdControlStream__21StreamingSoundManageriP8_fvector,0x1c3e78,424,asm
game/StreamingSoundManager,requestTakeDamageStream__21StreamingSoundManageriP8_fvector,0x1c4020,424,asm
game/StreamingSoundManager,initVagLocation__21StreamingSoundManagerPcPUi,0x1c41c8,176,asm
game/StreamingSoundManager,__21GenericStreamingSound,0x1c4278,32,asm
game/StreamingSoundManager,updateStreamingSound__21GenericStreamingSound,0x1c4298,596,asm
game/StreamingSoundManager,initGenericStreamingSound__21GenericStreamingSoundPciiiif,0x1c44f0,236,asm
game/StreamingSoundManager,__27LocationBasedStreamingSound,0x1c45e0,52,asm
game/StreamingSoundManager,initLocationBasedStreamingSound__27LocationBasedStreamingSoundPcfffiiiii,0x1c4618,232,asm
game/StreamingSoundManager,setState__21GenericStreamingSound18_ambientSoundStatei,0x1c4700,108,asm
game/StreamingSoundManager,updateLocationBasedStreamingSound__27LocationBasedStreamingSound,0x1c4770,660,asm
game/StreamingSoundManager,soundStopSound__FPUi,0x1c4a08,44,asm
game/SpecialStates,__14StateAirStrike,0x1c4a38,200,asm
game/SpecialStates,init__14StateAirStrikeP7Monster,0x1c4b00,8,asm
game/SpecialStates,transitionOK__14StateAirStrike,0x1c4b08,164,asm
game/SpecialStates,transitionInto__14StateAirStrike,0x1c4bb0,140,asm
game/SpecialStates,update__14StateAirStrike,0x1c4c40,1492,asm
game/SpecialStates,flyBeacon__14StateAirStrike,0x1c5218,1376,asm
game/SpecialStates,handlePreemption__14StateAirStrikeP12MonsterState,0x1c5778,332,asm
game/SpecialStates,acceptHit__14StateAirStrikeR8HitEvent,0x1c58c8,72,asm
game/SpecialStates,__14StateBugAttack,0x1c5910,140,asm
game/SpecialStates,transitionOK__14StateBugAttack,0x1c59a0,164,asm
game/SpecialStates,transitionInto__14StateBugAttack,0x1c5a48,156,asm
game/SpecialStates,update__14StateBugAttack,0x1c5ae8,628,asm
game/SpecialStates,handlePreemption__14StateBugAttackP12MonsterState,0x1c5d60,56,asm
game/SpecialStates,acceptHit__14StateBugAttackR8HitEvent,0x1c5d98,72,asm
game/SpecialStates,__17StateCrowdControl,0x1c5de0,428,asm
game/SpecialStates,init__17StateCrowdControlP7Monster,0x1c5f90,48,asm
game/SpecialStates,transitionOK__17StateCrowdControl,0x1c5fc0,248,asm
game/SpecialStates,transitionInto__17StateCrowdControl,0x1c60b8,1560,asm
game/SpecialStates,update__17StateCrowdControl,0x1c66d0,820,asm
game/SpecialStates,handlePreemption__17StateCrowdControlP12MonsterState,0x1c6a08,68,asm
game/SpecialStates,acceptHit__17StateCrowdControlR8HitEvent,0x1c6a50,16,asm
game/SpecialStates,__15StateFireBreath,0x1c6a60,196,asm
game/SpecialStates,init__15StateFireBreathP7Monster,0x1c6b28,12,asm
game/SpecialStates,transitionOK__15StateFireBreath,0x1c6b38,136,asm
game/SpecialStates,transitionInto__15StateFireBreath,0x1c6bc0,148,asm
game/SpecialStates,update__15StateFireBreath,0x1c6c58,376,asm
game/SpecialStates,acceptHit__15StateFireBreathR8HitEvent,0x1c6dd0,72,asm
game/SpecialStates,handleApplyMint__15StateFireBreath,0x1c6e18,56,asm
game/SpecialStates,__16StateGrappleHook,0x1c6e50,296,asm
game/SpecialStates,init__16StateGrappleHookP7Monster,0x1c6f78,144,asm
game/SpecialStates,transitionOK__16StateGrappleHook,0x1c7008,148,asm
game/SpecialStates,transitionInto__16StateGrappleHook,0x1c70a0,464,asm
game/SpecialStates,update__16StateGrappleHook,0x1c7270,1572,asm
game/SpecialStates,handlePreemption__16StateGrappleHookP12MonsterState,0x1c7898,76,asm
game/SpecialStates,testCollis__16StateGrappleHook,0x1c78e8,904,asm
game/SpecialStates,getChainEnd__16StateGrappleHook,0x1c7c70,12,asm
game/SpecialStates,updateHoming__16StateGrappleHook,0x1c7c80,344,asm
game/SpecialStates,acceptHit__16StateGrappleHookR8HitEvent,0x1c7dd8,72,asm
game/SpecialStates,__14StateLavaBlast,0x1c7e20,292,asm
game/SpecialStates,init__14StateLavaBlastP7Monster,0x1c7f48,84,asm
game/SpecialStates,transitionOK__14StateLavaBlast,0x1c7fa0,148,asm
game/SpecialStates,transitionInto__14StateLavaBlast,0x1c8038,248,asm
game/SpecialStates,update__14StateLavaBlast,0x1c8130,1216,asm
game/SpecialStates,enterSubState__14StateLavaBlastQ214StateLavaBlast8SubState,0x1c85f0,572,asm
game/SpecialStates,handlePreemption__14StateLavaBlastP12MonsterState,0x1c8830,104,asm
game/SpecialStates,acceptHit__14StateLavaBlastR8HitEvent,0x1c8898,72,asm
game/SpecialStates,__17StateRobotSpecial,0x1c88e0,612,asm
game/SpecialStates,init__17StateRobotSpecialP7Monster,0x1c8b48,84,asm
game/SpecialStates,transitionOK__17StateRobotSpecial,0x1c8ba0,176,asm
game/SpecialStates,transitionInto__17StateRobotSpecial,0x1c8c50,260,asm
game/SpecialStates,update__17StateRobotSpecial,0x1c8d58,1440,asm
game/SpecialStates,enterSubState__17StateRobotSpecialQ217StateRobotSpecial8SubState,0x1c92f8,752,asm
game/SpecialStates,acceptHit__17StateRobotSpecialR8HitEvent,0x1c95e8,72,asm
game/SpecialStates,handlePreemption__17StateRobotSpecialP12MonsterState,0x1c9630,128,asm
game/SpecialStates,__16StateRockSpecial,0x1c96b0,512,asm
game/SpecialStates,init__16StateRockSpecialP7Monster,0x1c98b0,8,asm
game/SpecialStates,transitionOK__16StateRockSpecial,0x1c98b8,728,asm
game/SpecialStates,transitionInto__16StateRockSpecial,0x1c9b90,296,asm
game/SpecialStates,update__16StateRockSpecial,0x1c9cb8,612,asm
game/SpecialStates,handlePreemption__16StateRockSpecialP12MonsterState,0x1c9f20,8,asm
game/SpecialStates,acceptHit__16StateRockSpecialR8HitEvent,0x1c9f28,72,asm
game/SpecialStates,__14StateSonicRoar,0x1c9f70,272,asm
game/SpecialStates,init__14StateSonicRoarP7Monster,0x1ca080,100,asm
game/SpecialStates,transitionOK__14StateSonicRoar,0x1ca0e8,148,asm
game/SpecialStates,transitionInto__14StateSonicRoar,0x1ca180,484,asm
game/SpecialStates,update__14StateSonicRoar,0x1ca368,1016,asm
game/SpecialStates,testConeCollis__14StateSonicRoar,0x1ca760,1324,asm
game/SpecialStates,handlePreemption__14StateSonicRoarP12MonsterState,0x1cac90,132,asm
game/SpecialStates,acceptHit__14StateSonicRoarR8HitEvent,0x1cad18,72,asm
game/SpecialStates,__14StateZapAttack,0x1cad60,188,asm
game/SpecialStates,init__14StateZapAttackP7Monster,0x1cae20,8,asm
game/SpecialStates,transitionOK__14StateZapAttack,0x1cae28,148,asm
game/SpecialStates,transitionInto__14StateZapAttack,0x1caec0,352,asm
game/SpecialStates,update__14StateZapAttack,0x1cb020,4604,asm
game/SpecialStates,handlePreemption__14StateZapAttackP12MonsterState,0x1cc220,32,asm
game/SpecialStates,acceptHit__14StateZapAttackR8HitEvent,0x1cc240,72,asm
game/SpecialStates,__12StateTopSpin,0x1cc288,176,asm
game/SpecialStates,init__12StateTopSpinP7Monster,0x1cc338,8,asm
game/SpecialStates,transitionOK__12StateTopSpin,0x1cc340,56,asm
game/SpecialStates,transitionInto__12StateTopSpin,0x1cc378,304,asm
game/SpecialStates,update__12StateTopSpin,0x1cc4a8,1488,asm
game/SpecialStates,handlePreemption__12StateTopSpinP12MonsterState,0x1cca78,56,asm
game/SpecialStates,acceptHit__12StateTopSpinR8HitEvent,0x1ccab0,336,asm
game/SpecialStates,__16StateCannonHands,0x1ccc00,208,asm
game/SpecialStates,init__16StateCannonHandsP7Monster,0x1cccd0,84,asm
game/SpecialStates,transitionOK__16StateCannonHands,0x1ccd28,144,asm
game/SpecialStates,transitionInto__16StateCannonHands,0x1ccdb8,284,asm
game/SpecialStates,update__16StateCannonHands,0x1cced8,1148,asm
game/SpecialStates,enterSubState__16StateCannonHandsQ216StateCannonHands8SubState,0x1cd358,544,asm
game/SpecialStates,acceptHit__16StateCannonHandsR8HitEvent,0x1cd578,8,asm
game/SpecialStates,handlePreemption__16StateCannonHandsP12MonsterState,0x1cd580,124,asm
game/SpecialStates,__15StateUltraTazer,0x1cd600,116,asm
game/SpecialStates,init__15StateUltraTazerP7Monster,0x1cd678,8,asm
game/SpecialStates,transitionOK__15StateUltraTazer,0x1cd680,92,asm
game/SpecialStates,transitionInto__15StateUltraTazer,0x1cd6e0,188,asm
game/SpecialStates,update__15StateUltraTazer,0x1cd7a0,1488,asm
game/SpecialStates,testCollis__15StateUltraTazer,0x1cdd70,8,asm
game/SpecialStates,handlePreemption__15StateUltraTazerP12MonsterState,0x1cdd78,8,asm
game/SpecialStates,acceptHit__15StateUltraTazerR8HitEvent,0x1cdd80,192,asm
game/SpecialStates,__tf14StateAirStrike,0x1cde50,80,asm
game/SpecialStates,flyBeacon__14StateAirStrikePv,0x1cdea0,28,asm
game/SpecialStates,inWindUp__14StateAirStrike,0x1cdec0,16,asm
game/SpecialStates,inWindDown__14StateAirStrike,0x1cded0,16,asm
game/SpecialStates,__tf14StateBugAttack,0x1cdee0,80,asm
game/SpecialStates,inWindUp__14StateBugAttack,0x1cdf30,16,asm
game/SpecialStates,inWindDown__14StateBugAttack,0x1cdf40,16,asm
game/SpecialStates,__tf17StateCrowdControl,0x1cdf50,80,asm
game/SpecialStates,setFxEp__17StateCrowdControlP9_hierhead,0x1cdfa0,8,asm
game/SpecialStates,getMaxRange__17StateCrowdControl,0x1cdfa8,24,asm
game/SpecialStates,__tf15StateFireBreath,0x1cdfc0,80,asm
game/SpecialStates,inWindUp__15StateFireBreath,0x1ce010,16,asm
game/SpecialStates,inWindDown__15StateFireBreath,0x1ce020,16,asm
game/SpecialStates,__tf16StateGrappleHook,0x1ce030,80,asm
game/SpecialStates,inWindUp__16StateGrappleHook,0x1ce080,16,asm
game/SpecialStates,inWindDown__16StateGrappleHook,0x1ce090,16,asm
game/SpecialStates,__tf14StateLavaBlast,0x1ce0a0,80,asm
game/SpecialStates,inWindUp__14StateLavaBlast,0x1ce0f0,16,asm
game/SpecialStates,inWindDown__14StateLavaBlast,0x1ce100,16,asm
game/SpecialStates,getOnFireDamage__14StateLavaBlast,0x1ce110,8,asm
game/SpecialStates,getOnFireDuration__14StateLavaBlast,0x1ce118,8,asm
game/SpecialStates,getImpactDamage__14StateLavaBlast,0x1ce120,8,asm
game/SpecialStates,getSpeedMPH__14StateLavaBlast,0x1ce128,8,asm
game/SpecialStates,getHorizontalHoming__14StateLavaBlast,0x1ce130,8,asm
game/SpecialStates,getVerticalHoming__14StateLavaBlast,0x1ce138,8,asm
game/SpecialStates,__tf17StateRobotSpecial,0x1ce140,80,asm
game/SpecialStates,inWindUp__17StateRobotSpecial,0x1ce190,12,asm
game/SpecialStates,inWindDown__17StateRobotSpecial,0x1ce1a0,16,asm
game/SpecialStates,getMissileDuration__17StateRobotSpecial,0x1ce1b0,8,asm
game/SpecialStates,getMissileMaxSpeedMPH__17StateRobotSpecial,0x1ce1b8,8,asm
game/SpecialStates,getMissileHomingFactor__17StateRobotSpecial,0x1ce1c0,8,asm
game/SpecialStates,getShockConfig__17StateRobotSpecial,0x1ce1c8,8,asm
game/SpecialStates,getFxAnimSpeed__17StateRobotSpecial,0x1ce1d0,8,asm
game/SpecialStates,__tf16StateRockSpecial,0x1ce1d8,80,asm
game/SpecialStates,inWindUp__16StateRockSpecial,0x1ce228,16,asm
game/SpecialStates,inWindDown__16StateRockSpecial,0x1ce238,16,asm
game/SpecialStates,getHeadDuration__16StateRockSpecial,0x1ce248,8,asm
game/SpecialStates,getKnockBackUp__16StateRockSpecial,0x1ce250,8,asm
game/SpecialStates,getKnockBackOut__16StateRockSpecial,0x1ce258,8,asm
game/SpecialStates,__tf14StateSonicRoar,0x1ce260,80,asm
game/SpecialStates,inWindUp__14StateSonicRoar,0x1ce2b0,16,asm
game/SpecialStates,inWindDown__14StateSonicRoar,0x1ce2c0,16,asm
game/SpecialStates,__tf14StateZapAttack,0x1ce2d0,80,asm
game/SpecialStates,inWindUp__14StateZapAttack,0x1ce320,16,asm
game/SpecialStates,inWindDown__14StateZapAttack,0x1ce330,16,asm
game/SpecialStates,__tf12StateTopSpin,0x1ce340,80,asm
game/SpecialStates,__tf16StateCannonHands,0x1ce390,80,asm
game/SpecialStates,__tf15StateUltraTazer,0x1ce3e0,80,asm
game/SpecialStates,update__8OgreMacePv,0x1ce430,28,asm
game/SpecFxAnim,addInstance__10SpecFxAnimP9_hierheadi,0x1ce4a0,64,matched
game/SpecFxAnim,isInstanceAvailable__10SpecFxAnimP7Monsteri,0x1ce4e0,80,equivalent
game/SpecFxAnim,getInstance__10SpecFxAnimP7Monsteri,0x1ce530,128,asm
game/SpecFxAnim,__10SpecFxAnim,0x1ce5b0,60,asm
game/SpecFxAnim,registerModel__10SpecFxAnimP9_hierheadi,0x1ce5f0,148,asm
game/SpecFxAnim,initBeforeDbLoad__10SpecFxAnim,0x1ce688,52,equivalent
game/SpecFxAnim,initAfterDbLoad__10SpecFxAnim,0x1ce6c0,140,asm
game/SpecFxAnim,launch__10SpecFxAnim,0x1ce750,48,matched
game/SpecFxAnim,end__10SpecFxAnim,0x1ce780,52,matched
game/SpecFxAnim,kill__10SpecFxAnim,0x1ce7b8,16,matched
game/SpecFxAnim,startAnim__10SpecFxAnimi,0x1ce7c8,72,matched
game/SpecFxAnim,updateOrient__10SpecFxAnim,0x1ce810,408,asm
game/SpecFxAnim,__static_initialization_and_destruction_0,0x1ce9a8,100,asm
game/SpecFxAnim,_GLOBAL_$I$_10SpecFxAnim$s_numFxs,0x1cea10,32,asm
game/StartPoints,addPoint__11StartPointsUcP8_fvectorfb,0x1cea30,84,equivalent
game/StartPoints,clear__11StartPoints,0x1cea88,52,matched
game/StartPoints,getNumPoints__11StartPointsUc,0x1ceac0,28,matched
game/StartPoints,getPoint__11StartPointsUci,0x1ceae0,36,matched
game/StartPoints,isThisTypeFull__11StartPointsUc,0x1ceb08,44,matched
game/StartPoints,getNextPoint__11StartPointsUc,0x1ceb38,60,equivalent
game/StartPointTool,loadPoints__14StartPointTool,0x1ceb78,112,matched
game/StartPointTool,init__14StartPointTooli,0x1cebe8,84,matched
game/StartPointTool,exportPoints__14StartPointTool,0x1cec40,152,matched
game/StartPointTool,degreesToData__14StartPointToolf,0x1cecd8,64,matched
game/StartPointTool,dataToDegrees__14StartPointToolUc,0x1ced18,72,matched
game/StartPointTool,__static_initialization_and_destruction_0,0x1ced60,40,asm
game/StartPointTool,__tf14StartPointTool,0x1ced88,80,asm
game/StartPointTool,__14StartPointTool,0x1cedd8,20,asm
game/StartPointTool,_GLOBAL_$I$_14StartPointTool$instance,0x1cedf0,32,asm
game/StickShaker,DefaultSetup__11StickShakerRt13ExpandingRing1Z17StickShakerConfig,0x1cee10,240,equivalent
game/StickShaker,Init__11StickShaker,0x1cef00,52,matched
game/StickShaker,Activate__11StickShakerP8_fvectorGt13ExpandingRing1Z17StickShakerConfigb,0x1cef38,580,equivalent
game/StickShaker,update__11StickShaker,0x1cf180,536,equivalent
game/StickShaker,__static_initialization_and_destruction_0,0x1cf398,116,asm
game/StickShaker,update__11StickShakerPv,0x1cf410,28,matched
game/StickShaker,_GLOBAL_$I$DefaultSetup__11StickShakerRt13ExpandingRing1Z17StickShakerConfig,0x1cf430,32,asm
game/SubwayPickup,__12SubwayPickup,0x1cf450,64,asm
game/SubwayPickup,initAfterDbLoad__12SubwayPickup,0x1cf490,292,asm
game/SubwayPickup,takeHit__12SubwayPickupP8_fvectorfi,0x1cf5b8,48,asm
game/SubwayPickup,kill__12SubwayPickup,0x1cf5e8,60,asm
game/SubwayPickup,drop__12SubwayPickup,0x1cf628,64,asm
game/SubwayPickup,update__12SubwayPickup,0x1cf668,516,asm
game/SubwayPickup,__tf12SubwayPickup,0x1cf8a8,80,asm
game/SubwayPickup,getVel__12SubwayPickup,0x1cf8f8,8,asm
game/TankPickup,__10TankPickup,0x1cf900,92,asm
game/TankPickup,initAfterDbLoad__10TankPickup,0x1cf960,204,asm
game/TankPickup,setTrans__10TankPickupR8_fvector,0x1cfa30,72,matched
game/TankPickup,takeHit__10TankPickupP8_fvectorfi,0x1cfa78,80,matched
game/TankPickup,drop__10TankPickup,0x1cfac8,60,matched
game/TankPickup,kill__10TankPickup,0x1cfb08,132,asm
game/TankPickup,fire__10TankPickupR7GamePad,0x1cfb90,116,asm
game/TankPickup,update__10TankPickup,0x1cfc08,356,asm
game/TankPickup,updateLeadBehavior__10TankPickupR7GamePad,0x1cfd70,196,asm
game/TankPickup,updateFollowBehavior__10TankPickupR7GamePad,0x1cfe38,28,matched
game/TankPickup,updateAttackBehavior__10TankPickupR7GamePad,0x1cfe58,792,asm
game/TankPickup,enterState__10TankPickupQ214MilitaryPickup5State,0x1d0170,356,asm
game/TankPickup,leadFormation__10TankPickup,0x1d02d8,72,equivalent
game/TankPickup,followFormation__10TankPickup,0x1d0320,76,matched
game/TankPickup,resignFormation__10TankPickup,0x1d0370,36,matched
game/TankPickup,__tf10TankPickup,0x1d03d0,80,asm
game/TankVehicle,__11TankVehicle,0x1d0420,120,asm
game/TankVehicle,updateControls__11TankVehicleR7GamePad,0x1d0498,304,asm
game/TurretPickup,__12TurretPickup,0x1d05c8,52,asm
game/TurretPickup,initAfterDbLoad__12TurretPickup,0x1d0600,256,asm
game/TurretPickup,takeHit__12TurretPickupP8_fvectorfi,0x1d0700,16,matched
game/TurretPickup,drop__12TurretPickup,0x1d0710,60,matched
game/TurretPickup,kill__12TurretPickup,0x1d0750,160,asm
game/TurretPickup,update__12TurretPickup,0x1d07f0,68,asm
game/TurretPickup,fire__12TurretPickupR8_fvector,0x1d0838,120,asm
game/TurretPickup,grab__12TurretPickupi,0x1d08b0,56,matched
game/TurretPickup,updateBehavior__12TurretPickup,0x1d08e8,1600,asm
game/TurretPickup,enterState__12TurretPickupQ212TurretPickup5State,0x1d0f28,184,asm
game/TurretPickup,__tf12TurretPickup,0x1d1018,80,asm
game/TurretPickup,getState__12TurretPickup,0x1d1068,8,matched
game/threemile,threeMileIsTubActive__Fv,0x1d1070,16,asm
game/threemile,threeMileGetTubInitiator__Fv,0x1d1080,8,asm
game/threemile,threeMileInitBefore__Fv,0x1d1088,340,asm
game/threemile,threeMileInitAfter__Fv,0x1d11e0,388,asm
game/threemile,threeMileInitAi__Fv,0x1d1368,120,asm
game/threemile,threeMileUpdate__Fv,0x1d13e0,440,asm
game/threemile,threeMileUpdateStamina__Fv,0x1d1598,240,asm
game/threemile,threeMileUpdateTub__Fv,0x1d1688,236,asm
game/threemile,threeMileUpdateStacks__Fv,0x1d1778,1388,asm
game/threemile,threeMileUpdateCountDown__Fv,0x1d1ce8,2080,asm
game/threemile,threeMileUpdateTransition__Fv,0x1d2508,144,asm
game/threemile,threeMilePlayFx__FP8_fvector,0x1d2598,156,asm
game/threemile,threeMileDrawFlash__Fv,0x1d2638,332,asm
game/threemile,threeMileUpdateRespawn__Fv,0x1d2788,852,asm
game/threemile,threeMileFillTub__FP7Monster,0x1d2ae0,168,asm
game/threemile,threeMileStartVent__Fv,0x1d2b88,136,asm
game/threemile,threeMileAddEpNode__FP9_hierhead,0x1d2c10,272,asm
game/threemile,threeMileSetLocator__FiRA3_A3_fP8_fvector,0x1d2d20,128,asm
game/threemile,threeMileDecStamina__Ff,0x1d2da0,20,asm
game/threemile,threeMileActivateStack__Fi,0x1d2db8,76,asm
game/threemile,threeMileStackDestroyed__Fi,0x1d2e08,360,asm
game/threemile,threeMileRespawnAi__Fi,0x1d2f70,96,asm
game/threemile,threeMileGetHeadHealth__Fi,0x1d2fd0,28,asm
game/threemile,threeMileGetHeadPos__Fi,0x1d2ff0,24,asm
game/threemile,threeMileGetAttackState__Fv,0x1d3008,12,asm
game/threemile,threeMileGetCountDown__Fv,0x1d3018,8,asm
game/threemile,__9PlantBoss,0x1d3020,284,asm
game/threemile,__static_initialization_and_destruction_0,0x1d3140,92,asm
game/threemile,_GLOBAL_$I$plantBoss,0x1d3228,32,asm
game/StateThrowBack,__14StateThrowBackQ212MonsterState2IdUi,0x1d3248,412,asm
game/StateThrowBack,init__14StateThrowBackP7Monster,0x1d33e8,288,asm
game/StateThrowBack,transitionOK__14StateThrowBack,0x1d3508,40,asm
game/StateThrowBack,transitionInto__14StateThrowBack,0x1d3530,416,asm
game/StateThrowBack,takeStomp__14StateThrowBack,0x1d36d0,52,asm
game/StateThrowBack,update__14StateThrowBack,0x1d3708,2048,asm
game/StateThrowBack,enterSubState__14StateThrowBackQ214StateThrowBack8SubState,0x1d3f08,2996,asm
game/StateThrowBack,updateFlail__14StateThrowBack,0x1d4ac0,444,asm
game/StateThrowBack,rampInAdds__14StateThrowBackf,0x1d4c80,340,asm
game/StateThrowBack,rampOutAdds__14StateThrowBackf,0x1d4dd8,112,asm
game/StateThrowBack,updateDynamics__14StateThrowBackf,0x1d4e48,204,asm
game/StateThrowBack,updateUpperAdds__14StateThrowBackR8_fvectorf,0x1d4f18,356,asm
game/StateThrowBack,updateLowerAdds__14StateThrowBackR8_fvectorf,0x1d5080,352,asm
game/StateThrowBack,rotAroundBaseSphere__14StateThrowBackR8_fvector,0x1d51e0,196,asm
game/StateThrowBack,handleCollis__14StateThrowBackR9_hdResult,0x1d52a8,1824,asm
game/StateThrowBack,handleDamage__14StateThrowBackR9_hdResult,0x1d59c8,1388,asm
game/StateThrowBack,acceptHit__14StateThrowBackR8HitEvent,0x1d5f38,208,asm
game/StateThrowBack,handlePreemption__14StateThrowBackP12MonsterState,0x1d6008,192,asm
game/StateThrowBack,__17StateBeingSlammed,0x1d60c8,64,asm
game/StateThrowBack,transitionInto__17StateBeingSlammed,0x1d6108,48,asm
game/StateThrowBack,__16StateBeingThrown,0x1d6138,64,asm
game/StateThrowBack,transitionInto__16StateBeingThrown,0x1d6178,60,asm
game/StateThrowBack,__14StateKnockBack,0x1d61b8,60,asm
game/StateThrowBack,transitionInto__14StateKnockBack,0x1d61f8,60,asm
game/StateThrowBack,__17StateGrappleBreak,0x1d6238,64,asm
game/StateThrowBack,transitionInto__17StateGrappleBreak,0x1d6278,48,asm
game/StateThrowBack,__tf14StateThrowBack,0x1d62a8,80,asm
game/StateThrowBack,setThrowSource__14StateThrowBackP7Monster,0x1d62f8,8,asm
game/StateThrowBack,setPauseDuration__14StateThrowBackf,0x1d6300,8,asm
game/StateThrowBack,setCounterable__14StateThrowBackb,0x1d6308,8,asm
game/StateThrowBack,getSubState__14StateThrowBack,0x1d6310,8,asm
game/StateThrowBack,getThrowSource__14StateThrowBack,0x1d6318,8,asm
game/StateThrowBack,isCounterAvailable__14StateThrowBack,0x1d6320,40,asm
game/StateThrowBack,__tf17StateBeingSlammed,0x1d6348,136,asm
game/StateThrowBack,setDownTime__17StateBeingSlammedf,0x1d63d0,8,asm
game/StateThrowBack,__tf16StateBeingThrown,0x1d63d8,136,asm
game/StateThrowBack,__tf17StateGrappleBreak,0x1d6460,136,asm
game/StateThrowBack,__tf14StateKnockBack,0x1d64e8,136,asm
game/TokenManager,__12TokenManager,0x1d6598,40,matched
game/TokenManager,init__12TokenManager,0x1d65c0,104,equivalent
game/TokenManager,setMax__12TokenManagerPci,0x1d6628,204,asm
game/TokenManager,credit__12TokenManagerPci,0x1d66f8,236,asm
game/TokenManager,grandTotal__12TokenManager,0x1d67e8,100,matched
game/TokenManager,getTokenKey__12TokenManageri,0x1d6850,12,matched
game/TokenManager,setMilestone__12TokenManagerPciiQ212TokenManager13MilestoneType,0x1d6860,304,asm
game/TokenManager,tokenValue__12TokenManagerPc,0x1d6990,152,equivalent
game/TokenManager,tokenValue__12TokenManageri,0x1d6a28,176,asm
game/tokyo,tokyoGetTidalWaveSource__Fv,0x1d6ad8,8,matched
game/tokyo,tokyoInitBefore__Fv,0x1d6ae0,40,matched
game/tokyo,tokyoInitAfter__Fv,0x1d6b08,128,asm
game/tokyo,tokyoUpdate__Fv,0x1d6b88,1076,asm
game/tokyo,tokyoStartTidalWave__FP7Monster,0x1d6fc0,116,asm
game/tokyo,tokyoAddEpNode__FP9_hierhead,0x1d7038,8,matched
game/tokyo,init__8UfoTokyo,0x1d7040,256,asm
game/tokyo,update__8UfoTokyo,0x1d7140,400,asm
game/tokyo,takeHit__8UfoTokyoP8_fvectorfi,0x1d72d0,192,asm
game/tokyo,__static_initialization_and_destruction_0,0x1d7390,76,asm
game/tokyo,__tf8UfoTokyo,0x1d7428,80,asm
game/tokyo,_GLOBAL_$I$tidalWaveAnim,0x1d74b8,32,asm
game/ufo,ufoInitBefore__Fv,0x1d74d8,8,asm
game/ufo,ufoInitAfter__Fv,0x1d74e0,20,asm
game/ufo,ufoUpdate__Fv,0x1d74f8,528,asm
game/UfoNav,__6UfoNavR9UfoPickupP7PathNet,0x1d7708,32,asm
game/UfoNav,init__6UfoNav,0x1d7728,144,asm
game/UfoNav,update__6UfoNav,0x1d77b8,104,asm
game/UfoNav,disable__6UfoNav,0x1d7820,8,asm
game/UfoNav,wander__6UfoNav,0x1d7828,12,asm
game/UfoNav,seek__6UfoNavR8_fvectorf,0x1d7838,64,asm
game/UfoNav,target__6UfoNavR8_fvector,0x1d7878,16,asm
game/UfoNav,updateWander__6UfoNav,0x1d7888,80,asm
game/UfoNav,updateSeek__6UfoNav,0x1d78d8,664,asm
game/UfoNav,flee__6UfoNavR8_fvectorff,0x1d7b70,20,asm
game/UfoNav,updateFlee__6UfoNav,0x1d7b88,260,asm
game/UfoNav,followPath__6UfoNav,0x1d7c90,336,asm
game/UfoNav,nextTargetTrans__6UfoNav,0x1d7de0,792,asm
game/UfoNav,computePathInfo__6UfoNavP8PathNodeP4Path,0x1d80f8,240,asm
game/UfoNav,getRandPath__6UfoNav,0x1d81e8,184,asm
game/UfoNav,getSeekPath__6UfoNavR8_fvector,0x1d82a0,352,asm
game/UfoNav,getFleePath__6UfoNavR8_fvector,0x1d8400,352,asm
game/UfoPickup,__9UfoPickup,0x1d8560,72,asm
game/UfoPickup,initAfterDbLoad__9UfoPickup,0x1d85a8,492,asm
game/UfoPickup,takeHit__9UfoPickupP8_fvectorfi,0x1d8798,268,asm
game/UfoPickup,grab__9UfoPickupi,0x1d88a8,48,matched
game/UfoPickup,drop__9UfoPickup,0x1d88d8,60,matched
game/UfoPickup,kill__9UfoPickup,0x1d8918,188,asm
game/UfoPickup,update__9UfoPickup,0x1d89d8,632,asm
game/UfoPickup,fire__9UfoPickupR8_fvector,0x1d8c50,184,asm
game/UfoPickup,regen__9UfoPickup,0x1d8d08,120,asm
game/UfoPickup,updateAttackBehavior__9UfoPickup,0x1d8d80,1132,asm
game/UfoPickup,enterState__9UfoPickupQ29UfoPickup5State,0x1d91f0,344,asm
game/UfoPickup,__tf9UfoPickup,0x1d9380,80,asm
game/UfoPickup,getVel__9UfoPickup,0x1d93d0,8,matched
game/ui,uiMain__Fi,0x1d93d8,1168,asm
game/ui,userintMain__Fv,0x1d9868,1872,asm
game/ui,userintReturnToShell__Fiii,0x1d9fb8,48,asm
game/ui,userintTimeToReturnToShell__Fv,0x1d9fe8,48,asm
game/ui,uiFadeScreen__FUi,0x1da018,356,asm
game/ui,uiInitScreens__FP3_cs,0x1da180,580,asm
game/ui,uiIntro__Fv,0x1da3c8,116,asm
game/ui,uiOutro__Fv,0x1da440,116,asm
game/ui,playMovie__Fv,0x1da4b8,1000,asm
game/ui,uiValidateMonster__Fi,0x1da8a0,212,asm
game/ui,uiAlignItemWithCamera__FP3_csfff,0x1da978,232,asm
game/ui,letterboxDmaData__Ff,0x1daa60,472,asm
game/ui,blackenScreen__Fv,0x1dac38,304,asm
game/ui,uiInit__Fv,0x1dad68,216,asm
game/ui,__static_initialization_and_destruction_0,0x1dae40,168,asm
game/ui,_GLOBAL_$I$myMovie,0x1daee8,32,asm
game/uidev,uidevMain__Fv,0x1daf08,448,asm
game/uidev,__________CDevUi____________Fv,0x1db0c8,8,asm
game/uidev,Init__6CDevUi,0x1db0d0,176,asm
game/uidev,Draw__6CDevUi,0x1db180,44,asm
game/uidev,Update__6CDevUi,0x1db1b0,44,asm
game/uidev,AddScreen__6CDevUiP7CScreenb,0x1db1e0,104,asm
game/uidev,MoveOn__6CDevUi,0x1db248,1084,asm
game/uidev,MoveBack__6CDevUi,0x1db688,76,asm
game/uidev,__________CScreen____________Fv,0x1db6d8,8,asm
game/uidev,Init__7CScreen,0x1db6e0,12,asm
game/uidev,Setup__7CScreen,0x1db6f0,12,asm
game/uidev,Cleanup__7CScreen,0x1db700,12,asm
game/uidev,Update__7CScreen,0x1db710,8,asm
game/uidev,Draw__7CScreen,0x1db718,8,asm
game/uidev,__________CDevScreen____________Fv,0x1db720,8,asm
game/uidev,Init__10CDevScreen,0x1db728,744,asm
game/uidev,Setup__10CDevScreen,0x1dba10,8,asm
game/uidev,Cleanup__10CDevScreen,0x1dba18,8,asm
game/uidev,Update__10CDevScreen,0x1dba20,352,asm
game/uidev,Draw__10CDevScreen,0x1dbb80,96,asm
game/uidev,__________CNetworkScreen____________Fv,0x1dbbe0,8,asm
game/uidev,Init__14CNetworkScreen,0x1dbbe8,804,asm
game/uidev,Setup__14CNetworkScreen,0x1dbf10,8,asm
game/uidev,Cleanup__14CNetworkScreen,0x1dbf18,8,asm
game/uidev,Update__14CNetworkScreen,0x1dbf20,312,asm
game/uidev,Draw__14CNetworkScreen,0x1dc058,96,asm
game/uidev,__________CBoundBox____________Fv,0x1dc0b8,8,asm
game/uidev,SetBox__9CBoundBoxiiii,0x1dc0c0,20,asm
game/uidev,GetBox__9CBoundBoxPiN31,0x1dc0d8,36,asm
game/uidev,Draw__9CBoundBoxi,0x1dc100,592,asm
game/uidev,__________CScreenSection____________Fv,0x1dc350,8,asm
game/uidev,SetTitle__14CScreenSectionPc,0x1dc358,28,asm
game/uidev,Init__14CScreenSection,0x1dc378,8,asm
game/uidev,Draw__14CScreenSection,0x1dc380,28,asm
game/uidev,DrawTitle__14CScreenSectioni,0x1dc3a0,160,asm
game/uidev,Update__14CScreenSection,0x1dc440,8,asm
game/uidev,__________CFunctionalSection____________Fv,0x1dc448,8,asm
game/uidev,SetActive__18CFunctionalSectioni,0x1dc450,8,asm
game/uidev,Init__18CFunctionalSectionPc,0x1dc458,8,asm
game/uidev,Draw__18CFunctionalSection,0x1dc460,100,asm
game/uidev,DrawContents__18CFunctionalSection,0x1dc4c8,8,asm
game/uidev,DrawFooter__18CFunctionalSectioni,0x1dc4d0,8,asm
game/uidev,Update__18CFunctionalSection,0x1dc4d8,8,asm
game/uidev,MoveForward__18CFunctionalSectioni,0x1dc4e0,156,asm
game/uidev,MoveBack__18CFunctionalSectioni,0x1dc580,156,asm
game/uidev,HandleInput__18CFunctionalSection,0x1dc620,176,asm
game/uidev,FinishSelection__18CFunctionalSection,0x1dc6d0,52,asm
game/uidev,UndoSelection__18CFunctionalSection,0x1dc708,52,asm
game/uidev,__________CVerticalSection____________Fv,0x1dc740,8,asm
game/uidev,Init__16CVerticalSectionPc,0x1dc748,164,asm
game/uidev,DrawContents__16CVerticalSection,0x1dc7f0,528,asm
game/uidev,DrawFooter__16CVerticalSectioni,0x1dca00,8,asm
game/uidev,Update__16CVerticalSectioni,0x1dca08,212,asm
game/uidev,HandleInput__16CVerticalSection,0x1dcae0,392,asm
game/uidev,__________CHorizontalSection____________Fv,0x1dcc68,8,asm
game/uidev,Init__18CHorizontalSectionPc,0x1dcc70,108,asm
game/uidev,DrawContents__18CHorizontalSection,0x1dcce0,332,asm
game/uidev,DrawFooter__18CHorizontalSectioni,0x1dce30,8,asm
game/uidev,Update__18CHorizontalSection,0x1dce38,8,asm
game/uidev,HandleInput__18CHorizontalSection,0x1dce40,248,asm
game/uidev,FinishSelection__18CHorizontalSection,0x1dcf38,52,asm
game/uidev,UndoSelection__18CHorizontalSection,0x1dcf70,52,asm
game/uidev,FinishSelection__16CVerticalSection,0x1dcfa8,52,asm
game/uidev,UndoSelection__16CVerticalSection,0x1dcfe0,52,asm
game/uidev,updateLevelStrings__Fv,0x1dd018,352,asm
game/uidev,updateServerStrings__Fv,0x1dd178,356,asm
game/uidev,__static_initialization_and_destruction_0,0x1dd2e0,160,asm
game/uidev,__tf14CScreenSection,0x1dd380,60,asm
game/uidev,GetTitle__14CScreenSection,0x1dd3c0,8,asm
game/uidev,SetBox__14CScreenSectioniiii,0x1dd3c8,28,asm
game/uidev,GetBox__14CScreenSectionPiN31,0x1dd3e8,28,asm
game/uidev,__tf18CFunctionalSection,0x1dd408,108,asm
game/uidev,IsActive__18CFunctionalSection,0x1dd478,8,asm
game/uidev,__tf18CHorizontalSection,0x1dd480,152,asm
game/uidev,__tf16CVerticalSection,0x1dd518,152,asm
game/uidev,__tf7CScreen,0x1dd5b0,60,asm
game/uidev,__tf10CDevScreen,0x1dd5f0,108,asm
game/uidev,__10CDevScreen,0x1dd660,80,asm
game/uidev,__tf14CNetworkScreen,0x1dd6b0,108,asm
game/uidev,__14CNetworkScreen,0x1dd720,72,asm
game/uidev,_GLOBAL_$I$devScreen,0x1dd768,32,asm
game/vegas,vegasInitBefore__Fv,0x1dd788,8,matched
game/vegas,vegasInitAfter__Fv,0x1dd790,32,matched
game/vegas,vegasUpdate__Fv,0x1dd7b0,884,asm
game/Vehicle,getHatField__Fv,0x1ddb28,96,asm
game/Vehicle,__7Vehicle,0x1ddb88,136,asm
game/Vehicle,setCs__7VehicleP3_cs,0x1ddc10,76,equivalent
game/Vehicle,setPos__7VehicleR8_fvector,0x1ddc60,24,equivalent
game/Vehicle,updateControls__7VehicleR7GamePad,0x1ddc78,164,asm
game/Vehicle,updatePosition__7Vehicle,0x1ddd20,116,asm
game/Vehicle,updateCollision__7Vehicle,0x1ddd98,272,asm
game/Vehicle,updateSteering__7Vehiclef,0x1ddea8,192,asm
game/Vehicle,updateThrottle__7Vehiclef,0x1ddf68,104,equivalent
game/Vehicle,orientUpToNormal__7VehicleR8_fvectorf,0x1ddfd0,228,asm
game/VehicleNavigator,__16VehicleNavigatorR7VehicleP7PathNet,0x1de0b8,88,asm
game/VehicleNavigator,init__16VehicleNavigator,0x1de110,140,asm
game/VehicleNavigator,update__16VehicleNavigatorR7GamePad,0x1de1a0,296,asm
game/VehicleNavigator,updateSteering__16VehicleNavigatorR7GamePadff,0x1de2c8,300,asm
game/VehicleNavigator,disable__16VehicleNavigator,0x1de3f8,8,asm
game/VehicleNavigator,wander__16VehicleNavigator,0x1de400,20,asm
game/VehicleNavigator,seek__16VehicleNavigatorR8_fvectorf,0x1de418,28,asm
game/VehicleNavigator,target__16VehicleNavigatorR8_fvector,0x1de438,16,asm
game/VehicleNavigator,arrive__16VehicleNavigatorR8_fvectorf,0x1de448,28,asm
game/VehicleNavigator,updateSeek__16VehicleNavigator,0x1de468,388,asm
game/VehicleNavigator,targetPin__16VehicleNavigatorR8_fvector,0x1de5f0,132,asm
game/VehicleNavigator,updateArrive__16VehicleNavigator,0x1de678,580,asm
game/VehicleNavigator,flee__16VehicleNavigatorR8_fvectorff,0x1de8c0,28,asm
game/VehicleNavigator,updateFlee__16VehicleNavigator,0x1de8e0,256,asm
game/VehicleNavigator,orientTo__16VehicleNavigatorR8_fvectorf,0x1de9e0,176,asm
game/VehicleNavigator,unalignedAvoid__16VehicleNavigator,0x1dea90,1800,asm
game/VehicleNavigator,pathContain__16VehicleNavigatorf,0x1df198,524,asm
game/VehicleNavigator,followPath__16VehicleNavigator,0x1df3a8,724,asm
game/VehicleNavigator,nextPathPoint__16VehicleNavigator,0x1df680,184,asm
game/VehicleNavigator,initPathInfo__16VehicleNavigatorP8PathNodeP4Path,0x1df738,220,asm
game/VehicleNavigator,nextPathInfo__16VehicleNavigatorP4Path,0x1df818,220,asm
game/VehicleNavigator,inPath__16VehicleNavigatorR8_fvector,0x1df8f8,160,asm
game/VehicleNavigator,clampTargetToPath__16VehicleNavigatorR8_fvectorT1,0x1df998,384,asm
game/VehicleNavigator,flipPath__16VehicleNavigator,0x1dfb18,124,asm
game/VehicleNavigator,getRandPath__16VehicleNavigator,0x1dfb98,184,asm
game/VehicleNavigator,getSeekPath__16VehicleNavigatorR8_fvector,0x1dfc50,352,asm
game/VehicleNavigator,getFleePath__16VehicleNavigatorR8_fvector,0x1dfdb0,352,asm
game/WaterGrid,__9WaterGridP9_hierhead,0x1dff10,368,asm
game/WaterGrid,reset__9WaterGrid,0x1e0080,60,asm
game/WaterGrid,update__9WaterGrid,0x1e00c0,1000,asm
game/WaterGrid,disturb__9WaterGridR8_fvectorff,0x1e04a8,448,asm
game/WaterGrid,update__9WaterGridPv,0x1e0668,28,matched
game/Weapon,__Q26Weapon8Dynamics,0x1e0688,64,asm
game/Weapon,InitWeaponsBefore__7Weapons,0x1e06c8,228,asm
game/Weapon,InitWeaponsAfter__7Weapons,0x1e07b0,1136,asm
game/Weapon,UpdateWeapons__7Weapons,0x1e0c20,400,asm
game/Weapon,WeaponInRadius__7WeaponsP8_fvectorfPP6Weapon,0x1e0db0,176,asm
game/Weapon,UpdateRotation__6Weapon,0x1e0e60,444,asm
game/Weapon,UpdateLockOnTarget__6Weapon,0x1e1020,764,asm
game/Weapon,UpdateLockAheadOfMonster__6Weapon,0x1e1320,860,asm
game/Weapon,UpdateLockVertical__6Weapon,0x1e1680,680,asm
game/Weapon,UpdateErraticity__6Weapon,0x1e1928,632,asm
game/Weapon,UpdateTranslation__6Weapon,0x1e1ba0,808,asm
game/Weapon,WeaponHD__6Weapon,0x1e1ec8,1632,asm
game/Weapon,setCsTransform__6WeaponP8_fvectorRA3_A3_f,0x1e2528,72,asm
game/Weapon,ComputeReflection__6WeaponP8_fvectorT1b,0x1e2570,440,asm
game/Weapon,CreateStaticWeapon__7WeaponsQ26Weapon10WeaponTypeiiP8_fvectorT4P9_hierhead,0x1e2728,432,asm
game/Weapon,CreateStaticWeapon__7WeaponsGQ2t10LinkedList1ZP6Pickup8IteratoriiP8_fvector,0x1e28d8,408,asm
game/Weapon,CreateLavaBall__7WeaponsP8_fvectorN21ii,0x1e2a70,772,asm
game/Weapon,CalculateBallisticArc__6Weapon,0x1e2d78,304,asm
game/Weapon,InitWeapon__6Weapon,0x1e2ea8,2380,asm
game/Weapon,KillWeapon__6Weapon,0x1e37f8,152,asm
game/Weapon,ricochetParticlesOffSurface__FiP8_fvectorN31,0x1e3890,408,asm
game/Weapon,DetonateWeapon__6WeaponR9_hdResult,0x1e3a28,4640,asm
game/Weapon,DispatchRangeBasedDamage__6Weapon,0x1e4c48,312,asm
game/Weapon,GetVel__6WeaponR8_fvector,0x1e4d80,100,asm
game/Weapon,DecrementWeaponCount__7WeaponsP7Monsteri,0x1e4de8,8,asm
game/Weapon,AddWeaponEpNode__7WeaponsiP9_hierhead,0x1e4df0,368,asm
game/Weapon,CreateFire__7WeaponsP8_fvectorfi,0x1e4f60,380,asm
game/Weapon,UpdateFlames__7Weapons,0x1e50e0,640,asm
gcc/libgcc2/do_global_dtors,__do_global_dtors,0x1e5360,84,asm
gcc/libgcc2/do_global_dtors,__do_global_ctors,0x1e53b8,176,asm
gcc/libgcc2/do_global_dtors,__main,0x1e5468,32,asm
gcc/libgcc2/pure_virtual,__pure_virtual,0x1e5488,8,asm
gcc/fp-bit,__pack_f,0x1e5490,268,asm
gcc/fp-bit,__unpack_f,0x1e55a0,144,asm
gcc/fp-bit,_fpadd_parts,0x1e5630,564,asm
gcc/fp-bit,fpadd,0x1e5868,88,asm
gcc/fp-bit,fpsub,0x1e58c0,100,asm
gcc/fp-bit,fpmul,0x1e5928,500,asm
gcc/fp-bit,fpdiv,0x1e5b20,352,asm
gcc/fp-bit,__fpcmp_parts_f,0x1e5c80,276,asm
gcc/fp-bit,fpcmp,0x1e5d98,76,asm
gcc/fp-bit,sitofp,0x1e5de8,184,asm
gcc/fp-bit,fptosi,0x1e5ea0,140,asm
gcc/fp-bit,fptoui,0x1e5f30,152,asm
gcc/fp-bit,__negsf2,0x1e5fc8,56,asm
gcc/fp-bit,__make_fp,0x1e6000,44,asm
gcc/fp-bit,fptodp,0x1e6030,64,asm
gcc/cp/new,set_new_handler__FPFv_v,0x1e6070,16,asm
gcc/cp/new,__vn__FUiPv,0x1e6080,8,asm
gcc/cp/new,__nw__FUiPv,0x1e6088,8,asm
gcc/cp/new,what__C9bad_alloc,0x1e6090,12,asm
gcc/cp/new,__tf9bad_alloc,0x1e60a0,80,asm
gcc/cp/new,_$_9bad_alloc,0x1e60f0,48,asm
gcc/cp/new2,__builtin_delete,0x1e6120,120,asm
gcc/cp/tinfo,_$_9type_info,0x1e6198,48,asm
gcc/cp/tinfo,__eq__C9type_infoRC9type_info,0x1e61c8,64,asm
gcc/cp/tinfo,__rtti_class,0x1e6208,36,asm
gcc/cp/tinfo,__rtti_si,0x1e6230,32,asm
gcc/cp/tinfo,__rtti_user,0x1e6250,28,asm
gcc/cp/tinfo,dcast__C16__user_type_infoRC9type_infoiPvPC9type_infoT3,0x1e6270,44,asm
gcc/cp/tinfo,dcast__C14__si_type_infoRC9type_infoiPvPC9type_infoT3,0x1e62a0,148,asm
gcc/cp/tinfo,dcast__C17__class_type_infoRC9type_infoiPvPC9type_infoT3,0x1e6338,472,asm
gcc/cp/tinfo,__17__class_type_infoPCcPCQ217__class_type_info9base_infoUi,0x1e6510,32,asm
gcc/cp/tinfo,__tf17__class_type_info,0x1e6530,80,asm
gcc/cp/tinfo,_$_17__class_type_info,0x1e6580,28,asm
gcc/cp/tinfo,__14__si_type_infoPCcRC16__user_type_info,0x1e65a0,28,asm
gcc/cp/tinfo,__tf14__si_type_info,0x1e65c0,80,asm
gcc/cp/tinfo,_$_14__si_type_info,0x1e6610,28,asm
gcc/cp/tinfo,__16__user_type_infoPCc,0x1e6630,24,asm
gcc/cp/tinfo,__tf16__user_type_info,0x1e6648,80,asm
gcc/cp/tinfo,_$_16__user_type_info,0x1e6698,28,asm
gcc/cp/tinfo,_$_10bad_typeid,0x1e66b8,48,asm
gcc/cp/tinfo,__10bad_typeid,0x1e66e8,20,asm
gcc/cp/tinfo,__tf10bad_typeid,0x1e6700,80,asm
gcc/cp/tinfo,_$_8bad_cast,0x1e6750,48,asm
gcc/cp/tinfo,__8bad_cast,0x1e6780,20,asm
gcc/cp/tinfo,__tf8bad_cast,0x1e6798,80,asm
gcc/cp/tinfo,__ne__C9type_infoRC9type_info,0x1e67e8,32,asm
gcc/cp/tinfo,name__C9type_info,0x1e6808,8,asm
gcc/cp/tinfo,__9type_infoPCc,0x1e6810,24,asm
gcc/cp/tinfo,__tf9type_info,0x1e6828,64,asm
gcc/libgcc2/default_terminate,__default_terminate,0x1e6868,16,asm
gcc/libgcc2/default_terminate,__terminate,0x1e6878,36,asm
gcc/libgcc2/default_terminate,__throw_type_match,0x1e68a0,44,asm
gcc/libgcc2/default_terminate,__empty,0x1e68d0,8,asm
gcc/libgcc2/default_terminate,new_eh_context,0x1e68d8,84,asm
gcc/libgcc2/default_terminate,__get_eh_context,0x1e6930,36,asm
gcc/libgcc2/default_terminate,__get_eh_info,0x1e6958,40,asm
gcc/libgcc2/default_terminate,eh_context_initialize,0x1e6980,40,asm
gcc/libgcc2/default_terminate,eh_context_static,0x1e69a8,104,asm
gcc/libgcc2/default_terminate,__get_dynamic_handler_chain,0x1e6a10,40,asm
gcc/libgcc2/default_terminate,__sjthrow,0x1e6a38,376,asm
gcc/libgcc2/default_terminate,__sjpopnthrow,0x1e6bb0,280,asm
gcc/libgcc2/default_terminate,__eh_rtime_match,0x1e6cc8,72,asm
gcc/libgcc2/default_terminate,__get_eh_table_version,0x1e6d10,8,asm
gcc/libgcc2/default_terminate,__get_eh_table_language,0x1e6d18,8,asm
gcc/libgcc2/default_terminate,old_find_exception_handler,0x1e6d20,216,asm
gcc/libgcc2/default_terminate,find_exception_handler,0x1e6df8,324,asm
gcc/libgcc2/default_terminate,get_reg_addr,0x1e6f40,136,asm
gcc/libgcc2/default_terminate,copy_reg,0x1e6fc8,124,asm
gcc/libgcc2/default_terminate,next_stack_level,0x1e7048,140,asm
gcc/libgcc2/default_terminate,__unwinding_cleanup,0x1e70d8,8,asm
gcc/libgcc2/default_terminate,throw_helper,0x1e70e0,816,asm
gcc/libgcc2/default_terminate,__throw,0x1e7410,476,asm
gcc/libgcc2/default_terminate,__rethrow,0x1e75f0,484,asm
gcc/dp-bit,__pack_d,0x1e77d8,300,asm
gcc/dp-bit,__unpack_d,0x1e7908,156,asm
gcc/dp-bit,_fpadd_parts,0x1e79a8,576,asm
gcc/dp-bit,dpadd,0x1e7be8,88,asm
gcc/dp-bit,dpsub,0x1e7c40,100,asm
gcc/dp-bit,dpmul,0x1e7ca8,680,asm
gcc/dp-bit,dpdiv,0x1e7f50,360,asm
gcc/dp-bit,__fpcmp_parts_d,0x1e80b8,276,asm
gcc/dp-bit,dpcmp,0x1e81d0,76,asm
gcc/dp-bit,litodp,0x1e8220,184,asm
gcc/dp-bit,dptoli,0x1e82d8,148,asm
gcc/dp-bit,dptoul,0x1e8370,160,asm
gcc/dp-bit,__negdf2,0x1e8410,56,asm
gcc/dp-bit,__make_dp,0x1e8448,44,asm
gcc/dp-bit,dptofp,0x1e8478,84,asm
gcc/cp/exception,terminate__Fv,0x1e84d0,24,asm
gcc/cp/exception,__default_unexpected__Fv,0x1e84e8,16,asm
gcc/cp/exception,set_terminate__FPFv_v,0x1e84f8,16,asm
gcc/cp/exception,set_unexpected__FPFv_v,0x1e8508,16,asm
gcc/cp/exception,unexpected__Fv,0x1e8518,24,asm
gcc/cp/exception,__cp_exception_info,0x1e8530,36,asm
gcc/cp/exception,__cp_eh_info,0x1e8558,32,asm
gcc/cp/exception,__start_cp_handler,0x1e8578,56,asm
gcc/cp/exception,__eh_alloc,0x1e85b0,40,asm
gcc/cp/exception,__eh_free,0x1e85d8,28,asm
gcc/cp/exception,__cplus_type_matcher,0x1e85f8,108,asm
gcc/cp/exception,__cp_push_exception,0x1e8668,144,asm
gcc/cp/exception,__cp_pop_exception,0x1e86f8,196,asm
gcc/cp/exception,__uncatch_exception,0x1e87c0,48,asm
gcc/cp/exception,__check_eh_spec,0x1e87f0,436,asm
gcc/cp/exception,__throw_bad_cast,0x1e89a8,128,asm
gcc/cp/exception,__throw_bad_typeid,0x1e8a28,128,asm
gcc/cp/exception,uncaught_exception__Fv,0x1e8aa8,52,asm
gcc/cp/exception,what__C9exception,0x1e8ae0,40,asm
gcc/cp/exception,_$_13bad_exception,0x1e8b08,48,asm
gcc/cp/exception,__13bad_exception,0x1e8b38,20,asm
gcc/cp/exception,__tf13bad_exception,0x1e8b50,80,asm
gcc/cp/exception,_$_9exception,0x1e8ba0,48,asm
gcc/cp/exception,__9exception,0x1e8bd0,20,asm
gcc/cp/exception,__tf9exception,0x1e8be8,64,asm
gcc/frame,decode_uleb128,0x1e8c28,68,asm
gcc/frame,decode_sleb128,0x1e8c70,80,asm
gcc/frame,fde_merge,0x1e8cc0,252,asm
gcc/frame,end_fde_sort,0x1e8dc0,612,asm
gcc/frame,count_fdes,0x1e9028,72,asm
gcc/frame,add_fdes,0x1e9070,136,asm
gcc/frame,frame_init,0x1e90f8,316,asm
gcc/frame,find_fde,0x1e9238,228,asm
gcc/frame,extract_cie_info,0x1e9320,260,asm
gcc/frame,execute_cfa_insn,0x1e9428,920,asm
gcc/frame,__register_frame_info,0x1e97c0,40,asm
gcc/frame,__register_frame,0x1e97e8,48,asm
gcc/frame,__register_frame_info_table,0x1e9818,40,asm
gcc/frame,__register_frame_table,0x1e9840,48,asm
gcc/frame,__deregister_frame_info,0x1e9870,120,asm
gcc/frame,__deregister_frame,0x1e98e8,32,asm
gcc/frame,__frame_state_for,0x1e9908,472,asm
gcc/frame,fde_split,0x1e9ae0,372,asm
gcc/cp/tinfo2,before__C9type_infoRC9type_info,0x1e9c58,36,asm
gcc/cp/tinfo2,__throw_type_match_rtti,0x1e9c80,1224,asm
gcc/cp/tinfo2,__is_pointer__FPv,0x1ea148,80,asm
gcc/cp/tinfo2,__rtti_ptr,0x1ea198,32,asm
gcc/cp/tinfo2,__rtti_attr,0x1ea1b8,36,asm
gcc/cp/tinfo2,__rtti_func,0x1ea1e0,28,asm
gcc/cp/tinfo2,__rtti_ptmf,0x1ea200,28,asm
gcc/cp/tinfo2,__rtti_ptmd,0x1ea220,28,asm
gcc/cp/tinfo2,__rtti_array,0x1ea240,28,asm
gcc/cp/tinfo2,__dynamic_cast,0x1ea260,172,asm
gcc/cp/tinfo2,__tfv,0x1ea310,52,asm
gcc/cp/tinfo2,__tfx,0x1ea348,52,asm
gcc/cp/tinfo2,__tfl,0x1ea380,52,asm
gcc/cp/tinfo2,__tfi,0x1ea3b8,52,asm
gcc/cp/tinfo2,__tfs,0x1ea3f0,52,asm
gcc/cp/tinfo2,__tfb,0x1ea428,52,asm
gcc/cp/tinfo2,__tfc,0x1ea460,52,asm
gcc/cp/tinfo2,__tfw,0x1ea498,52,asm
gcc/cp/tinfo2,__tfr,0x1ea4d0,52,asm
gcc/cp/tinfo2,__tfd,0x1ea508,52,asm
gcc/cp/tinfo2,__tff,0x1ea540,52,asm
gcc/cp/tinfo2,__tfUi,0x1ea578,52,asm
gcc/cp/tinfo2,__tfUl,0x1ea5b0,52,asm
gcc/cp/tinfo2,__tfUx,0x1ea5e8,52,asm
gcc/cp/tinfo2,__tfUs,0x1ea620,52,asm
gcc/cp/tinfo2,__tfUc,0x1ea658,52,asm
gcc/cp/tinfo2,__tfSc,0x1ea690,52,asm
gcc/cp/tinfo2,__tf17__array_type_info,0x1ea6c8,80,asm
gcc/cp/tinfo2,_$_17__array_type_info,0x1ea718,28,asm
gcc/cp/tinfo2,__tf16__ptmd_type_info,0x1ea738,80,asm
gcc/cp/tinfo2,_$_16__ptmd_type_info,0x1ea788,28,asm
gcc/cp/tinfo2,__tf16__ptmf_type_info,0x1ea7a8,80,asm
gcc/cp/tinfo2,_$_16__ptmf_type_info,0x1ea7f8,28,asm
gcc/cp/tinfo2,__tf16__func_type_info,0x1ea818,80,asm
gcc/cp/tinfo2,_$_16__func_type_info,0x1ea868,28,asm
gcc/cp/tinfo2,__tf19__builtin_type_info,0x1ea888,80,asm
gcc/cp/tinfo2,_$_19__builtin_type_info,0x1ea8d8,28,asm
gcc/cp/tinfo2,__tf16__attr_type_info,0x1ea8f8,80,asm
gcc/cp/tinfo2,_$_16__attr_type_info,0x1ea948,28,asm
gcc/cp/tinfo2,__tf19__pointer_type_info,0x1ea968,80,asm
gcc/cp/tinfo2,_$_19__pointer_type_info,0x1ea9b8,28,asm
gcc/libgcc2/muldi3,__muldi3,0x1ea9d8,96,asm
lib989snd/snd,snd_StartSoundSystem,0x1eaa38,576,asm
lib989snd/snd,snd_FlushSoundCommands,0x1eac78,560,asm
lib989snd/snd,snd_StopSoundSystem,0x1eaea8,44,asm
lib989snd/snd,snd_GetTick,0x1eaed8,36,asm
lib989snd/snd,snd_GetTick_CB,0x1eaf00,44,asm
lib989snd/snd,snd_GotReturns,0x1eaf30,100,asm
lib989snd/snd,snd_PrepareReturnBuffer,0x1eaf98,36,asm
lib989snd/snd,snd_BankLoad,0x1eafc0,308,asm
lib989snd/snd,snd_BankLoad_CB,0x1eb0f8,220,asm
lib989snd/snd,snd_BankLoadByLoc,0x1eb1d8,312,asm
lib989snd/snd,snd_BankLoadByLoc_CB,0x1eb310,308,asm
lib989snd/snd,snd_MMDLoad,0x1eb448,308,asm
lib989snd/snd,snd_MMDLoad_CB,0x1eb580,220,asm
lib989snd/snd,snd_MMDLoadByLoc,0x1eb660,312,asm
lib989snd/snd,snd_MMDLoadByLoc_CB,0x1eb798,284,asm
lib989snd/snd,snd_ResolveBankXREFS,0x1eb8b8,44,asm
lib989snd/snd,snd_UnloadBank,0x1eb8e8,48,asm
lib989snd/snd,snd_UnloadBank_CB,0x1eb918,48,asm
lib989snd/snd,snd_UnloadMMD,0x1eb948,48,asm
lib989snd/snd,snd_UnloadMMD_CB,0x1eb978,48,asm
lib989snd/snd,snd_SetMasterVolume,0x1eb9a8,52,asm
lib989snd/snd,snd_GetMasterVolume,0x1eb9e0,40,asm
lib989snd/snd,snd_GetMasterVolume_CB,0x1eba08,48,asm
lib989snd/snd,snd_SetPlaybackMode,0x1eba38,48,asm
lib989snd/snd,snd_GetPlaybackMode,0x1eba68,36,asm
lib989snd/snd,snd_GetPlaybackMode_CB,0x1eba90,44,asm
lib989snd/snd,snd_SetMixerMode,0x1ebac0,52,asm
lib989snd/snd,snd_SetPanMode,0x1ebaf8,48,asm
lib989snd/snd,snd_SetGroupVoiceRange,0x1ebb28,60,asm
lib989snd/snd,snd_PlaySoundVolPanPMPB,0x1ebb68,60,asm
lib989snd/snd,snd_PlaySoundByNameVolPanPMPB,0x1ebba8,64,asm
lib989snd/snd,snd_PlaySoundVolPanPMPB_A,0x1ebbe8,68,asm
lib989snd/snd,snd_PlaySoundByNameVolPanPMPB_A,0x1ebc30,76,asm
lib989snd/snd,snd_PlaySoundVolPanPMPB_CB,0x1ebc80,72,asm
lib989snd/snd,snd_PlaySoundByNameVolPanPMPB_CB,0x1ebcc8,80,asm
lib989snd/snd,snd_PlaySoundByStruct,0x1ebd18,36,asm
lib989snd/snd,snd_PlaySoundByStruct_A,0x1ebd40,44,asm
lib989snd/snd,snd_PlaySoundByStruct_CB,0x1ebd70,44,asm
lib989snd/snd,snd_StopSound,0x1ebda0,48,asm
lib989snd/snd,snd_GetSoundUserData,0x1ebdd0,60,asm
lib989snd/snd,snd_GetSoundUserData_CB,0x1ebe10,68,asm
lib989snd/snd,snd_PauseSound,0x1ebe58,48,asm
lib989snd/snd,snd_ContinueSound,0x1ebe88,48,asm
lib989snd/snd,snd_StopAllSounds,0x1ebeb8,44,asm
lib989snd/snd,snd_PauseAllSoundsInGroup,0x1ebee8,48,asm
lib989snd/snd,snd_ContinueAllSoundsInGroup,0x1ebf18,48,asm
lib989snd/snd,snd_SoundIsStillPlaying,0x1ebf48,40,asm
lib989snd/snd,snd_SoundIsStillPlaying_CB,0x1ebf70,48,asm
lib989snd/snd,snd_IsSoundALooper,0x1ebfa0,44,asm
lib989snd/snd,snd_IsSoundALooper_CB,0x1ebfd0,52,asm
lib989snd/snd,snd_SetSoundVolPan,0x1ec008,60,asm
lib989snd/snd,snd_GetSoundOriginalPitch,0x1ec048,44,asm
lib989snd/snd,snd_GetSoundOriginalPitch_CB,0x1ec078,52,asm
lib989snd/snd,snd_GetSoundCurrentPitch,0x1ec0b0,40,asm
lib989snd/snd,snd_GetSoundCurrentPitch_CB,0x1ec0d8,48,asm
lib989snd/snd,snd_SetSoundPitch,0x1ec108,52,asm
lib989snd/snd,snd_SetSoundPitchBend,0x1ec140,52,asm
lib989snd/snd,snd_SetSoundPitchModifier,0x1ec178,52,asm
lib989snd/snd,snd_SetSoundParams,0x1ec1b0,60,asm
lib989snd/snd,snd_SetSoundParams_A,0x1ec1f0,32,asm
lib989snd/snd,snd_SetSoundParams_CB,0x1ec210,72,asm
lib989snd/snd,snd_AutoVol,0x1ec258,60,asm
lib989snd/snd,snd_AutoPan,0x1ec298,64,asm
lib989snd/snd,snd_AutoPitch,0x1ec2d8,60,asm
lib989snd/snd,snd_AutoPitchBend,0x1ec318,60,asm
lib989snd/snd,snd_SetMIDIRegister,0x1ec358,60,asm
lib989snd/snd,snd_GetMIDIRegister,0x1ec398,44,asm
lib989snd/snd,snd_GetMIDIRegister_CB,0x1ec3c8,52,asm
lib989snd/snd,snd_SetGlobalExcite,0x1ec400,48,asm
lib989snd/snd,snd_GetGlobalExcite,0x1ec430,36,asm
lib989snd/snd,snd_GetGlobalExcite_CB,0x1ec458,44,asm
lib989snd/snd,snd_GetVoiceAllocation,0x1ec488,40,asm
lib989snd/snd,snd_GetVoiceAllocation_CB,0x1ec4b0,48,asm
lib989snd/snd,snd_SendIOPCommandAndWait,0x1ec4e0,416,asm
lib989snd/snd,snd_SendIOPCommandNoWait,0x1ec680,724,asm
lib989snd/snd,snd_PostMessage,0x1ec958,64,asm
lib989snd/snd,snd_SendCurrentBatch,0x1ec998,316,asm
lib989snd/snd,snd_StartCaching,0x1ecad8,16,asm
lib989snd/snd,snd_SendCache,0x1ecae8,32,asm
lib989snd/snd,snd_InitVAGStreamingEx,0x1ecb08,192,asm
lib989snd/snd,snd_StopVAGStream,0x1ecbc8,48,asm
lib989snd/snd,snd_StopAllStreams,0x1ecbf8,44,asm
lib989snd/snd,snd_CloseVAGStreaming,0x1ecc28,120,asm
lib989snd/snd,snd_PlayVAGStreamByLoc,0x1ecca0,96,asm
lib989snd/snd,snd_PlayVAGStreamByLoc_A,0x1ecd00,40,asm
lib989snd/snd,snd_PlayVAGStreamByLoc_CB,0x1ecd28,100,asm
lib989snd/snd,snd_PauseVAGStream,0x1ecd90,48,asm
lib989snd/snd,snd_ContinueVAGStream,0x1ecdc0,48,asm
lib989snd/snd,snd_GetVAGStreamQueueCount,0x1ecdf0,40,asm
lib989snd/snd,snd_GetVAGStreamQueueCount_CB,0x1ece18,48,asm
lib989snd/snd,snd_GetVAGStreamLoc,0x1ece48,40,asm
lib989snd/snd,snd_GetVAGStreamLoc_CB,0x1ece70,48,asm
lib989snd/snd,snd_GetVAGStreamTimeRemaining,0x1ecea0,40,asm
lib989snd/snd,snd_GetVAGStreamTimeRemaining_CB,0x1ecec8,48,asm
lib989snd/snd,snd_GetVAGStreamTotalTime,0x1ecef8,40,asm
lib989snd/snd,snd_GetVAGStreamTotalTime_CB,0x1ecf20,48,asm
lib989snd/snd,snd_IsVAGStreamBuffered,0x1ecf50,40,asm
lib989snd/snd,snd_IsVAGStreamBuffered_CB,0x1ecf78,48,asm
lib989snd/snd,snd_StreamSafeCheckCDIdle,0x1ecfa8,40,asm
lib989snd/snd,snd_StreamSafeCheckCDIdle_CB,0x1ecfd0,48,asm
lib989snd/snd,snd_StreamSafeCdRead,0x1ed000,188,asm
lib989snd/snd,snd_StreamSafeCdSync,0x1ed0c0,172,asm
lib989snd/snd,snd_StreamSafeCdBreak,0x1ed170,72,asm
lib989snd/snd,snd_StreamSafeCdGetError,0x1ed1b8,52,asm
lib989snd/snd,snd_StreamSafeCdCallback,0x1ed1f0,56,asm
lib989snd/snd,snd_SetReverbType,0x1ed228,52,asm
lib989snd/snd,snd_SetReverbDepth,0x1ed260,60,asm
lib989snd/snd,snd_SetReverbEx,0x1ed2a0,64,asm
lib989snd/snd,snd_PreAllocReverbWorkArea,0x1ed2e0,52,asm
lib989snd/snd,snd_AutoReverb,0x1ed318,60,asm
lib989snd/snd,snd_LockVoiceAllocator,0x1ed358,36,asm
lib989snd/snd,snd_ExternVoiceAlloc,0x1ed380,44,asm
lib989snd/snd,snd_ExternVoiceFree,0x1ed3b0,48,asm
lib989snd/snd,snd_UnlockVoiceAllocator,0x1ed3e0,44,asm
lib989snd/snd,snd_SRAMMalloc,0x1ed410,40,asm
lib989snd/snd,snd_SRAMMarkUsed,0x1ed438,44,asm
lib989snd/snd,snd_SRAMFree,0x1ed468,52,asm
lib989snd/snd,snd_SRAMGetFreeMem,0x1ed4a0,36,asm
lib989snd/snd,snd_SRAMGetFreeMem_CB,0x1ed4c8,44,asm
lib989snd/snd,snd_SRAMMaxFreeBlockSize,0x1ed4f8,36,asm
lib989snd/snd,snd_SRAMMaxFreeBlockSize_CB,0x1ed520,44,asm
lib989snd/snd,snd_InitMovieSound,0x1ed550,52,asm
lib989snd/snd,snd_ResetMovieSound,0x1ed588,36,asm
lib989snd/snd,snd_PauseMovieSound,0x1ed5b0,36,asm
lib989snd/snd,snd_CloseMovieSound,0x1ed5d8,36,asm
lib989snd/snd,snd_StartMovieSound,0x1ed600,52,asm
lib989snd/snd,snd_GetTransStatus,0x1ed638,36,asm
lib989snd/snd,snd_GetLastLoadError,0x1ed660,36,asm
lib989snd/snd,snd_DoExternCall,0x1ed688,64,asm
lib989snd/snd,snd_DoExternCall_A,0x1ed6c8,72,asm
lib989snd/snd,snd_DoExternCall_CB,0x1ed710,80,asm
lib989snd/snd,snd_GetDopplerPitchMod,0x1ed760,36,asm
common/MotionBlurAA,init__12MotionBlurAAiff,0x1ed788,1140,asm
common/MotionBlurAA,setAlpha__12MotionBlurAAfi,0x1edc00,144,asm
common/MotionBlurAA,setEnable__12MotionBlurAAb,0x1edc90,8,asm
common/MotionBlurAA,getEnable__12MotionBlurAA,0x1edc98,8,asm
common/MotionBlurAA,setEnlarge__12MotionBlurAAfi,0x1edca0,860,asm
common/MotionBlurAA,getEnlarge__12MotionBlurAA,0x1ee000,16,asm
common/MotionBlurAA,setIntensity__12MotionBlurAAi,0x1ee010,8,asm
common/MotionBlurAA,getIntensity__12MotionBlurAA,0x1ee018,8,asm
common/MotionBlurAA,drawOverlay__12MotionBlurAAiii,0x1ee020,168,asm
common/animation,animationInitModifierBlends__FP17_animCharInstance,0x1ee0c8,60,asm
common/animation,animationTransitionInto__FR11_animHandlefii,0x1ee108,924,asm
common/animation,animationIsTransitioning__FR11_animHandle,0x1ee4a8,68,asm
common/animation,animationIsTargetAnim__FR11_animHandle,0x1ee4f0,88,asm
common/animation,animationAddBlend__FG11_animHandleP14_animBlendNodeiffsi,0x1ee548,444,asm
common/animation,animationRemoveBlend__FG11_animHandleP14_animBlendNodef,0x1ee708,120,asm
common/animation,animationAddProcBlend__FG11_animHandleP14_animBlendNodeifs,0x1ee780,380,asm
common/animation,animationGetHandle__FP11_animHandleUiUiUi,0x1ee900,316,asm
common/animation,animationGetNullHandle__FP11_animHandleUiUi,0x1eea40,208,asm
common/animation,animationGetCurrentTime__FG11_animHandle,0x1eeb10,168,asm
common/animation,animationCalculatePlayTime__FG11_animHandle,0x1eebb8,108,asm
common/animation,animationResetCharacter__FR11_animHandle,0x1eec28,152,asm
common/animation,animationStart__FG11_animHandleb,0x1eecc0,204,asm
common/animation,animationStartReverse__FG11_animHandleb,0x1eed90,204,asm
common/animation,animationSetToFrame__FG11_animHandlefi,0x1eee60,232,asm
common/animation,animationGetCurrentFrame__FG11_animHandle,0x1eef48,80,asm
common/animation,animationSetToPercent__FG11_animHandlefi,0x1eef98,240,asm
common/animation,animationGetCurrentPercent__FG11_animHandle,0x1ef088,140,asm
common/animation,animationPause__FG11_animHandle,0x1ef118,116,asm
common/animation,animationResume__FG11_animHandle,0x1ef190,176,asm
common/animation,animationLoop__FG11_animHandleb,0x1ef240,68,asm
common/animation,animationSetSpeed__FG11_animHandlef,0x1ef288,232,asm
common/animation,animationResetSpeed__FG11_animHandle,0x1ef370,80,asm
common/animation,animationSetToBeginning__FG11_animHandleb,0x1ef3c0,180,asm
common/animation,animationSetToEnd__FG11_animHandleb,0x1ef478,180,asm
common/animation,animationSetDirection__FG11_animHandleb,0x1ef530,280,asm
common/animation,animationGetDirection__FG11_animHandle,0x1ef648,96,asm
common/animation,animationGetLastFrame__FG11_animHandle,0x1ef6a8,92,asm
common/animation,animationIsRunning__FG11_animHandle,0x1ef708,80,asm
common/animation,animationSetTotalRunFrames__FG11_animHandlef,0x1ef758,104,asm
common/animation,animationGetTotalRunFrames__FG11_animHandle,0x1ef7c0,108,asm
common/animation,animationGetFrameAtPercent__FG11_animHandlef,0x1ef830,100,asm
common/animation,animationSetIterations__FG11_animHandleUs,0x1ef898,68,asm
common/animation,animationGetIterations__FG11_animHandle,0x1ef8e0,76,asm
common/animation,animationCheckDirty__FP17_animCharInstanceP14_animtransform,0x1ef930,412,asm
common/animation,animationClearDirty,0x1efad0,424,asm
common/animation,animationGetChannelIdx__FiP16AnimChannelIdMap,0x1efc78,116,asm
common/animation,animationGetChannelVal__FiR11_animHandle,0x1efcf0,76,asm
common/animation,animationUpdateHandle__FR11_animHandle,0x1efd40,632,asm
common/animation,animationUpdateFromControlNode__FP16_animControlNodeP17_animCharInstance,0x1effb8,256,asm
common/animation,animationUpdateActiveTree__FP9_hierheadP17_animCharInstance,0x1f00b8,156,asm
common/animation,animationProcessActiveTree__FP9_hierheadP17_animCharInstance,0x1f0158,360,asm
common/animation,animationProcessTransitionBlend__FP14_animBlendNodeP17_animCharInstance,0x1f02c0,1200,asm
common/animation,animationProcessStaticBlend__FP14_animBlendNodeP17_animCharInstance,0x1f0770,740,asm
common/animation,animationProcessOverrideBlend__FP14_animBlendNodeP17_animCharInstance,0x1f0a58,536,asm
common/animation,animationProcessAdditiveBlend__FP14_animBlendNodeP17_animCharInstance,0x1f0c70,584,asm
common/animation,animationProcessProceeduralBlend__FP14_animBlendNodeP17_animCharInstance,0x1f0eb8,8,asm
common/animation,animationEvaluateFromNode__FP14_animBlendNodeP17_animCharInstancePP21_animationOutputBlock,0x1f0ec0,696,asm
common/animation,animationEvaluateToNode__FP14_animBlendNodeP17_animCharInstancePP21_animationOutputBlock,0x1f1178,820,asm
common/animation,animationCollapseBlend__FP14_animBlendNodeP17_animCharInstance,0x1f14b0,104,asm
common/animation,animationCleanUpTree__FP9_hierheadP17_animCharInstance,0x1f1518,272,asm
common/animation,animationAddToActiveTree__FG11_animHandle,0x1f1628,208,asm
common/animation,animationUpdate__FP10_animationP17_animCharInstance,0x1f16f8,76,asm
common/animation,animationManager__FP8_animmgr,0x1f1748,124,asm
common/animation,animationSetInstance__FP8_animmgri,0x1f17c8,88,asm
common/animation,animationRunGlobal__Fv,0x1f1820,96,asm
common/animation,animationInitialize__FP10_animationP17_animCharInstancei,0x1f1880,240,asm
common/animation,animationInitGlobal__Fv,0x1f1970,128,asm
common/animation,animationSetGlobal__FP9_hierheadi,0x1f19f0,296,asm
common/animation,animationInitTweakers__Fv,0x1f1b18,8,asm
common/animation,animationUpdateTweakers__FiPv,0x1f1b20,8,asm
common/animation,__10AnimPlayerP17_animCharInstance,0x1f1b28,48,asm
common/animation,UpdateAnimations__10AnimPlayer,0x1f1b58,320,asm
common/animation,AddBlendToActiveList__10AnimPlayerP14_animBlendNode,0x1f1c98,424,asm
common/animation,RemoveBlendFromActiveList__10AnimPlayerP14_animBlendNode,0x1f1e40,212,asm
common/animation,IsBlendInActiveList__10AnimPlayerP14_animBlendNode,0x1f1f18,148,asm
common/animation,GetMainTreeNode__10AnimPlayer,0x1f1fb0,8,asm
common/animation,GetActiveList__10AnimPlayer,0x1f1fb8,8,asm
common/animation,GetNumNodesInActiveList__10AnimPlayer,0x1f1fc0,8,asm
common/animation,__static_initialization_and_destruction_0,0x1f1fc8,100,asm
common/animation,_GLOBAL_$I$animationInitModifierBlends__FP17_animCharInstance,0x1f2030,32,asm
common/animation,_GLOBAL_$D$animationInitModifierBlends__FP17_animCharInstance,0x1f2050,32,asm
common/AnimCurve,evalStatic__FP15AnimCurveHeaderfPUs,0x1f2070,8,asm
common/AnimCurve,animCurveEvaluate__FP15AnimCurveHeaderfPUs,0x1f2078,72,asm
common/AnimCurve,binarySearch__H2Zt14AnimKeyStepped1ZfZf_Pt13AnimCurveData1ZX01fPUs_i,0x1f20c0,312,asm
common/AnimCurve,evaluateBetweenKeyframes__H1ZUc_Pt13AnimCurveData1Zt13AnimKeyLinear1ZX01fi_f,0x1f21f8,124,asm
common/AnimCurve,animCurveEval__H1Zt13AnimKeyLinear1ZUc_Pt13AnimCurveData1ZX01fPUs_f,0x1f2278,832,asm
common/AnimCurve,binarySearch__H2Zt13AnimKeySmooth2ZUcZsZi_Pt13AnimCurveData1ZX01fPUs_i,0x1f25b8,336,asm
common/AnimCurve,evaluateBetweenKeyframes__H2ZUcZs_Pt13AnimCurveData1Zt13AnimKeySmooth2ZX01ZX11fi_f,0x1f2708,480,asm
common/AnimCurve,animCurveEval__H1Zt13AnimKeySmooth2ZUcZs_Pt13AnimCurveData1ZX01fPUs_f,0x1f28e8,860,asm
common/AnimCurve,binarySearch__H2Zt14AnimKeyHermite2ZfZfZf_Pt13AnimCurveData1ZX01fPUs_i,0x1f2c48,328,asm
common/AnimCurve,evaluateBetweenKeyframes__H2ZfZf_Pt13AnimCurveData1Zt14AnimKeyHermite2ZX01ZX11fi_f,0x1f2d90,76,asm
common/AnimCurve,animCurveEval__H1Zt14AnimKeyHermite2ZfZf_Pt13AnimCurveData1ZX01fPUs_f,0x1f2de0,656,asm
common/AnimCurve,binarySearch__H2Zt13AnimKeyBroken2ZfZfZf_Pt13AnimCurveData1ZX01fPUs_i,0x1f3070,312,asm
common/AnimCurve,evaluateBetweenKeyframes__H2ZfZf_Pt13AnimCurveData1Zt13AnimKeyBroken2ZX01ZX11fi_f,0x1f31a8,140,asm
common/AnimCurve,animCurveEval__H1Zt13AnimKeyBroken2ZfZf_Pt13AnimCurveData1ZX01fPUs_f,0x1f3238,632,asm
common/AnimCurve,binarySearch__H2Zt13AnimKeyBroken2ZUsZsZi_Pt13AnimCurveData1ZX01fPUs_i,0x1f34b0,352,asm
common/AnimCurve,evaluateBetweenKeyframes__H2ZUsZs_Pt13AnimCurveData1Zt13AnimKeyBroken2ZX01ZX11fi_f,0x1f3610,456,asm
common/AnimCurve,animCurveEval__H1Zt13AnimKeyBroken2ZUsZs_Pt13AnimCurveData1ZX01fPUs_f,0x1f37d8,860,asm
common/AnimCurve,binarySearch__H2Zt13AnimKeyBroken2ZUcZsZi_Pt13AnimCurveData1ZX01fPUs_i,0x1f3b38,352,asm
common/AnimCurve,evaluateBetweenKeyframes__H2ZUcZs_Pt13AnimCurveData1Zt13AnimKeyBroken2ZX01ZX11fi_f,0x1f3c98,452,asm
common/AnimCurve,animCurveEval__H1Zt13AnimKeyBroken2ZUcZs_Pt13AnimCurveData1ZX01fPUs_f,0x1f3e60,880,asm
common/AnimCurve,evaluateBetweenKeyframes__H1Zf_Pt13AnimCurveData1Zt13AnimKeyLinear1ZX01fi_f,0x1f41d0,88,asm
common/AnimCurve,animCurveEval__H1Zt13AnimKeyLinear1Zf_Pt13AnimCurveData1ZX01fPUs_f,0x1f4228,660,asm
common/AnimCurve,evaluateBetweenKeyframes__H1ZUs_Pt13AnimCurveData1Zt13AnimKeyLinear1ZX01fi_f,0x1f44c0,136,asm
common/AnimCurve,animCurveEval__H1Zt13AnimKeyLinear1ZUs_Pt13AnimCurveData1ZX01fPUs_f,0x1f4548,844,asm
common/AnimCurve,binarySearch__H2Zt13AnimKeySmooth2ZfZfZf_Pt13AnimCurveData1ZX01fPUs_i,0x1f4898,328,asm
common/AnimCurve,evaluateBetweenKeyframes__H2ZfZf_Pt13AnimCurveData1Zt13AnimKeySmooth2ZX01ZX11fi_f,0x1f49e0,180,asm
common/AnimCurve,animCurveEval__H1Zt13AnimKeySmooth2ZfZf_Pt13AnimCurveData1ZX01fPUs_f,0x1f4a98,656,asm
common/AnimCurve,binarySearch__H2Zt13AnimKeySmooth2ZUsZsZi_Pt13AnimCurveData1ZX01fPUs_i,0x1f4d28,360,asm
common/AnimCurve,evaluateBetweenKeyframes__H2ZUsZs_Pt13AnimCurveData1Zt13AnimKeySmooth2ZX01ZX11fi_f,0x1f4e90,504,asm
common/AnimCurve,animCurveEval__H1Zt13AnimKeySmooth2ZUsZs_Pt13AnimCurveData1ZX01fPUs_f,0x1f5088,880,asm
common/AnimCurve,evaluateBetweenKeyframes__H1Zf_Pt13AnimCurveData1Zt14AnimKeyStepped1ZX01fi_f,0x1f53f8,16,asm
common/AnimCurve,animCurveEval__H1Zt14AnimKeyStepped1Zf_Pt13AnimCurveData1ZX01fPUs_f,0x1f5408,632,asm
common/AnimCurve,binarySearch__H2Zt14AnimKeyStepped1ZUsZi_Pt13AnimCurveData1ZX01fPUs_i,0x1f5680,352,asm
common/AnimCurve,evaluateBetweenKeyframes__H1ZUs_Pt13AnimCurveData1Zt14AnimKeyStepped1ZX01fi_f,0x1f57e0,52,asm
common/AnimCurve,animCurveEval__H1Zt14AnimKeyStepped1ZUs_Pt13AnimCurveData1ZX01fPUs_f,0x1f5818,860,asm
common/AnimCurve,binarySearch__H2Zt14AnimKeyStepped1ZUcZi_Pt13AnimCurveData1ZX01fPUs_i,0x1f5b78,352,asm
common/AnimCurve,evaluateBetweenKeyframes__H1ZUc_Pt13AnimCurveData1Zt14AnimKeyStepped1ZX01fi_f,0x1f5cd8,52,asm
common/AnimCurve,animCurveEval__H1Zt14AnimKeyStepped1ZUc_Pt13AnimCurveData1ZX01fPUs_f,0x1f5d10,860,asm
common/AnimCurve,__static_initialization_and_destruction_0,0x1f6070,236,asm
common/AnimCurve,_GLOBAL_$I$linearChar,0x1f6160,32,asm
common/AnimQueue,__12AnimQueuable,0x1f6180,24,matched
common/AnimQueue,__9AnimQueue,0x1f6198,104,matched
common/AnimQueue,Reset__9AnimQueue,0x1f6200,200,matched
common/AnimQueue,Push__9AnimQueueP11_animHandleiii,0x1f62c8,304,equivalent
common/AnimQueue,Pop__9AnimQueue,0x1f63f8,100,matched
common/AnimQueue,taskUpdate__9AnimQueue,0x1f6460,440,matched
common/AnimQueue,RequestInterruption__9AnimQueue,0x1f6618,60,matched
common/AnimQueue,taskUpdate__9AnimQueuePv,0x1f6658,28,matched
common/bound,boundEulerAngles__FP8_fvector,0x1f6678,52,matched
common/bound,boundEulerAngle__FPf,0x1f66b0,200,equivalent
common/bound,boundBetweenMinusMaxAndMax__FPff,0x1f6778,68,matched
common/chain,chainCreate__FffiUi11FxTextureIdf,0x1f67c0,284,matched
common/chain,chainAddSegment__FP13_ParticleTypei,0x1f68e0,80,matched
common/chain,chainKill__FPP13_ParticleType,0x1f6930,44,matched
common/SoundBank,__16SoundBankManager,0x1f6960,76,asm
common/SoundBank,loadSoundBank__16SoundBankManagerPPvPci,0x1f69b0,392,asm
common/SoundBank,findFirstAvailableBankSlot__16SoundBankManager,0x1f6b38,68,asm
common/SoundBank,loadRTSoundBank__16SoundBankManagerPPvPci,0x1f6b80,348,asm
common/SoundBank,unloadSoundBankBlocking__16SoundBankManagerPv,0x1f6ce0,168,asm
common/SoundBank,updateSoundBankManager__16SoundBankManager,0x1f6d88,644,asm
common/SoundBank,unloadAllSoundBanks__16SoundBankManager,0x1f7010,184,asm
common/SoundBank,__11LoopManager,0x1f70c8,48,asm
common/SoundBank,addErrantLoop__11LoopManagerPUi,0x1f70f8,128,asm
common/SoundBank,updateErrantLoops__11LoopManager,0x1f7178,180,asm
common/SoundBank,terminateLoop__11LoopManagerPUi,0x1f7230,84,asm
common/SoundBank,soundPlayCB__FUiUl,0x1f7288,16,asm
common/SoundBank,soundUnloadBankCB__FUiUl,0x1f7298,16,asm
common/SoundBank,calculatePanAngle__FfP8_fvectorT1,0x1f72a8,392,asm
common/SoundBank,calculateRangedVolume__FP8_fvectorT0ii,0x1f7430,160,asm
common/CsPool,init__6CsPool,0x1f74d0,228,equivalent
common/CsPool,csActivate__6CsPool,0x1f75b8,148,asm
common/CsPool,csDeactivate__6CsPoolP3_cs,0x1f7650,184,asm
common/CsPool,csHPActivate__6CsPool,0x1f7708,148,asm
common/CsPool,csHPDeactivate__6CsPoolP3_cs,0x1f77a0,184,asm
common/CsPool,__static_initialization_and_destruction_0,0x1f7858,72,asm
common/CsPool,_GLOBAL_$I$_6CsPool$m_activeList,0x1f78a0,32,asm
common/dbs,dbsPush__FPP9_hierheadP8_fvectorUiPA3_fP17_animCharInstance,0x1f78c0,124,equivalent
common/dbs,dbsPop__FP9_dbsstackPP9_hierhead,0x1f7940,184,equivalent
common/dbs,dbsTraverse__FPP9_hierheadPFP9_hierheadP8_fvectorPA3_f_vP8_fvector,0x1f79f8,2580,equivalent
common/dbs,dbsRelocateViaPtrListFile__Fi10_vramAddrs,0x1f8410,824,equivalent
common/dbs,dbsRelocateFileZero__F10_vramAddrsb,0x1f8748,784,equivalent
common/disp,dispCreate__FP8_Displayii,0x1f8a58,172,hw
common/disp,dispSetTags__FP8_DisplayPUiPviiiiiii,0x1f8b08,544,hw
common/disp,setDMAscTag__FPUiUiPvUiUiUiUi,0x1f8d28,84,hw
common/disp,setGIFtag__FPUiUlUiUiUiUiUiUi,0x1f8d80,84,hw
common/disp,setGIFad__FPUiUiUl,0x1f8dd8,48,hw
common/disp,setBITBLTBUF__FPUiUiUiUi,0x1f8e08,48,hw
common/disp,setTRXPOS__FPUiUiUiUi,0x1f8e38,48,hw
common/disp,setTRXREG__FPUiUiUi,0x1f8e68,44,hw
common/disp,setTRXDIR__FPUiUi,0x1f8e98,36,hw
common/disp,setPMODE__F12PMODESetting,0x1f8ec0,304,hw
common/disp,vblankHandler__Fi,0x1f8ff0,324,hw
common/disp,handler_endimage__Fi,0x1f9138,56,hw
common/disp,startDisplay__Fi,0x1f9170,64,hw
common/disp,endDisplay__Fv,0x1f91b0,12,hw
common/disp,blitLastMovieFrame__Fv,0x1f91c0,208,hw
common/electric,electricArc__FP8_fvectorT0UiUiffffiUiUi,0x1f9290,1204,asm
common/electric,electricArcOnSphere__FP8_fvectorfffPUiUiiiiT0,0x1f9748,868,asm
common/electric,energyCrowdControl__FP8_fvector,0x1f9ab0,1172,asm
common/electric,electricArcChainInit__FfffffPUiUiii,0x1f9f48,420,asm
common/electric,electricArcChainAddLink__FP13_ParticleTypeP8_fvectorbiT1T1,0x1fa0f0,308,asm
common/file,fileInitializeCd__Fv,0x1fa228,216,asm
common/file,fileReadf__FPcPv,0x1fa300,356,asm
common/file,fileReada__FPcPv,0x1fa468,352,asm
common/file,fileReads__FPcPvUi,0x1fa5c8,420,asm
common/file,fileWritef__FPcPvi,0x1fa770,128,asm
common/file,getTexFilesLoaded__Fv,0x1fa7f0,12,asm
common/file,getNgpFilesLoaded__Fv,0x1fa800,12,asm
common/file,getResFilesLoaded__Fv,0x1fa810,12,asm
common/file,getNextNgpLoadAddr__Fv,0x1fa820,28,asm
common/file,getNextTexLoadAddr__Fv,0x1fa840,28,asm
common/file,getNextResLoadAddr__Fv,0x1fa860,28,asm
common/file,getNgpAddr__Fi,0x1fa880,44,asm
common/file,getTexAddr__Fi,0x1fa8b0,44,asm
common/file,getResAddr__Fi,0x1fa8e0,44,asm
common/file,getGenericName__Fi,0x1fa910,48,asm
common/file,getMaxTexId__Fi,0x1fa940,24,asm
common/file,getMaxTexAddr__Fi,0x1fa958,24,asm
common/file,getMaxResAddr__Fi,0x1fa970,24,asm
common/file,setMaxTexId__FiUs,0x1fa988,24,asm
common/file,setMaxTexAddr__FiUs,0x1fa9a0,24,asm
common/file,setMaxResAddr__FiUs,0x1fa9b8,24,asm
common/file,getIdxOfAddr__FPc,0x1fa9d0,76,asm
common/file,getIdxOfResAddr__FPc,0x1faa20,76,asm
common/file,getIdxOfName__FPc,0x1faa70,136,asm
common/file,fileAddNgpFile__FPci,0x1faaf8,156,asm
common/file,fileAddTexFile__FPci,0x1fab98,152,asm
common/file,fileAddResFile__FPci,0x1fac30,236,asm
common/file,fileAddName__FPc,0x1fad20,152,asm
common/file,fileOnlyNgpFile__FPci,0x1fadb8,72,asm
common/file,fileOnlyTexFile__FPci,0x1fae00,72,asm
common/file,fileOnlyResFile__FPci,0x1fae48,72,asm
common/file,fileInitBeforeDbLoad__Fv,0x1fae90,52,asm
common/file,filePrintFileStatus__Fv,0x1faec8,8,asm
common/file,fileMakeDirTree__Fv,0x1faed0,1096,asm
common/file,fourCharsToInt__Fi,0x1fb318,68,asm
common/file,twoCharsToShort__Fi,0x1fb360,44,asm
common/file,fileCdRead__FllPc,0x1fb390,76,asm
common/file,fileCdSearchFile__FP10sceCdlFILEPc,0x1fb3e0,724,asm
common/file,fileHierAddrOfSect__FUi,0x1fb6b8,76,asm
common/file,filePrintCdFiles__FP13_cdFileSystemi,0x1fb708,332,asm
common/file,fileStringCompare__FPcT0,0x1fb858,80,asm
common/file,fileTrimPath__FPc,0x1fb8a8,292,asm
common/file,fileGetTimeString__Fv,0x1fb9d0,100,asm
common/file,fileAdjustFileName__FPcT0,0x1fba38,416,asm
common/fog,fogInit__Fv,0x1fbbd8,352,asm
common/fog,fogInitStats__Fv,0x1fbd38,8,matched
common/fog,fogSetChanged__Fv,0x1fbd40,80,matched
common/fog,fogUpdate__Fi,0x1fbd90,728,asm
common/fog,fogCalcFogValues__FfffPfT3,0x1fc068,48,matched
common/fog,fogGetFogValues__FP6QwData,0x1fc098,52,matched
common/fog,fogGetFogParms__FPfN30PiN24,0x1fc0d0,88,matched
common/fog,fogGetFogMinRange__Fv,0x1fc128,8,matched
common/fog,fogSetFogParms__Fffffiii,0x1fc130,124,matched
common/fog,fogSetVolumeParms__Fiffffiii,0x1fc1b0,140,asm
common/fog,fogGetFarClipRange__Fv,0x1fc240,44,matched
common/fog,fogGetIsSlavedToBg__Fv,0x1fc270,8,matched
common/fog,fogGetTODFogValues__FP6QwData,0x1fc278,52,matched
common/fog,fogGetTODFogParms__FPfN30PiN24,0x1fc2b0,88,matched
common/fog,fogSetTODFogParms__Fffffiii,0x1fc308,124,matched
common/fog,fogAdjust__Ff,0x1fc388,72,matched
common/font,fontInit__F10_vramAddrsi,0x1fc3d0,480,asm
common/font,fontDmaFontData__Fv,0x1fc5b0,396,asm
common/font,fontSetColorGifTag__Fi,0x1fc740,260,asm
common/font,fontDimColor__Fi,0x1fc848,88,asm
common/font,fontSetHilightColor__Fi,0x1fc8a0,72,asm
common/font,fontSetColor__Fiiiii,0x1fc8e8,60,asm
common/font,fontClearCutOut__Fv,0x1fc928,72,asm
common/font,fontSetCutOut__Fi,0x1fc970,84,asm
common/font,fontSetDefaultColor__Fi,0x1fc9c8,40,asm
common/font,fontSetSize__Fii,0x1fc9f0,80,asm
common/font,fontSetCharWidth__Fii,0x1fca40,28,asm
common/font,fontSetDefaultSize__Fi,0x1fca60,100,asm
common/font,fontSetAccentCharacters__FiPcf,0x1fcac8,64,asm
common/font,fontSetSpacing__Fii,0x1fcb08,40,asm
common/font,fontStringWidth__FiPc,0x1fcb30,292,asm
common/font,fontSpritePrintXY__FiiiPc,0x1fcc58,72,asm
common/font,fontSpritePrintRightXY__FiiiPc,0x1fcca0,144,asm
common/font,fontSpritePrintCenteredXY__FiiiPc,0x1fcd30,152,asm
common/font,fontSpritePrintCentered__FiPc,0x1fcdc8,112,asm
common/font,fontSetCharSizesToFitScreen__Fiiiff,0x1fce38,244,asm
common/font,fontSetCharSizesInPixels__Fiiiii,0x1fcf30,64,asm
common/font,fontSetCharSizesInSubPixels__Fiiiii,0x1fcf70,48,asm
common/font,fontSetCursorAtColumnRow__Fiii,0x1fcfa0,52,asm
common/font,fontSetCursorAtRowColumn__Fiii,0x1fcfd8,52,asm
common/font,fontSetCursorAtPixel__Fiii,0x1fd010,44,asm
common/font,fontSetCursorAtSubPixel__Fiii,0x1fd040,36,asm
common/font,fontSpritePrint__FiPc,0x1fd068,452,asm
common/font,fontBuildPrim__FicP6QwData,0x1fd230,552,asm
common/font,fontInitPacket__FP6QwData10_vramAddrs,0x1fd458,364,asm
common/font,fontSetTexId__FP9_hierhead,0x1fd5c8,136,asm
common/GsPkt,frameInit__5GsPktii,0x1fd650,184,hw
common/GsPkt,AddCallToQueue__5GsPktP6QwData,0x1fd708,64,matched
common/GsPkt,AddCallToLastQueue__5GsPktP6QwData,0x1fd748,64,matched
common/GsPkt,DmaGsPktQueue__5GsPkt,0x1fd788,112,matched
common/hd,hdInit__Fv,0x1fd7f8,112,asm
common/hd,hdTestNode__FP9_hierheadP8_fvectorT1fPA3_A3_fP9_hdResulti,0x1fd868,900,asm
common/hd,hdCsTest__FP12_hdCsTestPtsP8_fvectorPA3_A3_fP9_hdResult,0x1fdbf0,1108,asm
common/hd,hdSaveColGrid__FP18_HierCollisionGrid,0x1fe048,32,asm
common/hd,hdGetSphereGridBox__FfffPiN33,0x1fe068,196,asm
common/hd,hdReparentCsGrid__FP3_csP8_fvectorf,0x1fe130,488,asm
common/hd,hdReparentCsGrid__FP3_cs,0x1fe318,76,asm
common/hd,hdRemoveCsFromGrid__FP3_cs,0x1fe368,196,asm
common/hd,hdCsCollect__FP8_fvectorfUiUiPP3_csi,0x1fe430,436,asm
common/hd,hdCsCollect2D__FP8_fvectorfUiUiPP3_csi,0x1fe5e8,428,asm
common/hd,hdGetNextCollis__FRiP19_hdSphereBundleTestiP9_hdResult,0x1fe798,172,asm
common/hd,hdGetNextCollis__FP9_hdResultiT0,0x1fe848,120,asm
common/hd,hdIgnore__FP3_cs,0x1fe8c0,56,asm
common/hd,hdClearIgnore__Fv,0x1fe8f8,68,asm
common/hd,__static_initialization_and_destruction_0,0x1fe940,32,asm
common/hd,_GLOBAL_$I$colGrid,0x1fe960,32,asm
common/hdHat,hdInitHatTimer__Fv,0x1fe980,8,asm
common/hdHat,hdSetDefaultHeight__Ff,0x1fe988,8,asm
common/hdHat,hdHatTest__FP8_fvectorT0fbf,0x1fe990,416,asm
common/HdIterator,__8HdItCell,0x1feb30,44,asm
common/HdIterator,reset__8HdItCellii,0x1feb60,140,asm
common/HdIterator,next__8HdItCell,0x1febf0,240,asm
common/HdIterator,__12HdItGridLine,0x1fece0,60,asm
common/HdIterator,reset__12HdItGridLineR8_fvectorT1f,0x1fed20,668,asm
common/HdIterator,incrementPath__12HdItGridLine,0x1fefc0,384,asm
common/HdIterator,next__12HdItGridLine,0x1ff140,232,asm
common/HdIterator,isDone__C12HdItGridLine,0x1ff228,36,asm
common/HdIterator,drawGrid__12HdItGridLine,0x1ff250,8,asm
common/HdIterator,__11HdItGridBox,0x1ff258,68,asm
common/HdIterator,reset__11HdItGridBoxR8_fvectorT1f,0x1ff2a0,372,asm
common/HdIterator,incrementPath__11HdItGridBox,0x1ff418,356,asm
common/HdIterator,next__11HdItGridBox,0x1ff580,120,asm
common/hdLos,hdLosCSTest__FP8_fvectorT0P9_hdResulti,0x1ff5f8,52,asm
common/hdLos,hdLosTest__FP8_fvectorT0P9_hdResultb,0x1ff630,448,asm
common/hdPoly,hdPolyCheckBackface__Fb,0x1ff7f0,8,asm
common/hdPoly,edgePunt__FR8_fvectorN20ffT0fP11ContactInfo,0x1ff7f8,432,asm
common/hdPoly,hdSphereVsEdge__FP8_fvectorT0fT0T0fT0T0P11ContactInfo,0x1ff9a8,1012,asm
common/hdPoly,hdSphereVsPoly__FP8_fvectorN20fT0N20P11ContactInfof,0x1ffda0,1580,asm
common/hdPoly,hdSphereVsPolyCollis__FP8_fvectorT0fT0T0P24_hierpolycollisionobjectP9_hdResulti,0x2003d0,1440,asm
common/hdPrim,hdAABBVsAABB__FPfN30,0x200970,156,asm
common/hdPrim,hdSphereVsOBB__FP8_fvectorfT0PA3_fT0P11ContactInfo,0x200a10,240,asm
common/hdPrim,hdSphereVsAABB__FP8_fvectorfT0T0P11ContactInfo,0x200b00,88,asm
common/hdPrim,hdSphereVsAABB__FPffT0T0,0x200b58,112,asm
common/hdPrim,hdSphereVsAABB__FPffT0T0P11ContactInfo,0x200bc8,324,asm
common/hdPrim,hdSphereVsAABB__FPfT0fRfT3T0T0,0x200d10,348,asm
common/hdPrim,hdSphereVsSphere__FP8_fvectorfT0f,0x200e70,80,asm
common/hdPrim,hdSphereVsSphere__FP8_fvectorfT0fP11ContactInfo,0x200ec0,176,asm
common/hdPrim,hdSphereVsHull__FP8_fvectorfPA3_fP6_planeiP11ContactInfo,0x200f70,164,asm
common/hdPrim,hdSphereVsHull__FP8_fvectorfP6_planei,0x201018,96,asm
common/hdPrim,hdSphereVsHull__FP8_fvectorfP6_planeiP11ContactInfo,0x201078,184,asm
common/hdPrim,hdSphereVsHull__FP8_fvectorT0fP6_planeiP11ContactInfoPfT6,0x201130,684,asm
common/hdPrim,hdCapsuleVsCapsule__FR8_fvectorT0ffT0T0ffP11ContactInfo,0x2013e0,776,asm
common/hdPrim,hdLineVsLine2D__FR8_fvectorT0RfT0T0T2,0x2016e8,196,asm
common/hdSphere,hdSphereTest__FP8_fvectorfP9_hdResultUii,0x2017b0,44,asm
common/hdSphere,hdSphereTest__FP8_fvectorT0fP9_hdResultUii,0x2017e0,456,asm
common/hdSphere,hdBundledSphereTest__FP19_hdSphereBundleTestii,0x2019a8,948,asm
common/hdTraverse,updateAnimTransMatrix__FP14_animtransformP17_animCharInstancePPA3_A3_f,0x201d60,564,asm
common/hdTraverse,hdTraversePath__FP18_HierCollisionPathP15hdTraverseStateUs,0x201f98,812,asm
common/hdTraverse,hdTraverseHier__FP15hdTraverseStateUs,0x2022c8,1472,asm
common/hdTraverse,hdInitTraverseHier__FPA3_A3_fPP9_hierhead,0x202888,132,asm
common/hier,hierGetLastGSCtx__Fv,0x202910,8,matched
common/hier,addSkeleton__FP13_hierSkelBonei,0x202918,24,matched
common/hier,addSkelMat__FPA3_A3_fi,0x202930,56,matched
common/hier,skelGetRoot__Fi,0x202968,36,equivalent
common/hier,skelGetSkelMat__Fi,0x202990,32,matched
common/hier,hier__Fii,0x2029b0,1324,asm
common/hier,hierTraceSky__Fi,0x202ee0,96,matched
common/hier,hierTraceWorld__Fi,0x202f40,148,matched
common/hier,hierTraceCsList__Fi,0x202fd8,228,equivalent
common/hier,hierTraceHPCsList__Fi,0x2030c0,228,equivalent
common/hier,hierLoadVu1Ucode__Fv,0x2031a8,116,matched
common/hier,hierLoadVu0Ucode__Fv,0x203220,108,matched
common/hier,hierCsUpdate__FP3_csP9_worldctxP9_lightenvP8_fvector,0x203290,196,matched
common/hier,vu0MulMatrix3x3_1__FPA3_fN20,0x203358,84,asm
common/hier,hierPush__FPP9_hierheadiUiUiPUifP17_animCharInstanceii,0x2033b0,236,equivalent
common/hier,hierTranslateSkel,0x2034a0,220,matched
common/hier,hierRotateSkel,0x203580,188,matched
common/hier,hierAnimTransNode,0x203640,712,asm
common/hier,hierStartRotMatPRH,0x203908,16,asm
common/hier,hierGetRotMatPRH,0x203918,28,asm
common/hier,hierAttachPtNode,0x203938,192,matched
common/hier,hierScaleNode,0x2039f8,576,equivalent
common/hier,hierAnimScaleNode,0x203c38,964,asm
common/hier,hierSkelBoneNode,0x204000,112,matched
common/hier,hierLightNode,0x204070,564,equivalent
common/hier,hierParticleNode,0x2042a8,388,matched
common/hier,hierShadow__Fii,0x204430,376,matched
common/hier,hierCheckVifComplete__Fv,0x2045a8,28,asm
common/hier,hierWaitForVif1__Fv,0x2045c8,36,asm
common/hier,vu0HierRotateAsm__FPA3_A3_fi,0x2045f0,148,asm
common/hier,hierGetRotatesAsm__Fi,0x204688,140,asm
common/hier,vu0FovTestResAsm__Fv,0x204718,36,asm
common/hier,vu0MulEoForObj__FPA3_f,0x204740,40,asm
common/hier,hierLod__FP8_hierlodfPP9_hierheadP10_hierstack,0x204768,392,equivalent
common/hier,hierCtrlNode,0x2048f0,668,asm
common/hier,hierInit__Fv,0x204b90,468,hw
common/hier,hierDisableFov__Fv,0x204d68,8,matched
common/hier,hierSetCsEpNode__FP3_csP9_hierhead,0x204d70,8,matched
common/hier,hierSetCsDrawMe__FP3_csUc,0x204d78,20,matched
common/hier,hierSetTraversalCallback__FPFP3_csUiUiRA3_A3_fP8_fvector_v,0x204d90,8,matched
common/hier,hierInitCs__FP3_cs,0x204d98,204,equivalent
common/hier,hierSetSwitch__FP11_hierswitchi,0x204e68,48,matched
common/hier,hierSetCameraLosPoint__FP8_fvectorii,0x204e98,160,equivalent
common/hier,hierSetLosPointsPerView__Fii,0x204f38,24,matched
common/hier,hierSetCamera,0x204f50,228,matched
common/hier,hierKillLocator,0x205038,108,matched
common/hier,hierRegisterLocator__FUii,0x2050a8,48,matched
common/hier,hierClearLocatorListForReplay__Fv,0x2050d8,104,matched
common/hier,hierTraverseCSForLocators__FP3_csb,0x205140,320,matched
common/hier,vu0LoadEoAsm__FP6QwData,0x205280,12,asm
common/hier,vu0GetEoAsm__FP6QwData,0x205290,12,asm
common/texm,texmInit__F10_vramAddrs,0x2052a0,184,asm
common/texm,texmResInit__F10_vramAddrsP6QwData,0x205358,176,asm
common/texm,texmLoadResTexture__FP6QwData,0x205408,792,asm
common/texm,texmLoadTexture__FP6QwData,0x205720,688,asm
common/texm,texmSetupTexture__FiiiiiP6QwDataii,0x2059d0,300,asm
common/texm,texmGetTextureDMATagAddress__FiPPUi,0x205b00,32,asm
common/texm,texmPrepTexInfoZero__FP11tGS_DISPFB2,0x205b20,28,asm
common/texm,texmParticleTexture__FiP6QwDataT1,0x205b40,396,asm
common/texm,texmActivateTexture__FiP6QwDataP9Vu1DmaPkt,0x205cd0,272,asm
common/texm,texmActivateBitBlitTexture__FiP6QwData,0x205de0,404,asm
common/texm,texmFindVramSpace__Fi,0x205f78,296,asm
common/texm,texmGetMipLevels__Fi,0x2060a0,32,asm
common/texm,texmAllocateBinSpace__FP8_texbins,0x2060c0,1076,asm
common/texm,texmAlreadyGotBin__FP8_texbinsUiPUs,0x2064f8,52,asm
common/texm,texmFindNextLargestTexSize__FP8_texbinsUiPUs,0x206530,72,asm
common/texm,texmMatchingBlkSizeInFirstFile__FUiP8_texfile,0x206578,56,asm
common/texm,texmRelocate__FPc,0x2065b0,552,asm
common/texm,texmResCheckForData__FPc,0x2067d8,40,asm
common/texm,texmResRelocate__FPc10_vramAddrs,0x206800,1128,asm
common/texm,texmCacheForAsm__FP6QwData,0x206c68,52,asm
common/texm,texmRestoreCache__FP6QwData,0x206ca0,12,asm
common/texm,texmSetMipMapTbl__FiP6QwDataP9Vu1DmaPkt,0x206cb0,560,asm
common/texm,texmUpdateLastUsed__Fi,0x206ee0,80,asm
common/texm,texmGetTextureAddrs,0x206f30,308,asm
common/texm,hierCsUpdateAsm,0x207068,304,asm
common/texm,hierTraverseAsm,0x207198,4584,asm
common/texm,hierCacheForAsm,0x208380,56,asm
common/texm,hierCacheWorldMatsAsm,0x2083b8,88,asm
common/texm,pktAddVu1ObjAsm,0x208410,1356,asm
common/texm,pktLinkAlphaObjAsm,0x20895c,192,asm
common/ps,psObjectCull,0x208a20,768,asm
common/ps,psGetMatrix__FP6QwData,0x208d20,28,asm
common/ps,psFovTestResAsm__Fv,0x208d40,12,asm
common/ps,psBldBlkRObjs,0x208d50,216,asm
common/ps,psBlockerAdd__FP3_csf,0x208e28,224,asm
common/ps,psBlockerSetShadowCs__FP19_pshadowblockerlistP3_cs,0x208f08,8,asm
common/ps,psBlockerSet2ndCs__FP19_pshadowblockerlistP3_cs,0x208f10,8,asm
common/ps,psBlockerSetLodRange__FP19_pshadowblockerlistf,0x208f18,12,asm
common/ps,psBlockerSetWsOrigin__FP19_pshadowblockerlistP8_fvector,0x208f28,8,asm
common/ps,psBlockerSetRadius__FP19_pshadowblockerlistPf,0x208f30,8,asm
common/ps,psBlockerInit__Fv,0x208f38,296,asm
common/ps,psBlockerRemove__FP3_cs,0x209060,60,asm
common/ps,psFindActiveBlockers__FP8_fvectori,0x2090a0,668,asm
common/ps,psInitBlockerDMA__Fv,0x209340,32,asm
common/ps,psBldBlockerPkt__FP8_fvectorii,0x209360,384,asm
common/ps,psEndBlkObjs__Fi,0x2094e0,148,asm
common/ps,psEndBlkDma__Fv,0x209578,40,asm
common/ps,psGetBlkPktStart__Fv,0x2095a0,12,asm
common/ps,psAttachDmaToAlpha__FP9Vu1DmaPkt,0x2095b0,64,asm
common/ps,psAttachDmaToMain__FP9Vu1DmaPkt,0x2095f0,64,asm
common/ps,psSetVU1ShadowMat__FPA3_fP6QwData,0x209630,144,asm
common/ps,psSetLightDir__FP8_fvector,0x2096c0,164,asm
common/ps,psGetLightDir__Fv,0x209768,12,asm
common/ps,psIsBlockerCsActive__Fi,0x209778,60,asm
common/ps,psBlockerHas2ndCS__Fi,0x2097b8,28,asm
common/ps,psGetBlockerLodRangeSq__Fi,0x2097d8,28,asm
common/ps,psSetShadowOnOff__Fi,0x2097f8,8,asm
common/ps,psSetBlkLitPos__FP8_fvectori,0x209800,140,asm
common/ps,psSetCurrentBuffer__Fi,0x209890,8,asm
common/ps,psGetCurrentBuffer__Fv,0x209898,8,asm
common/ps,psInitFilterTexPkt__Fv,0x2098a0,548,asm
common/ps,psDrawFilterSprite__FP6QwDataiiiiiiiii,0x209ac8,244,asm
common/ps,psInitBorderPkt__Fv,0x209bc0,224,asm
common/ps,psDrawBorderSprite__FP6QwDataiiii,0x209ca0,136,asm
common/ps,psVarInit__Fv,0x209d28,56,asm
common/ps,psStoreQword__FP6QwDataT0,0x209d60,16,asm
common/ps,psFovTestAsm__FP8_fvectorP11_hierobject,0x209d70,24,asm
common/hieri,hierFlushObjQ__Fv,0x209d88,160,hw
common/hieri,hierSetDmaIntHandler__Fv,0x209e28,64,hw
common/hieri,hierDmaHandler__Fi,0x209e68,80,hw
common/hoser,hoserInfoInit__FP9HoserInfo,0x209eb8,376,asm
common/hoser,hoserFindFreeBookmark__FP9HoserInfo,0x20a030,64,matched
common/hoser,hoserAddBookmark__FP9HoserInfoPA3_fP8_fvector,0x20a070,236,asm
common/hoser,hoserDeleteBookmark__FP9HoserInfo,0x20a160,284,asm
common/hoser,hoserDeleteAllBookmarks__FP9HoserInfo,0x20a280,220,equivalent
common/hoser,hoserGotoBookmark__FP9HoserInfo,0x20a360,8,matched
common/hoser,hoserNextBookmark__FP9HoserInfo,0x20a368,48,matched
common/hoser,hoserPrevBookmark__FP9HoserInfo,0x20a398,48,matched
common/hoser,hoserClosestBookmark__FP9HoserInfoP8_fvector,0x20a3c8,168,asm
common/hoser,hoserGetHoserInfo__Fv,0x20a470,12,matched
common/IncognitoEntertainmentGS,calcFrameBufferPositions__24IncognitoEntertainmentGSPQ224IncognitoEntertainmentGS11ieGsDBuffDcsssRsN25,0x20a480,60,hw
common/IncognitoEntertainmentGS,ieGsSetDefDBuffDc__24IncognitoEntertainmentGSPQ224IncognitoEntertainmentGS11ieGsDBuffDcssssss,0x20a4c0,1232,hw
common/IncognitoEntertainmentGS,ieGsPutDispEnv__24IncognitoEntertainmentGSPQ224IncognitoEntertainmentGS11ieGsDBuffDcii,0x20a990,156,hw
common/IncognitoEntertainmentGS,ieGsPutDrawEnv__24IncognitoEntertainmentGSPQ224IncognitoEntertainmentGS11ieGsDBuffDcii,0x20aa30,276,hw
common/IncognitoEntertainmentGS,ieGsSwapDBuffDc__24IncognitoEntertainmentGSPQ224IncognitoEntertainmentGS11ieGsDBuffDciii,0x20ab48,88,hw
common/IncognitoEntertainmentGS,ieGsSetHalfOffsetDc__24IncognitoEntertainmentGSiPQ224IncognitoEntertainmentGS11ieGsDBuffDcUiii,0x20aba0,380,hw
common/IncognitoEntertainmentGS,ieGsInitAA__24IncognitoEntertainmentGSb,0x20ad20,32,hw
common/IncognitoEntertainmentGS,ieGsTweakInit__24IncognitoEntertainmentGSv,0x20ad40,8,hw
common/IncognitoEntertainmentGS,tweakSetGsStuff__24IncognitoEntertainmentGSv,0x20ad48,8,hw
common/IncognitoEntertainmentGS,ieGs2CircuitOnOff__24IncognitoEntertainmentGSv,0x20ad50,8,hw
common/IncognitoEntertainmentGS,ieGsHalfTexelOffsetOnOff__24IncognitoEntertainmentGSv,0x20ad58,8,hw
common/input,inputInit__Fv,0x20ad60,840,asm
common/input,inputClearInputs__Fi,0x20b0a8,92,asm
common/input,inputUpdate__Fv,0x20b108,608,asm
common/input,inputUpdateState__Fii,0x20b368,1344,asm
common/input,inputSetActuator__FiP12ActuatorData,0x20b8a8,380,asm
common/input,inputStopActuator__FiUc,0x20ba28,164,asm
common/input,inputUsingActuator__Fi,0x20bad0,24,asm
common/input,inputUseActuator__Fib,0x20bae8,24,asm
common/input,inputAnyKey__Fi,0x20bb00,108,asm
common/input,inputIsCtlAvailable__Fi,0x20bb70,24,asm
common/input,inputGetPadButtons__Fi,0x20bb88,60,asm
common/input,inputGetPadType__Fi,0x20bbc8,24,asm
common/input,inputGetCtlPadState__Fi,0x20bbe0,24,asm
common/input,inputGetPadAnalog__Fi,0x20bbf8,168,asm
common/input,inputSetInputMode__Fi,0x20bca0,80,asm
common/input,inputGetInputMode__Fv,0x20bcf0,8,asm
common/input,inputSetButtonMap__Fii,0x20bcf8,24,asm
common/input,inputSetCButtonMap__Fiii,0x20bd10,36,asm
common/input,inputGetConfigButtons__Fi,0x20bd38,24,asm
common/input,inputGetPlayerPad__Fi,0x20bd50,24,asm
common/input,inputAreButtonsMapped__Fi,0x20bd68,24,asm
common/input,inputGetCButtonMap__Fii,0x20bd80,36,asm
common/input,inputGetAnyInput__Fi,0x20bda8,92,asm
common/input,inputGetInput__Fii,0x20be08,560,asm
common/input,inputGetAnalogButton__Fii,0x20c038,384,asm
common/input,inputGetCtlPadAnalogAxis__Fii,0x20c1b8,192,asm
common/input,inputGetShellAnalogInput__Fii,0x20c278,276,asm
common/input,inputFixAnalogValue__Fii,0x20c390,472,asm
common/input,inputScaleAnalogButton__Fiii,0x20c568,112,asm
common/light,lightInit__Fv,0x20c5d8,168,matched
common/light,lightSetAmbient__Fifff,0x20c680,36,matched
common/light,lightGetEnv__Fi,0x20c6a8,24,matched
common/mathf,mathfMulVec__FPA3_fP8_fvectorT1,0x20c6c0,68,asm
common/mathf,mathfMulVec4x4__FPA3_fP8_fvectorT1,0x20c708,96,asm
common/mathf,mathfMulTransVecOld__FPA3_fP8_fvectorT1,0x20c768,40,asm
common/mathf,mathfMulTransVec4x4__FPA3_fP8_fvectorT1,0x20c790,48,asm
common/mathf,mathfMulMatrix__FPA3_fN20,0x20c7c0,120,asm
common/mathf,mathfMulMatrixTP__FPA3_fN20,0x20c838,136,asm
common/mathf,mathfMulMatrix3x3__FPA3_fN20,0x20c8c0,88,asm
common/mathf,mathfMulMatrixTP3x3__FPA3_fN20,0x20c918,184,asm
common/mathf,mathfAddMatrix3x3__FPA3_fN20,0x20c9d0,56,asm
common/mathf,mathfAddMatrixTP3x3__FPA3_fN20,0x20ca08,92,asm
common/mathf,mathfSubMatrix3x3__FPA3_fN20,0x20ca68,56,asm
common/mathf,mathfSubMatrixTP3x3__FPA3_fN20,0x20caa0,92,asm
common/mathf,mathfScaleMatrix3x3__FPA3_fT0f,0x20cb00,52,asm
common/mathf,mathfVectorCrossUp__FP8_fvectorT0,0x20cb38,28,asm
common/mathf,mathfVectorCrossRight__FP8_fvectorT0,0x20cb58,28,asm
common/mathf,mathfPlaneTest__FP6_planeP8_fvector,0x20cb78,56,asm
common/mathf,mathfNormalizeColumns__FPA3_f,0x20cbb0,148,asm
common/mathf,mathfTransposeMatrix__FPA3_fT0,0x20cc48,84,asm
common/mathf,mathfInverseMatrix__FPA3_fT0,0x20cca0,184,asm
common/mathf,mathfRotAxisToMatrix__FPA3_fP8_fvector,0x20cd58,92,asm
common/mathf,mathfRotAxisToMatrix__FPA3_fP8_fvectorff,0x20cdb8,252,asm
common/mathf,mathfMatricesToRotAxis__FP8_fvectorPA3_fT1,0x20ceb8,868,asm
common/mathf,mathfMatrixToRotAxis__FP8_fvectorPA3_f,0x20d220,68,asm
common/mathf,mathfCopyVectorNotAligned__FP8_fvectorT0,0x20d268,28,asm
common/mathf,mathfScaleVectorNotAligned__FP8_fvectorT0f,0x20d288,40,asm
common/mathf,mathfCopyMatrixNotAligned__FPA3_fT0,0x20d2b0,76,asm
common/mathf,mathfCopyMatrixNoTrans__FPA3_fT0,0x20d300,76,asm
common/mathf,mathfUnitMatrix__FPA3_f,0x20d350,48,asm
common/mathf,mathfRotMatrixRPH__FPA3_fP8_fvector,0x20d380,60,asm
common/mathf,mathfRotMatrixPRH__FPA3_fP8_fvector,0x20d3c0,300,asm
common/mathf,mathfRotMatrixRPHNoTrans__FPA3_fP8_fvector,0x20d4f0,36,asm
common/mathf,mathfHPtoVector__FP8_fvectorff,0x20d518,128,asm
common/mathf,mathfViewScreenMatrix__FPA3_fN20fffffffffff,0x20d598,508,asm
common/mathf,mathfDumpMatrix__FPA3_f,0x20d798,344,asm
common/mathf,mathfManhatDist__FP8_fvectorT0,0x20d8f0,192,asm
common/mathf,mathfManhatDist2D__FP8_fvectorT0,0x20d9b0,108,asm
common/mathf,mathfRPHFromMatrix__FPA3_fP8_fvector,0x20da20,128,asm
common/mathf,mathfPRHFromMatrix__FPA3_fP8_fvector,0x20daa0,148,asm
common/mathf,mathfRotationFromPointToPoint__FP8_fvectorN20,0x20db38,44,asm
common/mathf,mathfMatrixFromPointToPoint__FPA3_fP8_fvectorT1,0x20db68,120,asm
common/mathf,mathfRotationFromVector__FP8_fvectorT0,0x20dbe0,100,asm
common/mathf,mathfHeadingFromPointToPoint__FP8_fvectorT0,0x20dc48,44,asm
common/mathf,mathfHeadingFromVector__FP8_fvector,0x20dc78,32,asm
common/mathf,mathfPitchFromPointToPoint__FP8_fvectorT0,0x20dc98,44,asm
common/mathf,mathfPitchFromVector__FP8_fvector,0x20dcc8,52,asm
common/mathf,mathfMatrixFromNormal__FPA3_fP8_fvector,0x20dd00,212,asm
common/mathf,mathfDecomposeVector__FP8_fvectorN30,0x20ddd8,80,asm
common/mathf,mathfClosestApproach__FR8_fvectorN30,0x20de28,100,asm
common/mathf,mathfClosestApproach__FR8_fvectorN30fRf,0x20de90,176,asm
common/mathf,mathfOrthonormalize__FPA3_f,0x20df40,240,asm
common/mathf,mathfOrthonormalizeOverTime__FPA3_fPi,0x20e030,376,asm
common/mathf,mathfRandfND__Fff,0x20e1a8,156,asm
common/mathf,mathfRandND__Fii,0x20e248,96,asm
common/mathf,mathfRandf__Fff,0x20e2a8,124,asm
common/mathf,mathfRand__Fii,0x20e328,92,asm
common/mathf,mathfRandVector__FP8_fvectorf,0x20e388,328,asm
common/mathf,mathfTransform3dTo2d__FiP8_fvectorT1,0x20e4d0,212,asm
common/mathf,mathfRandInit__Fii,0x20e5a8,92,asm
common/mathf,mathfRotAxisToQuaternion__FP8_fvectorT0f,0x20e608,120,asm
common/mathf,mathfRotAxisToQuaternion__FP8_fvectorT0,0x20e680,28,asm
common/mathf,mathfAxisAngleToQuaternion__FP8_fvectorT0,0x20e6a0,128,asm
common/mathf,mathfRPHToQuaternion__FP8_fvectorT0,0x20e720,280,asm
common/mathf,mathfRotationArcQuaternion__FP8_fvectorN20,0x20e838,128,asm
common/mathf,mathfNormalizeQuaternion__FP8_fvectorT0,0x20e8b8,176,asm
common/mathf,mathfNormalizeQuaternionFromW__FP8_fvectorT0,0x20e968,168,asm
common/mathf,mathfConcatQuaternions__FP8_fvectorN20,0x20ea10,52,asm
common/mathf,mathfDeConcatQuaternions__FP8_fvectorN20,0x20ea48,108,asm
common/mathf,mathfQuaternionToUpVector__FP8_fvectorT0,0x20eab8,116,asm
common/mathf,mathfQuaternionToForwardVector__FP8_fvectorT0,0x20eb30,116,asm
common/mathf,mathfQuaternionToMatrix4x4__FPA3_fP8_fvector,0x20eba8,128,asm
common/mathf,mathfMatrixToQuaternion__FP8_fvectorPA3_f,0x20ec28,52,asm
common/mathf,mathfUnitizeQuaternion__FP8_fvectorT0f,0x20ec60,52,asm
common/mathf,mathfQuaternionMulVec__FP8_fvectorN20,0x20ec98,96,asm
common/mathf,mathfQuaternionMulTransVec__FP8_fvectorN20,0x20ecf8,112,asm
common/mathf,mathfSlerpQuaternion__FP8_fvectorN20f,0x20ed68,188,asm
common/mathf,mathfVectorMinMaxGetMac__FP8_fvectorT0,0x20ee28,16,asm
common/mathf,mathfApproxSin__Ff,0x20ee38,236,asm
common/mathf,mathfApproxSin2__Ff,0x20ef28,76,asm
common/mathf,mathfApproxASin2__Ff,0x20ef78,188,asm
common/mathf,mathfApproxCos__Ff,0x20f038,76,asm
common/mathf,mathfApproxCos2__Ff,0x20f088,76,asm
common/mathf,mathfApproxACos2__Ff,0x20f0d8,84,asm
common/mathf,__static_initialization_and_destruction_0,0x20f130,48,asm
common/mathf,_GLOBAL_$I$gRand,0x20f160,32,asm
common/vu,vu0MulVecAsm__FPA3_fP8_fvectorT1,0x20f180,80,hw
common/vu,vu0MulTransVecAsm__FPA3_fP9_fvector4T1,0x20f1d0,40,hw
common/vu,vu0MulMatrix3x3__FPA3_fN20,0x20f1f8,96,hw
common/vu,vu0MulMatrixTP3x3__FPA3_fN20,0x20f258,136,hw
common/vu,vu0CopyMatrix__FPA3_fT0,0x20f2e0,48,hw
common/vu,vu0UnitMatrix__FPA3_f,0x20f310,48,hw
common/MemoryStack,__11MemoryStackPvUi,0x20f340,52,matched
common/MemoryStack,clear__11MemoryStack,0x20f378,76,matched
common/MemoryStack,__static_initialization_and_destruction_0,0x20f3c8,56,asm
common/MemoryStack,_GLOBAL_$I$_11MemoryStack$global,0x20f400,32,asm
common/MemoryStack,_GLOBAL_$D$_11MemoryStack$global,0x20f420,32,asm
common/MpegMovie,playMpegMovie__FPc,0x20f440,112,hw
common/MpegMovie,playMpegMovieWithDB__FPcb,0x20f4b0,144,hw
common/MpegMovie,updateMpegMovieDecoding__Fb,0x20f540,836,hw
common/MpegMovie,readMpeg__FP8VideoDecP7ReadBufP7StrFile,0x20f888,812,hw
common/MpegMovie,switchThread__Fv,0x20fbb8,28,hw
common/MpegMovie,isAudioOK__Fv,0x20fbd8,48,hw
common/MpegMovie,initAll__FPc,0x20fc08,624,hw
common/MpegMovie,termAll__Fv,0x20fe78,196,hw
common/MpegMovie,defMain__Fv,0x20ff40,36,hw
common/MpegMovie,ErrMessage__FPc,0x20ff68,36,hw
common/MpegMovie,proceedAudio__Fv,0x20ff90,36,hw
common/MpegMovie,loadImage__FPUi,0x20ffb8,96,hw
common/MpegMovie,getTimeStampAddr__Fv,0x210018,12,hw
common/MpegMovie,getAudioBuffAddr__Fv,0x210028,12,hw
common/MpegMovie,getViBufTagAddr__Fv,0x210038,12,hw
common/MpegMovie,__static_initialization_and_destruction_0,0x210048,40,hw
common/MpegMovie,_GLOBAL_$I$movieRequested,0x210070,32,hw
common/movies,Play__6CMoviebPc,0x210090,720,asm
common/movies,End__6CMovie,0x210360,168,asm
common/movies,Update__6CMovieb,0x210408,960,asm
common/movies,moviesReadyScreenObject__FP11_hierobjectii,0x2107c8,60,asm
common/movies,moviesSetScreenObject__Fv,0x210808,116,asm
common/movies,moviesReleaseScreenObject__Fv,0x210880,80,asm
common/movies,isAudioOK__6CMovie,0x2108d0,48,asm
common/movies,IsStarted__6CMovie,0x210900,8,asm
common/movies,IsIdle__6CMovie,0x210908,8,asm
common/movies,defMain__Fv,0x210910,36,asm
common/partdraw,realignToQuadword__FPUi,0x210938,60,hw
common/partdraw,GIF_SET_TAG__FPUiUiUiUiUiUiUiUii,0x210978,64,hw
common/partdraw,setOpeningContext__FPUiUii,0x2109b8,268,hw
common/partdraw,getClosingContextSize__FUib,0x210ac8,36,hw
common/partdraw,setClosingContext__FPUiUiT0T0b,0x210af0,348,hw
common/partdraw,setTextureContext__FPUiP13_ParticleType,0x210c50,120,hw
common/partdraw,defaultContextInit__Fv,0x210cc8,348,hw
common/partdraw,loadColors__FPUiP13_ParticleTypePsii,0x210e28,300,hw
common/partdraw,loadBytes__FPUiPUciiUi,0x210f58,120,hw
common/partdraw,linePacketInit__FP13_ParticleType,0x210fd0,532,hw
common/partdraw,linePacketBuild__FP13_ParticleType,0x2111e8,256,hw
common/partdraw,spritePacketInit__FP13_ParticleType,0x2112e8,1080,hw
common/partdraw,spritePacketBuild__FP13_ParticleType,0x211720,276,hw
common/partdraw,stritePacketInit__FP13_ParticleType,0x211838,448,hw
common/partdraw,stritePacketBuild__FP13_ParticleType,0x2119f8,208,hw
common/partdraw,texSpritePacketInit__FP13_ParticleType,0x211ac8,56,hw
common/partdraw,texSpritePacketBuild__FP13_ParticleType,0x211b00,1544,hw
common/partdraw,fragPacketInit__FP13_ParticleType,0x212108,644,hw
common/partdraw,fragPacketBuild__FP13_ParticleType,0x212390,224,hw
common/partdraw,kitePacketInit__FP13_ParticleType,0x212470,532,hw
common/partdraw,kitePacketBuild__FP13_ParticleType,0x212688,204,hw
common/partdraw,stripePacketInit__FP13_ParticleType,0x212758,812,hw
common/partdraw,stripePacketBuild__FP13_ParticleType,0x212a88,432,hw
common/partdraw,sprinePacketInit__FP13_ParticleType,0x212c38,1104,hw
common/partdraw,sprinePacketBuild__FP13_ParticleType,0x213088,264,hw
common/partdraw,chainPacketInit__FP13_ParticleTypeff,0x213190,368,hw
common/partdraw,chainPacketBuild__FP13_ParticleTypei,0x213300,156,hw
common/partdraw,lensFlarePacketInit__FP13_ParticleTypei,0x2133a0,1780,hw
common/partdraw,lensFlarePacketBuild__FP13_ParticleTypei,0x213a98,300,hw
common/partdraw,sweepTrailKillStaleHandle__Fi,0x213bc8,88,hw
common/partdraw,sweepTrailPacketInit__FP13_ParticleType,0x213c20,416,hw
common/partdraw,sweepTrailPacketBuild__FP13_ParticleType,0x213dc0,472,hw
common/partdraw,dustTrailPacketInit__FP13_ParticleType,0x213f98,588,hw
common/partdraw,dustTrailPacketBuild__FP13_ParticleType,0x2141e8,264,hw
common/partdraw,electricArcPacketInit__FP13_ParticleType,0x2142f0,464,hw
common/partdraw,electricArcPacketBuild__FP13_ParticleType,0x2144c0,140,hw
common/partdraw,electricArcPacketUpdate__FP13_ParticleTypefffffPUiUi,0x214550,208,hw
common/partdraw,wakePacketInit__FP13_ParticleType,0x214620,1040,hw
common/partdraw,wakePacketBuild__FP13_ParticleType,0x214a30,260,hw
common/particle,particleActiveFires__FPP8_fvector,0x214b38,20,asm
common/particle,verifyParticleBelongsToHandleAndViceVersa__FPi,0x214b50,56,asm
common/particle,disconnectBackPointer__FP13_ParticleType,0x214b88,80,asm
common/particle,particleParseTexture__FiP9_hierhead,0x214bd8,236,asm
common/particle,particleFOVcalcMaxRadius__FP16ParticleInfoTypeUi,0x214cc8,360,asm
common/particle,particleLensFlareAddToDeBounceList__FP9HierLight,0x214e30,112,asm
common/particle,particleGetLensFlareInfo__FPP17HierLensFlareListPii,0x214ea0,76,asm
common/particle,particleSetLensFlareNumEntries__Fii,0x214ef0,28,asm
common/particle,particleAddLensFlareToList__FP13_ParticleTypei,0x214f10,408,asm
common/particle,particleLensFlareTestZbuffer__Fi,0x2150a8,956,asm
common/particle,particleLensFlareRender__FP6QwDataiPPUi,0x215468,1220,asm
common/particle,particleInit__Fv,0x215930,812,asm
common/particle,particleInitAfter__Fv,0x215c60,1476,asm
common/particle,particleMonsterArcSetNodePos__FP3_csUiUiP8_fvector,0x216228,792,asm
common/particle,sweepTrailGetHandleFromNewId__FUi,0x216540,244,asm
common/particle,sweepTrailGetHandleFromId__FUi,0x216638,108,asm
common/particle,interpolateCurve__FP8_fvectorN30ii,0x2166a8,324,asm
common/particle,particleSweepTrail__FP8_fvectorT0Ui,0x2167f0,980,asm
common/particle,utilUpdateEmitterMatrices__FP11EmitterTypeP8_fvector,0x216bc8,384,asm
common/particle,pedSplat__FP13_ParticleTypeP8_fvector,0x216d48,196,asm
common/particle,pedSplatEmit__FP13_ParticleType,0x216e10,132,asm
common/particle,particleEmitBoundaryFx__FP13_ParticleType,0x216e98,464,asm
common/particle,wakeEmit__FP13_ParticleTypeP8_fvectorT1bT3fi,0x217068,432,asm
common/particle,particleEmit__FP13_ParticleTypeP8_fvectorT1,0x217218,3652,asm
common/particle,utilScaleFlame__FP13_ParticleTypef,0x218060,196,asm
common/particle,emitterMove__FP13_ParticleType,0x218128,892,asm
common/particle,arcMove__FP13_ParticleType,0x2184a8,308,asm
common/particle,dustMove__FP13_ParticleTypeP8_fvectorN21f,0x2185e0,412,asm
common/particle,wakeAndKiteMove__FP13_ParticleTypeP8_fvectorN21fUi,0x218780,404,asm
common/particle,particleMove__Fv,0x218918,3312,asm
common/particle,particleInitFx__Fif,0x219608,1704,asm
common/particle,particlePostInitFx__FP8_fvectorP13_ParticleTypef,0x219cb0,256,asm
common/particle,initSelfAnimated__FP13_ParticleTypefPA3_ff,0x219db0,128,asm
common/particle,initRandomDirection__FP13_ParticleTypefPA3_f,0x219e30,104,asm
common/particle,particleCreateFx__FP8_fvectorifPA3_ff,0x219e98,384,asm
common/particle,particleCreateFx__FP8_fvectorPA3_fifT0T1bf,0x21a018,424,asm
common/particle,particleCreateModeledFx__FP8_fvectorP19HierParticleEmitter,0x21a1c0,1448,asm
common/particle,particleScrapeSparks__FP8_fvectorN20,0x21a768,792,asm
common/particle,particleGetParticle__Fi,0x21aa80,36,asm
common/particle,particleKillFx__FRi,0x21aaa8,72,asm
common/particle,particleKillAllFx__Fv,0x21aaf0,192,asm
common/particle,particleDestroyEffect__FP13_ParticleType,0x21abb0,296,asm
common/particle,particleInitForReplay__Fv,0x21acd8,376,asm
common/particle,particleUpdatePickupFX__FP3_csi,0x21ae50,8,asm
common/particle,particleCreateFlyingFrags__FP8_fvectorfii,0x21ae58,244,asm
common/particle,particleCreateFadingFlame__FP8_fvectoriT0f,0x21af50,296,asm
common/particle,particlePrepDraw__Fv,0x21b078,412,asm
common/particle,particleClearBuffers__Fv,0x21b218,352,asm
common/particle,particleDraw__Fi,0x21b378,1652,asm
common/peds,pedsTurnOff__FP8_fvectorb,0x21b9f0,84,matched
common/peds,stampPacketInit__FP13_ParticleType,0x21ba48,828,asm
common/peds,pedsCreate__FiffUiPP8_fvectorii,0x21bd88,516,asm
common/peds,pedsUpdateFOVbox__FP13_ParticleType,0x21bf90,252,asm
common/peds,pedsKill__FPP13_ParticleType,0x21c090,72,matched
common/pkt,pktBldEnvMapDma,0x21c0d8,1552,hw
common/pkt,pktAddVu1Tex__FP9Vu1DmaPktPUi,0x21c6e8,64,hw
common/pkt,pktAddPlaceHolderTex__FP9Vu1DmaPkt,0x21c728,32,hw
common/pkt,pktFlushVu1Objs__FP9Vu1DmaPkt,0x21c748,64,hw
common/pkt,pktLinkAlphaObj__FP9Vu1DmaPktP6QwDataf,0x21c788,180,hw
common/pkt,pktInitVu1Dma__FP9Vu1DmaPktP6QwDataT1,0x21c840,20,hw
common/pkt,pktInitReverseAlphaOT__FP9Vu1DmaPktP6QwDataPP6QwData,0x21c858,88,hw
common/pkt,pktAttachAlphaOT__FP9Vu1DmaPktT0,0x21c8b0,20,hw
common/pkt,pktCacheForAsm__FP6QwData,0x21c8c8,668,hw
common/pkt,pktAdjustLightRender__FiP6QwData,0x21cb68,72,hw
common/plight,plightInit__Fv,0x21cbb0,48,matched
common/plight,plightParaActivate__Fv,0x21cbe0,12,matched
common/plight,plightParaActive__Fv,0x21cbf0,8,matched
common/plight,plightParaDeactivate__Fv,0x21cbf8,8,matched
common/plight,plightGetParaLight__Fv,0x21cc00,12,matched
common/plight,plightUpdateParaLights__Fv,0x21cc10,632,asm
common/plight,pLightCompSpecular__Fi,0x21ce88,304,asm
common/plight,plightGetParaLight__FiPfN41,0x21cfb8,108,matched
common/plight,plightSetParaLight__Fifffff,0x21d028,88,matched
common/plight,plightSetTODParaLight__Fifffff,0x21d080,104,matched
common/plight,plightUpdateLights__Fv,0x21d0e8,708,asm
common/plight,pLightSetSpecularIntens__Ff,0x21d3b0,8,matched
common/PointLight,Init__10PointLight,0x21d3b8,92,equivalent
common/PointLight,SetPos__10PointLightP8_fvector,0x21d418,28,matched
common/PointLight,SetPos__10PointLightfff,0x21d438,16,matched
common/PointLight,CompIntensity__10PointLightf,0x21d448,36,matched
common/PointLight,SetRange__10PointLightf,0x21d470,36,matched
common/PointLight,CompIntensity__10PointLight,0x21d498,36,matched
common/PointLight,SetColor__10PointLightfff,0x21d4c0,16,matched
common/PointLight,Init__11PointLights,0x21d4d0,80,matched
common/PointLight,Create__11PointLights,0x21d520,52,matched
common/PointLight,GetPktPtr__11PointLights,0x21d558,8,matched
common/PointLight,RenderObject__11PointLights,0x21d560,36,matched
common/PointLight,IntersectObject__11PointLightsPA3_fP8_fvectorT2fT2P3_cs,0x21d588,604,asm
common/PointLight,GetClosestPts__11PointLightsi,0x21d7e8,572,asm
common/PointMass,init__9PointMassfP8_fvector,0x21da28,56,equivalent
common/PointMass,applyImpulse__9PointMassR8_fvector,0x21da60,56,matched
common/PointMass,applyDampeningForce__9PointMassf,0x21da98,60,matched
common/PointMass,clampForce__9PointMassf,0x21dad8,152,asm
common/PointMass,resolveForcesEuler__9PointMassf,0x21db70,104,equivalent
common/PointMass,init__6Springfff,0x21dbd8,24,matched
common/PointMass,applyForces__6Spring,0x21dbf0,244,asm
common/PointToolKit,init__12PointToolKiti,0x21dce8,148,asm
common/PointToolKit,loadPoints__12PointToolKitPcb,0x21dd80,352,asm
common/PointToolKit,resetReticle__12PointToolKit,0x21dee0,28,equivalent
common/PointToolKit,getPoint__12PointToolKiti,0x21df00,12,matched
common/PointToolKit,getPathType__12PointToolKitPQ212PointToolKit5PointT1,0x21df10,96,matched
common/PointToolKit,hasPath__12PointToolKitPQ212PointToolKit5PointT1,0x21df70,100,matched
common/PointToolKit,getPointIndex__12PointToolKitPQ212PointToolKit5Point,0x21dfd8,12,matched
common/PointToolKit,__tf12PointToolKit,0x21dfe8,60,asm
common/PointToolKit,__12PointToolKit,0x21e028,20,asm
common/PointToolKit,setPointHeight__12PointToolKitf,0x21e040,24,matched
common/PointToolKit,setPointWidth__12PointToolKitf,0x21e058,24,matched
common/PointToolKit,setPointMoveStep__12PointToolKitf,0x21e070,8,matched
common/PointToolKit,setReticleMoveStep__12PointToolKitf,0x21e078,8,matched
common/PointToolKit,exportPoints__12PointToolKit,0x21e080,8,asm
common/PointToolKit,getNumPoints__12PointToolKit,0x21e088,8,matched
common/videocb,videoCallback__FP7sceMpegP16sceMpegCbDataStrPv,0x21e090,296,hw
common/videocb,pcmCallback__FP7sceMpegP16sceMpegCbDataStrPv,0x21e1b8,212,hw
common/videocb,copy2area__FPUciT0iT0iT0i,0x21e290,304,hw
common/readbuf,readBufCreate__FP7ReadBufi,0x21e3c0,28,matched
common/readbuf,readBufDelete__FP7ReadBuf,0x21e3e0,8,matched
common/readbuf,readBufBeginPut__FP7ReadBufPPUc,0x21e3e8,48,matched
common/readbuf,readBufEndPut__FP7ReadBufi,0x21e418,72,matched
common/readbuf,readBufBeginGet__FP7ReadBufPPUc,0x21e460,72,matched
common/readbuf,readBufEndGet__FP7ReadBufi,0x21e4a8,36,matched
common/resetcom,__8resetcom,0x21e4d0,36,asm
common/resetcom,__8resetcom11CREATOR_KEY,0x21e4f8,32,asm
common/resetcom,writeKeys__8resetcomPc,0x21e518,408,asm
common/resetcom,write__8resetcomPc,0x21e6b0,208,asm
common/resetcom,readKey__8resetcomPc,0x21e780,352,asm
common/resetcom,read__8resetcomPc,0x21e8e0,472,asm
common/resetcom,oldStyleRead__8resetcomPc,0x21eab8,8,asm
common/resetcom,init__8resetcom,0x21eac0,8,asm
common/resetcom,update__8resetcom,0x21eac8,240,asm
common/resetcom,getFileAndPathname__8resetcomi,0x21ebb8,368,asm
common/resetcom,validFileAndExtension__8resetcomi,0x21ed28,116,asm
common/resetcom,forceRead__8resetcom,0x21eda0,28,asm
common/resetcom,forceRead__8resetcomi,0x21edc0,40,asm
common/resetcom,forceWrite__8resetcom,0x21ede8,28,asm
common/resetcom,forceWrite__8resetcomi,0x21ee08,40,asm
common/resetcom,getFileName__8resetcomPPc,0x21ee30,16,asm
common/resetcom,setFileName__8resetcomPcb,0x21ee40,136,asm
common/resetcom,__tf8resetcom,0x21eec8,60,asm
common/RigidBody,__9RigidBody,0x21ef08,40,asm
common/RigidBody,setCenterOfMass__9RigidBodyR8_fvector,0x21ef30,36,asm
common/RigidBody,setCenterOfMass__9RigidBodyfff,0x21ef58,40,asm
common/RigidBody,setTensor__9RigidBodyfff,0x21ef80,40,asm
common/RigidBody,updateFromCS__9RigidBody,0x21efa8,28,asm
common/RigidBody,setTrans__9RigidBodyR8_fvector,0x21efc8,72,asm
common/RigidBody,deltaTrans__9RigidBodyR8_fvector,0x21f010,52,asm
common/RigidBody,setMatrix__9RigidBodyRA3_A3_f,0x21f048,112,asm
common/RigidBody,initBlock__9RigidBodyffff,0x21f0b8,112,asm
common/RigidBody,initSphere__9RigidBodyff,0x21f128,100,asm
common/RigidBody,initCylindrical__9RigidBodyffif,0x21f190,228,asm
common/RigidBody,initEllipsoid__9RigidBodyffff,0x21f278,132,asm
common/RigidBody,reset__9RigidBody,0x21f300,64,asm
common/RigidBody,clearForces__9RigidBody,0x21f340,16,asm
common/RigidBody,applyGravForce__9RigidBodyf,0x21f350,24,asm
common/RigidBody,applyWorldForce__9RigidBodyR8_fvector,0x21f368,28,asm
common/RigidBody,applyWorldForce__9RigidBodyR8_fvectorT1,0x21f388,96,asm
common/RigidBody,applyLocalForce__9RigidBodyR8_fvector,0x21f3e8,68,asm
common/RigidBody,applyLocalForce__9RigidBodyR8_fvectorT1,0x21f430,124,asm
common/RigidBody,applyLocalTorque__9RigidBodyR8_fvectorT1,0x21f4b0,124,asm
common/RigidBody,applyWorldTorque__9RigidBodyR8_fvectorT1,0x21f530,76,asm
common/RigidBody,applyWorldImpulse__9RigidBodyR8_fvector,0x21f580,52,asm
common/RigidBody,applyWorldImpulse__9RigidBodyR8_fvectorT1,0x21f5b8,136,asm
common/RigidBody,applyLocalImpulse__9RigidBodyR8_fvector,0x21f640,68,asm
common/RigidBody,applyLocalImpulse__9RigidBodyR8_fvectorT1,0x21f688,124,asm
common/RigidBody,resolveCollision__9RigidBodyR9RigidBodyR8_fvectorT2fff,0x21f708,688,asm
common/RigidBody,resolveCollision__9RigidBodyR8_fvectorT1fff,0x21f9b8,464,asm
common/RigidBody,resolveCollision__9RigidBodyR8_fvectorN21fff,0x21fb88,448,asm
common/RigidBody,resolveFriction__9RigidBodyR8_fvectorT1ff,0x21fd48,608,asm
common/RigidBody,resolveForces__9RigidBodyf,0x21ffa8,400,asm
common/RigidBody,computeAuxiliarys__9RigidBody,0x220138,204,asm
common/RigidBody,computeX__9RigidBody,0x220208,80,asm
common/RigidBody,getPointVelocity__9RigidBodyR8_fvectorT1,0x220258,76,asm
common/RigidBody,setLinearVelocity__9RigidBodyR8_fvector,0x2202a8,56,asm
common/RigidBody,createSkewSymmetric__9RigidBodyPA3_fR8_fvector,0x2202e0,84,asm
common/RigidBody,checkpoint__9RigidBody,0x220338,228,asm
common/RigidBody,rollback__9RigidBody,0x220420,240,asm
common/ScreenPolys,clearSources__11ScreenPolysv,0x220510,12,asm
common/ScreenPolys,initSourceObject__11ScreenPolysP11_hierobjecti,0x220520,160,asm
common/ScreenPolys,dmaData__11ScreenPolysv,0x2205c0,316,asm
common/ScreenPolys,setColor__11ScreenPolysiiiii,0x220700,36,asm
common/ScreenPolys,getColor__11ScreenPolysiRiN32,0x220728,52,asm
common/ScreenPolys,setDefaultColor__11ScreenPolysi,0x220760,40,asm
common/ScreenPolys,dimColor__11ScreenPolysi,0x220788,56,asm
common/ScreenPolys,setHilightColor__11ScreenPolysi,0x2207c0,44,asm
common/ScreenPolys,setSourceFX__11ScreenPolysiUs,0x2207f0,24,asm
common/ScreenPolys,addPoly__11ScreenPolysiiiRQ211ScreenPolys8PolyData,0x220808,60,asm
common/ScreenPolys,addFractionalPoly__11ScreenPolysffiiiRQ211ScreenPolys8PolyData,0x220848,264,asm
common/ScreenPolys,polyBuildPrim__FiiiRQ211ScreenPolys8PolyDataP6QwData,0x220950,464,asm
common/ScreenPolys,resolveFX__FiiiRQ211ScreenPolys8PolyDataT3,0x220b20,464,asm
common/ScreenPolys,polyInitPacket__FP11_hierobjectP9SourceObjP6QwData,0x220cf0,188,asm
common/ScreenPolys,__15SpriteAnimation,0x220db0,40,asm
common/ScreenPolys,clear__15SpriteAnimation,0x220dd8,28,asm
common/ScreenPolys,addFrame__15SpriteAnimationRQ211ScreenPolys8PolyData,0x220df8,104,asm
common/ScreenPolys,draw__15SpriteAnimationiib,0x220e60,96,asm
common/ScreenPolys,crossfadeGraphics__15SpriteAnimationbii,0x220ec0,464,asm
common/ShiftJIS,Sjis2Ascii__8ShiftJISPUc,0x221090,200,matched
common/ShiftJIS,Sjis2AsciiString__8ShiftJISPUcPc,0x221158,164,equivalent
common/ShiftJIS,IsSjis__8ShiftJISPUc,0x221200,60,matched
common/ShiftJIS,IsAscii__8ShiftJISPc,0x221240,16,matched
common/ShiftJIS,Ascii2Sjis__8ShiftJISUc,0x221250,268,equivalent
common/ShiftJIS,AsciiString2Sjis__8ShiftJISPUcPUs,0x221360,152,equivalent
common/ShiftJIS,SwapShort__8ShiftJISUs,0x2213f8,28,matched
common/smooth,smoothInit__FP10_smoothDatPfffffT1b,0x221418,32,equivalent
common/smooth,smoothEasyIn__Fffff,0x221438,140,asm
common/smooth,smoothEasyInAngle__Fffff,0x2214c8,332,asm
common/smooth,smoothCanIncreaseToMax__Ffff,0x221618,104,equivalent
common/smooth,smoothCanDecreaseToMinusMax__Ffff,0x221680,104,equivalent
common/smooth,smoothEasyOutEasyIn__FP10_smoothDat,0x2216e8,872,asm
common/smooth,smoothEasyInTC__Fffff,0x221a50,176,asm
common/smooth,smoothEasyInAngleTC__Fffff,0x221b00,176,asm
common/str,strFileOpen__FP7StrFilePc,0x221bb0,524,hw
common/str,strFileClose__FP7StrFile,0x221dc0,60,matched
common/str,strFileRead__FP7StrFilePvi,0x221e00,212,matched
common/str,strFileWait__Fi,0x221ed8,28,matched
common/TaskManager,__11TaskManager,0x221ef8,76,asm
common/TaskManager,init__11TaskManagerUi,0x221f48,248,asm
common/TaskManager,add__11TaskManagerPFPv_UiPvi,0x222040,108,matched
common/TaskManager,add__11TaskManagerPFv_Uii,0x2220b0,96,matched
common/TaskManager,remove__11TaskManagerRPv,0x222110,56,matched
common/TaskManager,update__11TaskManager,0x222148,188,equivalent
common/TaskManager,executeAndDeleteAll__11TaskManager,0x222208,128,equivalent
common/TaskManager,createTask__11TaskManager,0x222288,96,matched
common/TaskManager,deleteTask__11TaskManagerPQ211TaskManager10TaskConfig,0x2222e8,80,matched
common/TaskManager,__static_initialization_and_destruction_0,0x222338,72,asm
common/TaskManager,_GLOBAL_$I$_11TaskManager$global,0x222390,32,asm
common/td,tdColTriggerNode__FP20HierCollisionTriggerP8_fvectorPA3_A3_fP9_tdResult,0x2223b0,124,asm
common/td,tdTest__FP8_fvectorP9_tdResulti,0x222430,204,asm
common/tex,START_PACKET__FP6QwData,0x222500,12,asm
common/tex,START_DMA__FUi,0x222510,48,asm
common/tex,START_DIRECT__Fv,0x222540,56,asm
common/tex,START_GIF__FUiUiUiUiUiUi,0x222578,128,asm
common/tex,END_GIF__Fv,0x2225f8,60,asm
common/tex,END_DIRECT__Fv,0x222638,44,asm
common/tex,END_DMA__Fv,0x222668,40,asm
common/tex,SET_PACKET__FP6QwData,0x222690,8,asm
common/tex,GET_PACKET__Fv,0x222698,8,asm
common/tex,setTextureAsDrawEnv__FUiUiUiUi,0x2226a0,204,asm
common/tex,setDrawEnvAsTexture__FUiUiUiUiUib,0x222770,232,asm
common/tex,setContextForParticleDraw__FUi,0x222858,72,asm
common/tex,copyGreenChannelToAlpha__FUiUiUi,0x2228a0,524,asm
common/tex,restoreScreenDrawEnv__Fv,0x222ab0,144,asm
common/tex,drawTestSprite__Fiiiiii,0x222b40,356,asm
common/tex,texDrawPreamble__FP6QwDataiiUib,0x222ca8,176,asm
common/tex,texDrawCopyGreenToAlpha__FP6QwDataiib,0x222d58,228,asm
common/tex,texDrawTestPostlude__FP6QwDataii,0x222e40,104,asm
common/tex,texDrawDustPacketBuild__FP6QwDataiiPPUiT3PPfN25PP6QwData,0x222ea8,920,asm
common/tex,texDrawInitDustTextureInfo__FPiii,0x223240,232,asm
common/timer,timerInit__Fi,0x223328,148,hw
common/timer,timerEndOfRealTimeProcessing__Fv,0x2233c0,156,hw
common/timer,timerSetFieldCount__Fi,0x223460,16,hw
common/timer,timerSetFrameStart__Fv,0x223470,52,hw
common/timer,timer1Handler__FPUi,0x2234a8,192,hw
common/timer,timerWaitForMinUpdateRate__FPUi,0x223568,336,hw
common/timer,timerGetCurTics__Fv,0x2236b8,28,hw
common/timer,timerGetUpdateRate__Fv,0x2236d8,8,hw
common/timer,timerGetFieldCount__Fv,0x2236e0,8,hw
common/timer,timerGetFieldsLastFrame__Fv,0x2236e8,8,hw
common/timer,timerSetMinUpdateRate__Fi,0x2236f0,192,hw
common/timer,timerGetMinUpdateRate__Fv,0x2237b0,8,hw
common/timer,timerGetFrameStart__Fv,0x2237b8,8,hw
common/timer,timerGetFrameTime__Fv,0x2237c0,28,hw
common/timer,timerGetAverageFrameTime__Fv,0x2237e0,112,hw
common/timer,timerGetOverloadScale__Fv,0x223850,8,hw
common/tod,todBoundAngle__FPf,0x223858,152,asm
common/tod,todCalculateValue__Fiff,0x2238f0,112,asm
common/tod,todInit__Fv,0x223960,1068,asm
common/tod,todInitStats__Fv,0x223d90,8,asm
common/tod,todUpdate__Fi,0x223d98,3212,asm
common/tod,todActive__Fv,0x224a28,8,asm
common/tod,todGetTOD__FPiPfP10_todInfo14,0x224a30,556,asm
common/tod,todSetTOD__FifPvf,0x224c60,1576,asm
common/tod,todGetCurrentTOD__Fv,0x225288,44,asm
common/tod,todGetAmbient__FPfN20,0x2252b8,40,asm
common/tod,todSetSkyEntry__FP9_hierhead,0x2252e0,300,asm
common/tod,todSetSkyObjects__Fiffffff,0x225410,188,asm
common/tod,todSetPlightsActive__Fii,0x2254d0,24,asm
common/tod,__12CTODLinkList,0x2254e8,144,asm
common/tod,_$_12CTODLinkList,0x225578,36,asm
common/tod,AddEntry__12CTODLinkList,0x2255a0,108,asm
common/tod,DeleteEntry__12CTODLinkListi,0x225610,8,asm
common/tod,GetNumEntries__12CTODLinkList,0x225618,8,asm
common/tod,FindNodeByTime__12CTODLinkListf,0x225620,8,asm
common/tod,FindFreeNode__12CTODLinkList,0x225628,56,asm
common/tod,SortList__12CTODLinkList,0x225660,8,asm
common/tod,ClearNode__12CTODLinkListP9_LinkNode,0x225668,28,asm
common/tod,__static_initialization_and_destruction_0,0x225688,64,asm
common/tod,_GLOBAL_$I$todLink,0x2256c8,32,asm
common/tod,_GLOBAL_$D$todLink,0x2256e8,32,asm
common/blit,loadShellTextureFile__10BlitMasterPCc,0x225708,32,asm
common/blit,preloadShellTextureFile__10BlitMasterPCc,0x225728,8,asm
common/blit,blitToZBuffer__10BlitMasteriiibi,0x225730,692,asm
common/blit,blitToFrameBuffer__10BlitMasteriii,0x2259e8,436,asm
common/blit,DMAToScratchPad__FP6QwDatai,0x225ba0,136,asm
common/blit,DMARestoreFromScratchPad__FP6QwDataT0i,0x225c28,128,asm
common/blit,WaitDMA__Fv,0x225ca8,44,asm
common/blit,buildProgressBar__FUi,0x225cd8,500,asm
common/blit,getLoadbarPacket__Fv,0x225ed0,24,asm
common/blit,initProgressBar__Fiii,0x225ee8,868,asm
common/blit,informProgressBar__Ff,0x226250,288,asm
common/vi,getFIFOindex__FP5ViBufPv,0x226370,68,asm
common/vi,setD3_CHCR__FUi,0x2263b8,108,asm
common/vi,setD4_CHCR__FUi,0x226428,108,asm
common/vi,scTag2__FP5QWORDPvUiUi,0x226498,36,asm
common/vi,viBufCreate__FP5ViBufPUxT1iP9TimeStampi,0x2264c0,120,asm
common/vi,viBufReset__FP5ViBuf,0x226538,352,asm
common/vi,viBufBeginPut__FP5ViBufPPUcPiT1T2,0x226698,244,asm
common/vi,viBufEndPut__FP5ViBufi,0x226790,84,asm
common/vi,viBufAddDMA__FP5ViBuf,0x2267e8,508,asm
common/vi,viBufStopDMA__FP5ViBuf,0x2269e8,272,asm
common/vi,viBufRestartDMA__FP5ViBuf,0x226af8,824,asm
common/vi,viBufDelete__FP5ViBuf,0x226e30,88,asm
common/vi,viBufIsActive__FP5ViBuf,0x226e88,64,asm
common/vi,viBufCount__FP5ViBuf,0x226ec8,76,asm
common/vi,viBufFlush__FP5ViBuf,0x226f18,84,asm
common/vi,viBufModifyPts__FP5ViBufP9TimeStamp,0x226f70,344,asm
common/vi,viBufPutTs__FP5ViBufP9TimeStamp,0x2270c8,272,asm
common/vi,viBufGetTs__FP5ViBufP9TimeStamp,0x2271d8,420,asm
common/videodec,videoDecCreate__FP8VideoDecPUciPUxT3iP9TimeStampi,0x227380,256,hw
common/videodec,videoDecSetDecodeMode__FP8VideoDeciii,0x227480,28,hw
common/videodec,videoDecSetStream__FP8VideoDeciiPFP7sceMpegP13sceMpegCbDataPv_iPv,0x2274a0,32,hw
common/videodec,videoDecBeginPut__FP8VideoDecPPUcPiT1T2,0x2274c0,28,hw
common/videodec,videoDecEndPut__FP8VideoDeci,0x2274e0,28,hw
common/videodec,videoDecReset__FP8VideoDec,0x227500,12,hw
common/videodec,videoDecDelete__FP8VideoDec,0x227510,52,hw
common/videodec,videoDecAbort__FP8VideoDec,0x227548,16,hw
common/videodec,videoDecGetState__FP8VideoDec,0x227558,8,hw
common/videodec,videoDecSetState__FP8VideoDecUi,0x227560,12,hw
common/videodec,videoDecPutTs__FP8VideoDecllPUci,0x227570,60,hw
common/videodec,videoDecInputCount__FP8VideoDec,0x2275b0,28,hw
common/videodec,videoDecInputSpaceCount__FP8VideoDec,0x2275d0,52,hw
common/videodec,videoDecFlush__FP8VideoDec,0x227608,204,hw
common/videodec,videoDecIsFlushed__FP8VideoDec,0x2276d8,72,hw
common/videodec,videoDecMain__FP8VideoDec,0x227720,120,hw
common/videodec,decBs0__FP8VideoDec,0x227798,540,hw
common/videodec,mpegError__FP7sceMpegP18sceMpegCbDataErrorPv,0x2279b8,40,hw
common/videodec,mpegNodata__FP7sceMpegP13sceMpegCbDataPv,0x2279e0,44,hw
common/videodec,mpegStopDMA__FP7sceMpegP13sceMpegCbDataPv,0x227a10,36,hw
common/videodec,mpegRestartDMA__FP7sceMpegP13sceMpegCbDataPv,0x227a38,36,hw
common/videodec,mpegTS__FP7sceMpegP22sceMpegCbDataTimeStampPv,0x227a60,68,hw
common/videodec,cpy2area__FPUciT0iT0iT0i,0x227aa8,304,hw
common/view,viewCreate__F10_viewportsi,0x227bd8,564,asm
common/view,viewUpdate__Fi,0x227e10,1408,asm
common/view,viewInFOV__FiP8_fvectorT1,0x228390,192,asm
common/view,viewInFOV__FiP8_fvectorT1f,0x228450,148,asm
common/view,viewShadowUpdate__Fi,0x2284e8,240,asm
common/view,viewStoreNorms1InVu0__Fv,0x2285d8,28,asm
common/view,viewStoreNorms2InVu0__Fv,0x2285f8,28,asm
common/view,viewGetWorld2ScreenMat__Fi,0x228618,20,asm
common/view,viewGetShadWorldScreenMat__Fv,0x228630,12,asm
common/view,viewGetTOD__FPiPfP10_todInfo14,0x228640,28,asm
common/view,viewSetTOD__FifPvf,0x228660,28,asm
common/view,viewGetRot__Fi,0x228680,32,asm
common/view,viewGetMat__Fi,0x2286a0,32,asm
common/view,viewGetTrans__Fi,0x2286c0,32,asm
common/view,viewSetRot__FP8_fvectori,0x2286e0,84,asm
common/view,viewSetRot__FPA3_A3_fi,0x228738,64,asm
common/view,viewSetTrans__FP8_fvectori,0x228778,60,asm
common/view,viewGetCurView__Fv,0x2287b8,8,asm
common/view,viewGetViewCs__Fi,0x2287c0,28,asm
common/view,viewGetWorldCtx__Fi,0x2287e0,24,asm
common/view,viewSetWorldEpNode__FP9_hierhead,0x2287f8,52,asm
common/view,viewSetAmbientVol__Fiffff,0x228830,72,asm
common/view,viewGetWeTrans__Fi,0x228878,24,asm
common/view,viewGetWeMat__Fi,0x228890,24,asm
common/view,viewSetSkyEntry__FP9_hierheadi,0x2288a8,224,asm
common/view,viewGetSky__Fi,0x228988,28,asm
common/view,viewSetSkyTrans__FP8_fvectori,0x2289a8,160,asm
common/view,viewSetSkyNode__FP9_hierheadi,0x228a48,180,asm
common/view,viewSetVUPacketMat__FPA3_fN30i,0x228b00,684,asm
common/view,viewApplySwap__FPA3_fT0,0x228db0,148,asm
common/view,viewSetBgColor__FUlUlUlUl,0x228e48,224,asm
common/view,viewSetTODBgColor__FUlUlUlUl,0x228f28,224,asm
common/view,viewGetBgColor__FRiN30,0x229008,44,asm
common/view,viewGetDb__Fi,0x229038,24,asm
common/view,viewGetNumViews__Fv,0x229050,24,asm
common/view,viewSetNumViews__Fi,0x229068,8,asm
common/view,viewGetCenter__FiPiT1,0x229070,52,asm
common/view,viewGetWH__FiPiT1,0x2290a8,52,asm
common/view,viewGetWorldToScreenMat__Fi,0x2290e0,20,asm
common/view,viewGetZBuffParams__FiPfT1,0x2290f8,36,asm
common/view,viewInit__Fv,0x229120,100,asm
common/view,viewTweakInit__Fv,0x229188,8,asm
common/view,viewTweakSetFov__Fv,0x229190,100,asm
common/view,viewSetAmbient__Ffff,0x2291f8,152,asm
common/view,viewGetAmbient__FPfN20,0x229290,40,asm
common/view,viewGetAnimAmbient__FPfN20,0x2292b8,44,asm
common/view,viewGetFov__FiPfT1,0x2292e8,64,asm
common/view,viewSetFov__Fiff,0x229328,980,asm
common/view,viewComputeNormal__FP8_fvectorN30,0x229700,136,asm
common/view,viewToggleSplitScreen__FbT0,0x229788,100,asm
common/view,viewGetScreenDisplay__Fv,0x2297f0,68,asm
common/view,viewGrappleConfig__Fv,0x229838,412,asm
common/view,viewGetDef__Fi,0x2299d8,28,asm
common/view,viewGetDef__F10_viewports,0x2299f8,24,asm
common/view,viewSetOddEven__Fi,0x229a10,12,asm
common/view,viewIsOddScan__Fv,0x229a20,8,asm
common/vo,voBufCreate__FP5VoBufP6VoDataP5VoTagi,0x229a28,76,matched
common/vo,voBufDelete__FP5VoBuf,0x229a78,8,matched
common/vo,voBufReset__FP5VoBuf,0x229a80,20,equivalent
common/vo,voBufIsFull__FP5VoBuf,0x229a98,20,matched
common/vo,voBufIncCount__FP5VoBuf,0x229ab0,120,equivalent
common/vo,voBufGetData__FP5VoBuf,0x229b28,68,equivalent
common/vo,voBufIsEmpty__FP5VoBuf,0x229b70,12,matched
common/vo,voBufGetTag__FP5VoBuf,0x229b80,100,matched
common/vo,voBufDecCount__FP5VoBuf,0x229be8,32,matched
common/zip,zipCrc32__FUlPCUcl,0x229c08,492,matched
common/zip,zipFlush__FUl,0x229df8,108,matched
common/zip,zipCheckHeader__Fv,0x229e68,144,equivalent
common/zip,zipInflateCodes__FP4huftT0ii,0x229ef8,1172,matched
common/zip,zipFreeHuffmanTable__FP4huft,0x22a390,72,matched
common/zip,zipBuildHuffmanTable__FPCUiUiUiPCUsT3PP4huftPi,0x22a3d8,1908,matched
common/zip,zipInflateBlockStored__Fv,0x22ab50,448,matched
common/zip,zipInflateBlockFixed__Fv,0x22ad10,444,matched
common/zip,zipInflateBlockDynamic__Fv,0x22aed0,1580,matched
common/zip,zipInflateBlock__FPi,0x22b500,288,matched
common/zip,zipInflateAll__FPcPv,0x22b620,264,matched
common/zip,zipGetChar__Fv,0x22b728,116,equivalent
common/zip,__static_initialization_and_destruction_0,0x22b7a0,32,matched
common/zip,_GLOBAL_$I$whichHalfMeg,0x22b7c0,32,matched
common/audio,audioDecCreate__FP8AudioDecPUcii,0x22b7e0,112,hw
common/audio,audioDecReset__FP8AudioDec,0x22b850,72,hw
common/audio,audioDecDelete__FP8AudioDec,0x22b898,40,hw
common/audio,audioDecBeginPut__FP8AudioDecPPUcPiT1T2,0x22b8c0,176,hw
common/audio,audioDecEndPut__FP8AudioDeci,0x22b970,124,hw
common/audio,audioDecIsPreset__FP8AudioDec,0x22b9f0,20,matched
common/audio,audioDecStart__FP8AudioDec,0x22ba08,88,hw
common/audio,audioDecSendToIOP__FP8AudioDec,0x22ba60,432,hw
common/audio,iopGetArea__FPiN30P8AudioDeci,0x22bc10,168,hw
common/audio,sendToIOP2area__FiiiiPUciT4i,0x22bcb8,328,hw
common/audio,sendToIOP__FiPUci,0x22be00,128,hw
common/audio,audioDecPause__FP8AudioDec,0x22be80,60,matched
common/audio,audioDecResume__FP8AudioDec,0x22bec0,28,matched
common/bsp,bspVecTest__FP8_hierbspP8_fvectorT1P10_bspresult,0x22bee0,36,matched
common/bsp,bspVecTestIn__FP8_hierbspP8_fvectorT1,0x22bf08,728,asm
common/bsp,bspPointTest__FP8_hierbspP8_fvector,0x22c1e0,132,matched
common/bsp,bspVecTest__FP8_hierbspP12_linesegmentP10_bspresult,0x22c268,32,matched
common/bsp,bspPlaneTest2Vec__FP6_planeP8_fvectorN21,0x22c288,68,asm
common/bsp,bspInterp__FP8_fvector,0x22c2d0,48,asm
common/bsp,bspTestChild__FP8_hierbspsP8_fvectorT2P10_bspresult,0x22c300,72,asm
common/CsColor,__Q27CsColor4Data,0x22c348,32,matched
common/CsColor,isEnabled__7CsColorv,0x22c368,12,matched
common/CsColor,contrast__7CsColorv,0x22c378,12,matched
common/CsColor,brightness__7CsColorv,0x22c388,12,matched
common/CsColor,load__7CsColorPCQ27CsColor4Data,0x22c398,80,matched
common/CsColor,save__7CsColorPQ27CsColor4Data,0x22c3e8,76,matched
common/CsColor,__static_initialization_and_destruction_0,0x22c438,48,asm
common/CsColor,_GLOBAL_$I$__Q27CsColor4Data,0x22c468,32,asm
common/ColGrid,InitColGridCsListArray__Fv,0x22c488,64,equivalent
common/ColGrid,allocateColGridCsListNode__Fv,0x22c4c8,72,equivalent
common/ColGrid,deallocColGridCsListNode__FP17ColGridCsListNode,0x22c510,20,matched
common/ColGrid,pushCsFront__13ColGridCsListP3_cs,0x22c528,72,matched
common/ColGrid,removeCs__13ColGridCsListP3_cs,0x22c570,116,equivalent
common/ctx,ctxSetUpGSCtx__Fv,0x22c5e8,140,matched
common/ctx,ctxGetDefaultGSCtx__Fv,0x22c678,12,matched
common/DebugDraw,init__9DebugDraw,0x22c688,52,matched
common/DebugDraw,registerVisual__9DebugDrawP9_hierhead,0x22c6c0,48,matched
common/DebugDraw,drawSphere__9DebugDraw,0x22c6f0,100,asm
common/DebugDraw,drawSphere__9DebugDrawR8_fvectorf,0x22c758,92,asm
common/DebugDraw,drawCS__9DebugDrawR8_fvectorRA3_A3_ff,0x22c7b8,128,asm
common/DebugDraw,drawCollisionLines__9DebugDrawR8_fvectorUiUi,0x22c838,168,asm
common/DebugDraw,drawCollisionLines__9DebugDrawR8_fvectorfiUiUi,0x22c8e0,156,asm
common/DebugDraw,drawNormal__9DebugDrawR8_fvectorT1fUi,0x22c980,60,asm
common/DebugDraw,drawBox__9DebugDrawR8_fvectorT1Ui,0x22c9c0,100,asm
common/DebugDraw,drawBox__9DebugDrawRA3_A3_fR8_fvectorN22Ui,0x22ca28,172,asm
common/DebugDraw,drawCone__9DebugDrawR8_fvectorT1ffUi,0x22cad8,472,asm
common/DebugDraw,destroyCS__9DebugDrawPv,0x22ccb0,32,asm
common/GenRand,__7GenRand,0x22ccd0,8,matched
common/GenRand,__7GenRandUi,0x22ccd8,40,matched
common/GenRand,seed__7GenRandUi,0x22cd00,476,equivalent
common/GenRand,rand__7GenRand,0x22cee0,276,equivalent
common/ilnk,ilnkListInit__FP9_ilnklistiPi,0x22cff8,48,matched
common/ilnk,ilnkListFill__FP9_ilnklistiPib,0x22d028,80,matched
common/ilnk,ilnkListAdd__FP9_ilnklistiPi,0x22d078,80,matched
common/ilnk,ilnkListRem__FP9_ilnklistiPi,0x22d0c8,120,matched
newlib/libm/math/sf_atan,atanf,0x22d140,680,asm
newlib/libm/math/sf_ceil,ceilf,0x22d3e8,212,asm
newlib/libm/math/sf_cos,cosf,0x22d4c0,232,asm
newlib/libm/math/sf_fabs,fabsf,0x22d5a8,28,asm
newlib/libm/math/sf_sin,sinf,0x22d5c8,240,asm
newlib/libm/math/sf_tan,tanf,0x22d6b8,136,asm
newlib/libm/math/wf_acos,acosf,0x22d740,252,asm
newlib/libm/math/wf_asin,asinf,0x22d840,252,asm
newlib/libm/math/wf_atan2,atan2f,0x22d940,296,asm
newlib/libm/math/wf_pow,powf,0x22da68,1288,asm
newlib/libm/math/wf_sqrt,sqrtf,0x22df70,276,asm
newlib/libm/math/ef_acos,__ieee754_acosf,0x22e088,1072,asm
newlib/libm/math/ef_asin,__ieee754_asinf,0x22e4b8,924,asm
newlib/libm/math/ef_atan2,__ieee754_atan2f,0x22e858,744,asm
newlib/libm/math/ef_pow,__ieee754_powf,0x22eb40,2188,asm
newlib/libm/math/ef_rem_pio2,__ieee754_rem_pio2f,0x22f3d0,992,asm
newlib/libm/math/ef_sqrt,__ieee754_sqrtf,0x22f7b0,312,asm
newlib/libm/math/kf_cos,__kernel_cosf,0x22f8e8,344,asm
newlib/libm/math/kf_rem_pio2,__kernel_rem_pio2f,0x22fa40,2380,asm
newlib/libm/math/kf_sin,__kernel_sinf,0x230390,260,asm
newlib/libm/math/kf_tan,__kernel_tanf,0x230498,660,asm
newlib/libm/common/s_matherr,matherr,0x230730,36,asm
newlib/libm/common/s_rint,rint,0x230758,508,asm
newlib/libm/common/sf_finite,finitef,0x230958,36,asm
newlib/libm/math/sf_floor,floorf,0x230980,228,asm
newlib/libm/math/sf_isnan,isnanf,0x230a68,36,asm
newlib/libm/common/sf_scalbn,scalbnf,0x230a90,352,asm
newlib/libm/common/sf_copysign,copysignf,0x230bf0,48,asm
sce/libgraph/vu,sceGsResetPath,0x230c20,160,asm
sce/libgraph/vu,sceGsSyncPath,0x230cc0,140,asm
sce/libgraph/graphdev,sceGsResetGraph,0x230d50,400,asm
sce/libgraph/graphdev,sceGsGetGParam,0x230ee0,12,asm
sce/libgraph/graphdev_sceGsSetDefDispEnv,sceGsSetDefDispEnv,0x230ef0,624,asm
sce/libgraph/graphdev_sceGsSetDefDrawEnv,sceGsSetDefDrawEnv,0x231160,484,asm
sce/libgraph/graphdev_sceGsSetDefClear,sceGsSetDefClear,0x231348,260,asm
sce/libgraph/graphdev_sceGsSyncV,sceGsSyncV,0x231450,148,asm
sce/libgraph/graphdev_sceGsSetDefLoadImage,sceGsSetDefLoadImage,0x2314e8,484,asm
sce/libgraph/graphdev_sceGsSetDefStoreImage,sceGsSetDefStoreImage,0x2316d0,320,asm
sce/libgraph/graphdev_sceGsExecLoadImage,sceGsExecLoadImage,0x231810,380,asm
sce/libgraph/graphdev_sceGsExecStoreImage,sceGsExecStoreImage,0x231990,1676,asm
sce/libgraph/graphdev_sceGsSyncVCallback,sceGsSyncVCallback,0x232020,160,asm
sce/libgraph/graphdev_sceGsSetHalfOffset,sceGsSetHalfOffset,0x2320c0,136,asm
sce/libgraph/graphdev_sceGsSetDefDrawEnv2,sceGsSetDefDrawEnv2,0x232148,480,asm
sce/libgraph/graphdev_sceGsSetHalfOffset2,sceGsSetHalfOffset2,0x232328,136,asm
sce/libgraph/graphdev_sceGszbufaddr,sceGszbufaddr,0x2323b0,200,asm
sce/libpad/libpad,_send_to_iop,0x232478,304,asm
sce/libpad/libpad,scePadInit,0x2325a8,320,asm
sce/libpad/libpad,scePadInit2,0x2326e8,156,asm
sce/libpad/libpad,scePadEnd,0x232788,128,asm
sce/libpad/libpad,scePadPortOpen,0x232808,484,asm
sce/libpad/libpad,scePadPortClose,0x2329f0,184,asm
sce/libpad/libpad,scePadGetDmaStr,0x232aa8,96,asm
sce/libpad/libpad,scePadGetFrameCount,0x232b08,80,asm
sce/libpad/libpad,scePadRead,0x232b58,124,asm
sce/libpad/libpad,scePadGetState,0x232bd8,120,asm
sce/libpad/libpad,scePadStateIntToStr,0x232c50,52,asm
sce/libpad/libpad,scePadSetReqState,0x232c88,100,asm
sce/libpad/libpad,scePadGetReqState,0x232cf0,80,asm
sce/libpad/libpad,scePadReqIntToStr,0x232d40,52,asm
sce/libpad/libpad,scePadInfoAct,0x232d78,288,asm
sce/libpad/libpad,scePadInfoComb,0x232e98,284,asm
sce/libpad/libpad,scePadInfoMode,0x232fb8,312,asm
sce/libpad/libpad,scePadSetMainMode,0x2330f0,180,asm
sce/libpad/libpad,scePadSetActDirect,0x2331a8,184,asm
sce/libpad/libpad,scePadSetActAlign,0x233260,216,asm
sce/libpad/libpad,scePadGetButtonMask,0x233338,180,asm
sce/libpad/libpad,scePadSetButtonInfo,0x2333f0,176,asm
sce/libpad/libpad,scePadInfoPressMode,0x2334a0,92,asm
sce/libpad/libpad,scePadEnterPressMode,0x233500,84,asm
sce/libpad/libpad,scePadExitPressMode,0x233558,84,asm
sce/libpad/libpad,scePadSetVrefParam,0x2335b0,204,asm
sce/libpad/libpad,scePadGetPortMax,0x233680,100,asm
sce/libpad/libpad,scePadGetSlotMax,0x2336e8,104,asm
sce/libpad/libpad,scePadGetModVersion,0x233750,100,asm
sce/libpad/libpad,scePadSetWarningLevel,0x2337b8,104,asm
sce/libmc/libmc,sceMcInit,0x233820,436,asm
sce/libmc/libmc,_lmcGetClientPtr,0x2339d8,48,asm
sce/libmc/libmc,sceMcChangeThreadPriority,0x233a08,180,asm
sce/libmc/libmc,sceMcGetSlotMax,0x233ac0,192,asm
sce/libmc/libmc,sceMcOpen,0x233b80,308,asm
sce/libmc/libmc,sceMcMkdir,0x233cb8,52,asm
sce/libmc/libmc,sceMcClose,0x233cf0,180,asm
sce/libmc/libmc,sceMcSeek,0x233da8,212,asm
sce/libmc/libmc,mceIntrReadFixAlign,0x233e80,144,asm
sce/libmc/libmc,sceMcRead,0x233f10,284,asm
sce/libmc/libmc,sceMcWrite,0x234030,380,asm
sce/libmc/libmc,mcHearAlarm,0x2341b0,36,asm
sce/libmc/libmc,mcDelayThread,0x2341d8,68,asm
sce/libmc/libmc,sceMcSync,0x234220,224,asm
sce/libmc/libmc,mceGetInfoApdx,0x234300,84,asm
sce/libmc/libmc,sceMcGetInfo,0x234358,388,asm
sce/libmc/libmc,sceMcGetDir,0x2344e0,344,asm
sce/libmc/libmc,mceStorePwd,0x234638,132,asm
sce/libmc/libmc,sceMcChdir,0x2346c0,336,asm
sce/libmc/libmc,sceMcFormat,0x234810,200,asm
sce/libmc/libmc,sceMcDelete,0x2348d8,296,asm
sce/libmc/libmc,sceMcFlush,0x234a00,180,asm
sce/libmc/libmc,sceMcSetFileInfo,0x234ab8,472,asm
sce/libmc/libmc,sceMcRename,0x234c90,360,asm
sce/libmc/libmc,sceMcUnformat,0x234df8,200,asm
sce/libmc/libmc,sceMcGetEntSpace,0x234ec0,280,asm
sce/libmpeg/pack,_type2id,0x234fd8,136,asm
sce/libmpeg/pack,_id2type,0x235060,508,asm
sce/libmpeg/pack,sceMpegDemuxPssRing,0x235260,760,asm
sce/libmpeg/pack,sceMpegDemuxPss,0x235558,32,asm
sce/libmpeg/pack,sceMpegAddStrCallback,0x235578,244,asm
sce/libmpeg/pack,_pack_header,0x235670,336,asm
sce/libmpeg/pack,_system_header,0x2357c0,108,asm
sce/libmpeg/pack,_PES_packet,0x235830,1456,asm
sce/libmpeg/mpeg,sceMpegInit,0x235de0,156,asm
sce/libmpeg/mpeg,sceMpegCreate,0x235e80,500,asm
sce/libmpeg/mpeg,sceMpegDelete,0x236078,8,asm
sce/libmpeg/mpeg,sceMpegAddBs,0x236080,36,asm
sce/libmpeg/mpeg,sceMpegGetPicture,0x2360a8,72,asm
sce/libmpeg/mpeg,sceMpegGetPictureRAW8,0x2360f0,68,asm
sce/libmpeg/mpeg,sceMpegGetPictureRAW8xy,0x236138,80,asm
sce/libmpeg/mpeg,sceMpegSetDecodeMode,0x236188,20,asm
sce/libmpeg/mpeg,sceMpegGetDecodeMode,0x2361a0,32,asm
sce/libmpeg/mpeg,sceMpegIsEnd,0x2361c0,12,asm
sce/libmpeg/mpeg,sceMpegIsRefBuffEmpty,0x2361d0,16,asm
sce/libmpeg/mpeg,sceMpegReset,0x2361e0,80,asm
sce/libmpeg/mpeg,sceMpegClearRefBuff,0x236230,84,asm
sce/libmpeg/mpeg,sceMpegAddCallback,0x236288,36,asm
sce/libmpeg/mpeg,_dispatchMpegCallback,0x2362b0,80,asm
sce/libmpeg/mpeg,_dispatchMpegCbNodata,0x236300,36,asm
sce/libmpeg/mpeg,sceMpegSetDefaultPtsGap,0x236328,20,asm
sce/libmpeg/mpeg,sceMpegResetDefaultPtsGap,0x236340,16,asm
sce/libmpeg/mpeg,sceMpegSetImageBuff,0x236350,12,asm
sce/libmpeg/mpeg,sceMpegDispWidth,0x236360,12,asm
sce/libmpeg/mpeg,sceMpegDispHeight,0x236370,12,asm
sce/libmpeg/mpeg,sceMpegDispCenterOffX,0x236380,12,asm
sce/libmpeg/mpeg,sceMpegDispCenterOffY,0x236390,12,asm
sce/libmpeg/mpeg,sceSetBrokenLink,0x2363a0,16,asm
sce/libmpeg/mpeg,sceSetPtm,0x2363b0,20,asm
sce/libmpeg/mpeg,_alalcInit,0x2363c8,20,asm
sce/libmpeg/mpeg,_alalcSetDynamic,0x2363e0,12,asm
sce/libmpeg/mpeg,_alalcFree,0x2363f0,12,asm
sce/libmpeg/mpeg,_alalcAlloc,0x236400,108,asm
sce/libmpeg/mpeg,_alalcRest,0x236470,24,asm
sce/libmpeg/mpeg,_getpic,0x236488,368,asm
sce/libmpeg/mpeg,_decodeOrSkipFrame,0x2365f8,276,asm
sce/libmpeg/mpeg,_decodeOrSkip,0x236710,68,asm
sce/libmpeg/mpeg,_decodeOrSkipField,0x236758,348,asm
sce/libmpeg/mpeg,_sceMpegFlush,0x2368b8,104,asm
sce/libmpeg/init,_initSeqAgain,0x236920,12,asm
sce/libmpeg/init,_lastFrame,0x236930,124,asm
sce/libmpeg/init,_clearOnce,0x2369b0,96,asm
sce/libmpeg/init,_clearEach,0x236a10,188,asm
sce/libmpeg/init,_ErrMessage,0x236ad0,16,asm
sce/libmpeg/init,_Error1,0x236ae0,52,asm
sce/libmpeg/init,_Error,0x236b18,84,asm
sce/libmpeg/init,_sendDataToIPU,0x236b70,240,asm
sce/libmpeg/init,_RefImageInit,0x236c60,32,asm
sce/libmpeg/init,_sequenceHeader,0x236c80,292,asm
sce/libmpeg/init,_initSeq,0x236da8,680,asm
sce/libmpeg/init,_initRefImages,0x237050,224,asm
sce/libmpeg/init,_setDefaultQM,0x237130,212,asm
sce/libmpeg/init,_sequenceExtension,0x237208,296,asm
sce/libmpeg/init,_sequenceDisplayExtension,0x237330,140,asm
sce/libmpeg/init,_sequenceScalableExtension,0x2373c0,12,asm
sce/libmpeg/init,_unknown_extension,0x2373d0,12,asm
sce/libmpeg/init,_pictureSpatialScalableExtension,0x2373e0,12,asm
sce/libmpeg/init,_pictureTemporalScalableExtension,0x2373f0,12,asm
sce/libmpeg/defhandler,_defStopDMA,0x237400,12,asm
sce/libmpeg/defhandler,_defRestartDMA,0x237410,12,asm
sce/libmpeg/mpc,_motionComp0,0x237420,872,asm
sce/libmpeg/mpc,_getAllRefs,0x237788,1796,asm
sce/libmpeg/mpc,_getRef0,0x237e90,1052,asm
sce/libmpeg/mpc,_doMC,0x2382b0,540,asm
sce/libmpeg/mpc,_rix_000,0x2384d0,116,asm
sce/libmpeg/mpc,_ri0_000,0x238548,148,asm
sce/libmpeg/mpc,_rix_001,0x2385e0,180,asm
sce/libmpeg/mpc,_ri0_001,0x238698,204,asm
sce/libmpeg/mpc,_rix_010,0x238768,172,asm
sce/libmpeg/mpc,_ri0_010,0x238818,184,asm
sce/libmpeg/mpc,_rix_011,0x2388d0,248,asm
sce/libmpeg/mpc,_ri0_011,0x2389c8,252,asm
sce/libmpeg/mpc,_rix_100,0x238ac8,156,asm
sce/libmpeg/mpc,_ri0_100,0x238b68,172,asm
sce/libmpeg/mpc,_rix_101,0x238c18,220,asm
sce/libmpeg/mpc,_ri0_101,0x238cf8,228,asm
sce/libmpeg/mpc,_rix_110,0x238de0,212,asm
sce/libmpeg/mpc,_ri0_110,0x238eb8,208,asm
sce/libmpeg/mpc,_rix_111,0x238f88,288,asm
sce/libmpeg/mpc,_ri0_111,0x2390a8,276,asm
sce/libmpeg/mpc,_copyAddRefImage,0x2391c0,92,asm
sce/libmpeg/mpc,_copyRefImage,0x239220,88,asm
sce/libmpeg/mpc,_ipuSetMPEG1,0x239278,40,asm
sce/libmpeg/mpc,_waitBdecOut,0x2392a0,496,asm
sce/libmpeg/mpc,_dmVector,0x239490,28,asm
sce/libmpeg/mpc,_dualPrimeVector,0x2394b0,388,asm
sce/libmpeg/mpc,_mbAddressIncrement,0x239638,272,asm
sce/libmpeg/mpc,_pictureData0,0x239748,264,asm
sce/libmpeg/mpc,_sliceA0,0x239850,300,asm
sce/libmpeg/mpc,_slice0,0x239980,496,asm
sce/libmpeg/mpc,_skipMB0,0x239b70,188,asm
sce/libmpeg/mpc,_decMB0,0x239c30,1192,asm
sce/libmpeg/mpc,_decode_motion_vector,0x23a0d8,136,asm
sce/libmpeg/mpc,_motionVectors,0x23a160,412,asm
sce/libmpeg/mpc,_motionVector,0x23a300,332,asm
sce/libmpeg/mpc,_sendIpuCommand,0x23a450,44,asm
sce/libmpeg/mpc,_waitIpuIdle,0x23a480,164,asm
sce/libmpeg/mpc,_waitIpuIdle64,0x23a528,176,asm
sce/libmpeg/mpc,_ipuVdec,0x23a5d8,376,asm
sce/libmpeg/mpc,_peepBit,0x23a750,264,asm
sce/libmpeg/mpc,_flushBuf,0x23a858,240,asm
sce/libmpeg/mpc,_nextBit,0x23a948,336,asm
sce/libmpeg/mpc,_nextStartCode,0x23aa98,124,asm
sce/libmpeg/mpc,_sliceB,0x23ab18,100,asm
sce/libmpeg/mpc,_nextHeader,0x23ab80,268,asm
sce/libmpeg/mpc,_pictureHeader,0x23ac90,196,asm
sce/libmpeg/mpc,_extensionAndUserData,0x23ad58,296,asm
sce/libmpeg/mpc,_pictureCodingExtension,0x23ae80,496,asm
sce/libmpeg/mpc,_extrainfo,0x23b070,72,asm
sce/libmpeg/mpc,_updateTempTackData,0x23b0b8,116,asm
sce/libmpeg/mpc,_groupOfPicturesHeader,0x23b130,160,asm
sce/libmpeg/mpc,_quantMatrixExtension,0x23b1d0,196,asm
sce/libmpeg/mpc,_pictureDisplayExtension,0x23b298,244,asm
sce/libmpeg/mpc,_copyrightExtension,0x23b390,144,asm
sce/libmpeg/mpc,_decPicture,0x23b420,204,asm
sce/libmpeg/mpc,_outputFrame,0x23b4f0,144,asm
sce/libmpeg/mpc,_updateRefImage,0x23b580,692,asm
sce/libmpeg/mpc,_isOutSizeOK,0x23b838,160,asm
sce/libmpeg/mpc,_cpr8,0x23b8d8,624,asm
sce/libmpeg/mpc,_markOutput,0x23bb48,40,asm
sce/libmpeg/mpc,_getPtsDtsFlags,0x23bb70,396,asm
sce/libmpeg/mpc,_dispRefImage,0x23bd00,272,asm
sce/libmpeg/mpc,_dispRefImageField,0x23be10,440,asm
sce/libmpeg/mpc,receiveDataFromIPU,0x23bfc8,112,asm
sce/libmpeg/csc,_doCSC,0x23c038,280,asm
sce/libmpeg/csc,_ch3dmaCSC,0x23c150,372,asm
sce/libmpeg/csc,_doCSC2,0x23c2c8,432,asm
sce/libmpeg/csc,_ch4dma,0x23c478,260,asm
sce/libmpeg/csc,_csc_storeRefImage,0x23c580,628,asm
sce/libmpeg/bit,_sysbitInit,0x23c7f8,52,asm
sce/libmpeg/bit,_sysbitNext,0x23c830,28,asm
sce/libmpeg/bit,_sysbitFlush,0x23c850,152,asm
sce/libmpeg/bit,_sysbitGet,0x23c8e8,76,asm
sce/libmpeg/bit,_sysbitMarker,0x23c938,68,asm
sce/libmpeg/bit,_sysbitJump,0x23c980,84,asm
sce/libmpeg/bit,_sysbitPtr,0x23c9d8,44,asm
sce/libipu/libipu,setD3_CHCR,0x23ca08,100,asm
sce/libipu/libipu,setD4_CHCR,0x23ca70,100,asm
sce/libipu/libipu,sceIpuStopDMA,0x23cad8,228,asm
sce/libipu/libipu,sceIpuRestartDMA,0x23cbc0,336,asm
sce/libipu/libipu,sceIpuSync,0x23cd10,104,asm
sce/libipu/ipuinit,setD4_CHCR,0x23cd78,100,asm
sce/libipu/ipuinit,sceIpuInit,0x23cde0,568,asm
sce/libcdvd/eecdvd,CB_DelayTh,0x23d018,36,asm
sce/libcdvd/eecdvd,sceCdDelayThread,0x23d040,104,asm
sce/libcdvd/eecdvd,sceCdCallback,0x23d0a8,84,asm
sce/libcdvd/eecdvd,_sceCd_cd_callback,0x23d100,160,asm
sce/libcdvd/eecdvd,_Cdvd_cbLoop,0x23d1a0,188,asm
sce/libcdvd/eecdvd,sceCdInitEeCB,0x23d260,212,asm
sce/libcdvd/eecdvd,_sceCd_cd_read_intr,0x23d338,160,asm
sce/libcdvd/eecdvd,cmd_sem_init,0x23d3d8,148,asm
sce/libcdvd/eecdvd,cdvd_exit,0x23d470,128,asm
sce/libcdvd/eecdvd,sceCdPOffCallback,0x23d4f0,108,asm
sce/libcdvd/eecdvd,_sceCd_Poff_Intr,0x23d560,60,asm
sce/libcdvd/eecdvd,PowerOffCB,0x23d5a0,100,asm
sce/libcdvd/eecdvd,sceCdSearchFile,0x23d608,764,asm
sce/libcdvd/eecdvd,_sceCd_ncmd_prechk,0x23d908,368,asm
sce/libcdvd/eecdvd,sceCdNcmdDiskReady,0x23da78,152,asm
sce/libcdvd/eecdvd,sceCdSync,0x23db10,160,asm
sce/libcdvd/eecdvd,sceCdSyncS,0x23dbb0,108,asm
sce/libcdvd/eecdvd,_sceCd_scmd_prechk,0x23dc20,368,asm
sce/libcdvd/eecdvd,sceCdInit,0x23dd90,736,asm
sce/libcdvd/eecdvd,sceCdDiskReady,0x23e070,504,asm
sce/libcdvd/eecdvd,sceCdMmode,0x23e268,196,asm
sce/libcdvd/eecdvd_sceCdGetReadPos,sceCdGetReadPos,0x23e330,48,asm
sce/libcdvd/eecdvd_sceCdRead,sceCdRead,0x23e360,480,asm
sce/libcdvd/eecdvd_sceCdGetError,sceCdGetError,0x23e540,152,asm
sce/libcdvd/eecdvd_sceCdBreak,sceCdBreak,0x23e5d8,184,asm
sce/libcdvd/eecdvd_sceCdReadClock,sceCdReadClock,0x23e690,248,asm
sce/libcdvd/eecdvd_sceCdStInit,sceCdStInit,0x23e788,44,asm
sce/libcdvd/eecdvd_sceCdStInit,sceCdStStart,0x23e7b8,52,asm
sce/libcdvd/eecdvd_sceCdStInit,sceCdStSeekF,0x23e7f0,44,asm
sce/libcdvd/eecdvd_sceCdStInit,sceCdStSeek,0x23e820,44,asm
sce/libcdvd/eecdvd_sceCdStInit,sceCdStStop,0x23e850,56,asm
sce/libcdvd/eecdvd_sceCdStInit,sceCdStRead,0x23e888,392,asm
sce/libcdvd/eecdvd_sceCdStInit,sceCdStPause,0x23ea10,80,asm
sce/libcdvd/eecdvd_sceCdStInit,sceCdStResume,0x23ea60,84,asm
sce/libcdvd/eecdvd_sceCdStInit,sceCdStStat,0x23eab8,72,asm
sce/libcdvd/eecdvd_sceCdStInit,sceCdStream,0x23eb00,360,asm
newlib/libc/stdlib/abort,abort,0x23ec68,32,asm
newlib/libc/stdlib/atoi,atoi,0x23ec88,40,asm
newlib/libc/errno/errno,__errno,0x23ecb0,12,asm
newlib/libc/stdlib/exit,exit,0x23ecc0,176,asm
newlib/libc/stdlib/malloc,malloc,0x23ed70,40,asm
newlib/libc/stdlib/malloc,free,0x23ed98,16,asm
newlib/libc/stdlib/mallocr,malloc_extend_top,0x23eda8,596,asm
newlib/libc/stdlib/mallocr,_malloc_r,0x23f000,1912,asm
newlib/libc/machine/r5900/memcpy,memcpy,0x23f778,176,asm
newlib/libc/machine/r5900/memset,memset,0x23f828,192,asm
newlib/libc/stdlib/mlock,__malloc_lock,0x23f8e8,8,asm
newlib/libc/stdlib/mlock,__malloc_unlock,0x23f8f0,8,asm
newlib/libc/stdio/printf,_printf_r,0x23f8f8,60,asm
newlib/libc/stdio/printf,printf,0x23f938,80,asm
newlib/libc/stdlib/rand,srand,0x23f988,16,asm
newlib/libc/stdlib/rand,rand,0x23f998,48,asm
newlib/libc/reent/sbrkr,_sbrk_r,0x23f9c8,92,asm
newlib/libc/signal/signal,_init_signal_r,0x23fa28,112,asm
newlib/libc/signal/signal,_signal_r,0x23fa98,140,asm
newlib/libc/signal/signal,_raise_r,0x23fb28,240,asm
newlib/libc/signal/signal,__sigtramp_r,0x23fc18,184,asm
newlib/libc/signal/signal,raise,0x23fcd0,40,asm
newlib/libc/signal/signal,signal,0x23fcf8,44,asm
newlib/libc/signal/signal,_init_signal,0x23fd28,36,asm
newlib/libc/signal/signal,__sigtramp,0x23fd50,40,asm
newlib/libc/reent/signalr,_kill_r,0x23fd78,92,asm
newlib/libc/reent/signalr,_getpid_r,0x23fdd8,28,asm
newlib/libc/stdio/sprintf,_sprintf_r,0x23fdf8,104,asm
newlib/libc/stdio/sprintf,sprintf,0x23fe60,112,asm
newlib/libc/machine/r5900/strcat,strcat,0x23fed0,300,asm
newlib/libc/machine/r5900/strchr,strchr,0x23fffc,400,asm
newlib/libc/machine/r5900/strcmp,strcmp,0x24018c,324,asm
newlib/libc/machine/r5900/strcpy,strcpy,0x2402d0,276,asm
newlib/libc/machine/r5900/strlen,strlen,0x2403e4,312,asm
newlib/libc/machine/r5900/strncat,strncat,0x240520,428,asm
newlib/libc/machine/r5900/strncmp,strncmp,0x2406d0,440,asm
newlib/libc/machine/r5900/strncpy,strncpy,0x240888,444,asm
newlib/libc/string/strpbrk,strpbrk,0x240a48,104,asm
newlib/libc/stdlib/strtol,_strtol_r,0x240ab0,568,asm
newlib/libc/stdlib/strtol,strtol,0x240ce8,52,asm
newlib/libc/stdio/vfprintf,__sprint,0x240d20,68,asm
newlib/libc/stdio/vfprintf,__sbprintf,0x240d68,180,asm
newlib/libc/stdio/vfprintf,vfprintf,0x240e20,120,asm
newlib/libc/stdio/vfprintf,_vfprintf_r,0x240e98,5400,asm
newlib/libc/stdio/vfprintf,cvt,0x2423b0,432,asm
newlib/libc/stdio/vfprintf,exponent,0x242560,224,asm
newlib/libc/stdio/wsetup,__swsetup,0x242640,268,asm
newlib/libc/stdlib/dtoa,quorem,0x242750,532,asm
newlib/libc/stdlib/dtoa,_dtoa_r,0x242968,4556,asm
newlib/libc/stdio/fflush,fflush,0x243b38,260,asm
newlib/libc/stdio/findfp,std,0x243c40,88,asm
newlib/libc/stdio/findfp,__sfmoreglue,0x243c98,112,asm
newlib/libc/stdio/findfp,__sfp,0x243d08,224,asm
newlib/libc/stdio/findfp,_cleanup_r,0x243de8,12,asm
newlib/libc/stdio/findfp,_cleanup,0x243df8,12,asm
newlib/libc/stdio/findfp,__sinit,0x243e08,140,asm
newlib/libc/stdlib/mallocr_2,_free_r,0x243e98,796,asm
newlib/libc/stdlib/mallocr_2,_malloc_trim_r,0x2441b8,364,asm
newlib/libc/stdio/fvwrite,__sfvwrite,0x244328,984,asm
newlib/libc/stdio/fwalk,_fwalk,0x244700,148,asm
newlib/libc/locale/locale,_setlocale_r,0x244798,132,asm
newlib/libc/locale/locale,_localeconv_r,0x244820,12,asm
newlib/libc/locale/locale,setlocale,0x244830,44,asm
newlib/libc/locale/locale,localeconv,0x244860,36,asm
newlib/libc/stdio/makebuf,__smakebuf,0x244888,336,asm
newlib/libc/stdlib/mbtowc_r,_mbtowc_r,0x2449d8,60,asm
newlib/libc/machine/r5900/memchr,memchr,0x244a14,224,asm
newlib/libc/machine/r5900/memmove,memmove,0x244af4,260,asm
newlib/libc/stdlib/mprec,_Balloc,0x244bf8,168,asm
newlib/libc/stdlib/mprec,_Bfree,0x244ca0,44,asm
newlib/libc/stdlib/mprec,_multadd,0x244cd0,276,asm
newlib/libc/stdlib/mprec,_s2b,0x244de8,328,asm
newlib/libc/stdlib/mprec,_hi0bits,0x244f30,132,asm
newlib/libc/stdlib/mprec,_lo0bits,0x244fb8,192,asm
newlib/libc/stdlib/mprec,_i2b,0x245078,56,asm
newlib/libc/stdlib/mprec,_multiply,0x2450b0,556,asm
newlib/libc/stdlib/mprec,_pow5mult,0x2452e0,256,asm
newlib/libc/stdlib/mprec,_lshift,0x2453e0,376,asm
newlib/libc/stdlib/mprec,__mcmp,0x245558,104,asm
newlib/libc/stdlib/mprec,__mdiff,0x2455c0,400,asm
newlib/libc/stdlib/mprec,_ulp,0x245750,152,asm
newlib/libc/stdlib/mprec,_b2d,0x2457e8,380,asm
newlib/libc/stdlib/mprec,_d2b,0x245968,380,asm
newlib/libc/stdlib/mprec,_ratio,0x245ae8,192,asm
newlib/libc/stdlib/mprec,_mprec_log10,0x245ba8,108,asm
newlib/libm/math/s_isinf,isinf,0x245c18,72,asm
newlib/libm/math/s_isnan,isnan,0x245c60,56,asm
newlib/libc/stdio/stdio,__sread,0x245c98,100,asm
newlib/libc/stdio/stdio,__swrite,0x245d00,128,asm
newlib/libc/stdio/stdio,__sseek,0x245d80,104,asm
newlib/libc/stdio/stdio,__sclose,0x245de8,32,asm
newlib/libc/reent/writer,_write_r,0x245e08,96,asm
newlib/libc/stdlib/mallocr_3,_calloc_r,0x245e68,188,asm
newlib/libc/reent/closer,_close_r,0x245f28,88,asm
newlib/libc/reent/fstatr,_fstat_r,0x245f80,92,asm
newlib/libc/reent/lseekr,_lseek_r,0x245fe0,96,asm
newlib/libc/reent/readr,_read_r,0x246040,96,asm
sce/libkernl/klib,RFU000_FullReset,0x2460c0,16,asm
sce/libkernl/klib,ResetEE,0x2460d0,16,asm
sce/libkernl/klib,SetGsCrt,0x2460e0,16,asm
sce/libkernl/klib,RFU003,0x2460f0,16,asm
sce/libkernl/klib,_Exit,0x246100,16,asm
sce/libkernl/klib,RFU005,0x246110,16,asm
sce/libkernl/klib,_LoadExecPS2,0x246120,16,asm
sce/libkernl/klib,_ExecPS2,0x246130,16,asm
sce/libkernl/klib,RFU008,0x246140,16,asm
sce/libkernl/klib,RFU009,0x246150,16,asm
sce/libkernl/klib,AddSbusIntcHandler,0x246160,16,asm
sce/libkernl/klib,RemoveSbusIntcHandler,0x246170,16,asm
sce/libkernl/klib,Interrupt2Iop,0x246180,16,asm
sce/libkernl/klib,SetVTLBRefillHandler,0x246190,16,asm
sce/libkernl/klib,SetVCommonHandler,0x2461a0,16,asm
sce/libkernl/klib,SetVInterruptHandler,0x2461b0,16,asm
sce/libkernl/klib,AddIntcHandler,0x2461c0,16,asm
sce/libkernl/klib,AddIntcHandler2,0x2461d0,16,asm
sce/libkernl/klib,RemoveIntcHandler,0x2461e0,16,asm
sce/libkernl/klib,AddDmacHandler,0x2461f0,16,asm
sce/libkernl/klib,AddDmacHandler2,0x246200,16,asm
sce/libkernl/klib,RemoveDmacHandler,0x246210,16,asm
sce/libkernl/klib,_EnableIntc,0x246220,16,asm
sce/libkernl/klib,_DisableIntc,0x246230,16,asm
sce/libkernl/klib,_EnableDmac,0x246240,16,asm
sce/libkernl/klib,_DisableDmac,0x246250,16,asm
sce/libkernl/klib,SetAlarm,0x246260,16,asm
sce/libkernl/klib,ReleaseAlarm,0x246270,16,asm
sce/libkernl/klib,_iEnableIntc,0x246280,16,asm
sce/libkernl/klib,_iDisableIntc,0x246290,16,asm
sce/libkernl/klib,_iEnableDmac,0x2462a0,16,asm
sce/libkernl/klib,_iDisableDmac,0x2462b0,16,asm
sce/libkernl/klib,iSetAlarm,0x2462c0,16,asm
sce/libkernl/klib,iReleaseAlarm,0x2462d0,16,asm
sce/libkernl/klib,CreateThread,0x2462e0,16,asm
sce/libkernl/klib,DeleteThread,0x2462f0,16,asm
sce/libkernl/klib,StartThread,0x246300,16,asm
sce/libkernl/klib,ExitThread,0x246310,16,asm
sce/libkernl/klib,ExitDeleteThread,0x246320,16,asm
sce/libkernl/klib,TerminateThread,0x246330,16,asm
sce/libkernl/klib,iTerminateThread,0x246340,16,asm
sce/libkernl/klib,DisableDispatchThread,0x246350,16,asm
sce/libkernl/klib,EnableDispatchThread,0x246360,16,asm
sce/libkernl/klib,ChangeThreadPriority,0x246370,16,asm
sce/libkernl/klib,iChangeThreadPriority,0x246380,16,asm
sce/libkernl/klib,RotateThreadReadyQueue,0x246390,16,asm
sce/libkernl/klib,_iRotateThreadReadyQueue,0x2463a0,16,asm
sce/libkernl/klib,ReleaseWaitThread,0x2463b0,16,asm
sce/libkernl/klib,iReleaseWaitThread,0x2463c0,16,asm
sce/libkernl/klib,GetThreadId,0x2463d0,16,asm
sce/libkernl/klib,ReferThreadStatus,0x2463e0,16,asm
sce/libkernl/klib,iReferThreadStatus,0x2463f0,16,asm
sce/libkernl/klib,SleepThread,0x246400,16,asm
sce/libkernl/klib,WakeupThread,0x246410,16,asm
sce/libkernl/klib,_iWakeupThread,0x246420,16,asm
sce/libkernl/klib,CancelWakeupThread,0x246430,16,asm
sce/libkernl/klib,iCancelWakeupThread,0x246440,16,asm
sce/libkernl/klib,SuspendThread,0x246450,16,asm
sce/libkernl/klib,_iSuspendThread,0x246460,16,asm
sce/libkernl/klib,ResumeThread,0x246470,16,asm
sce/libkernl/klib,iResumeThread,0x246480,16,asm
sce/libkernl/klib,JoinThread,0x246490,16,asm
sce/libkernl/klib,RFU060,0x2464a0,16,asm
sce/libkernl/klib,RFU061,0x2464b0,16,asm
sce/libkernl/klib,EndOfHeap,0x2464c0,16,asm
sce/libkernl/klib,RFU063,0x2464d0,16,asm
sce/libkernl/klib,CreateSema,0x2464e0,16,asm
sce/libkernl/klib,DeleteSema,0x2464f0,16,asm
sce/libkernl/klib,SignalSema,0x246500,16,asm
sce/libkernl/klib,iSignalSema,0x246510,16,asm
sce/libkernl/klib,WaitSema,0x246520,16,asm
sce/libkernl/klib,PollSema,0x246530,16,asm
sce/libkernl/klib,iPollSema,0x246540,16,asm
sce/libkernl/klib,ReferSemaStatus,0x246550,16,asm
sce/libkernl/klib,iReferSemaStatus,0x246560,16,asm
sce/libkernl/klib,RFU073,0x246570,16,asm
sce/libkernl/klib,SetOsdConfigParam,0x246580,16,asm
sce/libkernl/klib,GetOsdConfigParam,0x246590,16,asm
sce/libkernl/klib,GetGsHParam,0x2465a0,16,asm
sce/libkernl/klib,GetGsVParam,0x2465b0,16,asm
sce/libkernl/klib,SetGsHParam,0x2465c0,16,asm
sce/libkernl/klib,SetGsVParam,0x2465d0,16,asm
sce/libkernl/klib,RFU080_CreateEventFlag,0x2465e0,16,asm
sce/libkernl/klib,RFU081_DeleteEventFlag,0x2465f0,16,asm
sce/libkernl/klib,RFU082_SetEventFlag,0x246600,16,asm
sce/libkernl/klib,RFU083_iSetEventFlag,0x246610,16,asm
sce/libkernl/klib,RFU084_ClearEventFlag,0x246620,16,asm
sce/libkernl/klib,RFU085_iClearEventFlag,0x246630,16,asm
sce/libkernl/klib,RFU086_WaitEvnetFlag,0x246640,16,asm
sce/libkernl/klib,RFU087_PollEvnetFlag,0x246650,16,asm
sce/libkernl/klib,RFU088_iPollEvnetFlag,0x246660,16,asm
sce/libkernl/klib,RFU089_ReferEventFlagStatus,0x246670,16,asm
sce/libkernl/klib,RFU090_iReferEventFlagStatus,0x246680,16,asm
sce/libkernl/klib,RFU091,0x246690,16,asm
sce/libkernl/klib,EnableIntcHandler,0x2466a0,16,asm
sce/libkernl/klib,iEnableIntcHandler,0x2466b0,16,asm
sce/libkernl/klib,DisableIntcHandler,0x2466c0,16,asm
sce/libkernl/klib,iDisableIntcHandler,0x2466d0,16,asm
sce/libkernl/klib,EnableDmacHandler,0x2466e0,16,asm
sce/libkernl/klib,iEnableDmacHandler,0x2466f0,16,asm
sce/libkernl/klib,DisableDmacHandler,0x246700,16,asm
sce/libkernl/klib,iDisableDmacHandler,0x246710,16,asm
sce/libkernl/klib,KSeg0,0x246720,16,asm
sce/libkernl/klib,EnableCache,0x246730,16,asm
sce/libkernl/klib,DisableCache,0x246740,16,asm
sce/libkernl/klib,GetCop0,0x246750,16,asm
sce/libkernl/klib,FlushCache,0x246760,16,asm
sce/libkernl/klib,CpuConfig,0x246770,16,asm
sce/libkernl/klib,iGetCop0,0x246780,16,asm
sce/libkernl/klib,iFlushCache,0x246790,16,asm
sce/libkernl/klib,iCpuConfig,0x2467a0,16,asm
sce/libkernl/klib,sceSifStopDma,0x2467b0,16,asm
sce/libkernl/klib,SetCPUTimerHandler,0x2467c0,16,asm
sce/libkernl/klib,SetCPUTimer,0x2467d0,16,asm
sce/libkernl/klib,SetOsdConfigParam2,0x2467e0,16,asm
sce/libkernl/klib,GetOsdConfigParam2,0x2467f0,16,asm
sce/libkernl/klib,GsGetIMR,0x246800,16,asm
sce/libkernl/klib,iGsGetIMR,0x246810,16,asm
sce/libkernl/klib,GsPutIMR,0x246820,16,asm
sce/libkernl/klib,iGsPutIMR,0x246830,16,asm
sce/libkernl/klib,SetPgifHandler,0x246840,16,asm
sce/libkernl/klib,SetVSyncFlag,0x246850,16,asm
sce/libkernl/klib,RFU116,0x246860,16,asm
sce/libkernl/klib,_print,0x246870,16,asm
sce/libkernl/klib,sceSifDmaStat,0x246880,16,asm
sce/libkernl/klib,isceSifDmaStat,0x246890,16,asm
sce/libkernl/klib,sceSifSetDma,0x2468a0,16,asm
sce/libkernl/klib,isceSifSetDma,0x2468b0,16,asm
sce/libkernl/klib,sceSifSetDChain,0x2468c0,16,asm
sce/libkernl/klib,isceSifSetDChain,0x2468d0,16,asm
sce/libkernl/klib,sceSifSetReg,0x2468e0,16,asm
sce/libkernl/klib,sceSifGetReg,0x2468f0,16,asm
sce/libkernl/klib,_ExecOSD,0x246900,16,asm
sce/libkernl/klib,Deci2Call,0x246910,16,asm
sce/libkernl/klib,PSMode,0x246920,16,asm
sce/libkernl/klib,MachineType,0x246930,16,asm
sce/libkernl/klib,GetMemorySize,0x246940,16,asm
sce/libkernl/klib,_InitTLB,0x246950,16,asm
sce/libkernl/glue,sceResetttyinit,0x246960,12,asm
sce/libkernl/glue,VSync,0x246970,64,asm
sce/libkernl/glue,VSync2,0x2469b0,96,asm
sce/libkernl/glue,write,0x246a10,124,asm
sce/libkernl/glue,read,0x246a90,116,asm
sce/libkernl/glue,open,0x246b08,40,asm
sce/libkernl/glue,close,0x246b30,8,asm
sce/libkernl/glue,ioctl,0x246b38,8,asm
sce/libkernl/glue,lseek,0x246b40,8,asm
sce/libkernl/glue,sbrk,0x246b48,172,asm
sce/libkernl/glue,isatty,0x246bf8,8,asm
sce/libkernl/glue,fstat,0x246c00,20,asm
sce/libkernl/glue,getpid,0x246c18,8,asm
sce/libkernl/glue,kill,0x246c20,40,asm
sce/libkernl/glue,stat,0x246c48,40,asm
sce/libkernl/glue,unlink,0x246c70,40,asm
sce/libkernl/cache,_sceSDC,0x246c98,164,asm
sce/libkernl/cache,SyncDCache,0x246d40,124,asm
sce/libkernl/cache,iSyncDCache,0x246dc0,20,asm
sce/libkernl/cache,_sceIDC,0x246dd8,164,asm
sce/libkernl/cache,InvalidDCache,0x246e80,124,asm
sce/libkernl/cache,iInvalidDCache,0x246f00,20,asm
sce/libkernl/intr,DisableIntc,0x246f18,104,asm
sce/libkernl/intr,EnableIntc,0x246f80,104,asm
sce/libkernl/intr,DisableDmac,0x246fe8,104,asm
sce/libkernl/intr,EnableDmac,0x247050,104,asm
sce/libkernl/intr,iEnableIntc,0x2470b8,32,asm
sce/libkernl/intr,iDisableIntc,0x2470d8,32,asm
sce/libkernl/intr,iEnableDmac,0x2470f8,32,asm
sce/libkernl/intr,iDisableDmac,0x247118,32,asm
sce/libkernl/intr,setup,0x247138,16,asm
sce/libkernl/intr,Copy,0x247148,16,asm
sce/libkernl/intr,kCopy,0x247158,56,asm
sce/libkernl/intr,GetEntryAddress,0x247190,16,asm
sce/libkernl/intr,InitAlarm,0x2471a0,212,asm
sce/libkernl/thread,topThread,0x247278,216,asm
sce/libkernl/thread,InitThread,0x247350,212,asm
sce/libkernl/thread,iWakeupThread,0x247428,148,asm
sce/libkernl/thread,iRotateThreadReadyQueue,0x2474c0,124,asm
sce/libkernl/thread,iSuspendThread,0x247540,152,asm
sce/libkernl/tty,QueueInit,0x2475d8,36,asm
sce/libkernl/tty,QueuePeekWriteDone,0x247600,60,asm
sce/libkernl/tty,QueuePeekReadDone,0x247640,60,asm
sce/libkernl/tty,sceTtyHandler,0x247680,404,asm
sce/libkernl/tty,sceTtyWrite,0x247818,336,asm
sce/libkernl/tty,sceTtyRead,0x247968,208,asm
sce/libkernl/tty,sceTtyInit,0x247a38,188,asm
sce/libkernl/kprintf,kputchar,0x247af8,56,asm
sce/libkernl/kprintf,deci2Putchar,0x247b30,176,asm
sce/libkernl/kprintf,serialPutchar,0x247be0,52,asm
sce/libkernl/kprintf,ftoi,0x247c18,144,asm
sce/libkernl/kprintf,printfloat,0x247ca8,360,asm
sce/libkernl/kprintf,_printf,0x247e10,1480,asm
sce/libkernl/kprintf,kprintf,0x2483d8,56,asm
sce/libkernl/kprintf,scePrintf,0x248410,96,asm
sce/libkernl/sifcmd,_set_sreg,0x248470,28,asm
sce/libkernl/sifcmd,_change_addr,0x248490,12,asm
sce/libkernl/sifcmd,sceSifGetSreg,0x2484a0,24,asm
sce/libkernl/sifcmd,sceSifSetSreg,0x2484b8,28,asm
sce/libkernl/sifcmd,sceSifGetDataTable,0x2484d8,12,asm
sce/libkernl/sifcmd,sceSifInitCmd,0x2484e8,640,asm
sce/libkernl/sifcmd,sceSifExitCmd,0x248768,52,asm
sce/libkernl/sifcmd,sceSifSetCmdBuffer,0x2487a0,24,asm
sce/libkernl/sifcmd,sceSifSetSysCmdBuffer,0x2487b8,24,asm
sce/libkernl/sifcmd,sceSifAddCmdHandler,0x2487d0,44,asm
sce/libkernl/sifcmd,sceSifRemoveCmdHandler,0x248800,40,asm
sce/libkernl/sifcmd,_sceSifSendCmd,0x248828,308,asm
sce/libkernl/sifcmd,sceSifSendCmd,0x248960,60,asm
sce/libkernl/sifcmd,isceSifSendCmd,0x2489a0,60,asm
sce/libkernl/sifcmd,_sceSifCmdIntrHdlr,0x2489e0,296,asm
sce/libkernl/sifcmd,sceSifWriteBackDCache,0x248b08,176,asm
sce/libkernl/sifrpc,sceSifInitRpc,0x248bb8,412,asm
sce/libkernl/sifrpc,sceSifExitRpc,0x248d58,36,asm
sce/libkernl/sifrpc,_sceRpcGetPacket,0x248d80,168,asm
sce/libkernl/sifrpc,_sceRpcFreePacket,0x248e28,28,asm
sce/libkernl/sifrpc,_sceRpcGetFPacket,0x248e48,48,asm
sce/libkernl/sifrpc,_sceRpcGetFPacket2,0x248e78,64,asm
sce/libkernl/sifrpc,_request_end,0x248eb8,180,asm
sce/libkernl/sifrpc,_request_rdata,0x248f70,96,asm
sce/libkernl/sifrpc,sceSifGetOtherData,0x248fd0,344,asm
sce/libkernl/sifrpc,_search_svdata,0x249128,76,asm
sce/libkernl/sifrpc,_request_bind,0x249178,176,asm
sce/libkernl/sifrpc,sceSifBindRpc,0x249228,320,asm
sce/libkernl/sifrpc,_request_call,0x249368,140,asm
sce/libkernl/sifrpc,sceSifCallRpc,0x2493f8,492,asm
sce/libkernl/sifrpc,sceSifCheckStatRpc,0x2495e8,60,asm
sce/libkernl/sifrpc,sceSifSetRpcQueue,0x249628,148,asm
sce/libkernl/sifrpc,sceSifRegisterRpc,0x2496c0,208,asm
sce/libkernl/sifrpc,sceSifRemoveRpc,0x249790,148,asm
sce/libkernl/sifrpc,sceSifRemoveRpcQueue,0x249828,144,asm
sce/libkernl/sifrpc,sceSifGetNextRequest,0x2498b8,88,asm
sce/libkernl/sifrpc,sceSifExecRequest,0x249910,452,asm
sce/libkernl/sifrpc,sceSifRpcLoop,0x249ad8,64,asm
sce/libkernl/filestub,_sceFsIobSemaMK,0x249b18,92,asm
sce/libkernl/filestub,new_iob,0x249b78,136,asm
sce/libkernl/filestub,get_iob,0x249c00,108,asm
sce/libkernl/filestub,_sceFs_Rcv_Intr,0x249c70,960,asm
sce/libkernl/filestub,_sceFsSemInit,0x24a030,76,asm
sce/libkernl/filestub,_sceFsWaitS,0x24a080,44,asm
sce/libkernl/filestub,_sceFsSigSema,0x24a0b0,12,asm
sce/libkernl/filestub,scePowerOffHandler,0x24a0c0,144,asm
sce/libkernl/filestub,_sceFs_Poff_Intr,0x24a150,44,asm
sce/libkernl/filestub,sceFsInit,0x24a180,456,asm
sce/libkernl/filestub,_fs_version,0x24a348,140,asm
sce/libkernl/filestub,sceFsReset,0x24a3d8,52,asm
sce/libkernl/filestub,sceOpen,0x24a410,644,asm
sce/libkernl/filestub,sceClose,0x24a698,380,asm
sce/libkernl/filestub,sceLseek,0x24a818,568,asm
sce/libkernl/filestub,sceRead,0x24aa50,624,asm
sce/libkernl/filestub,sceWrite,0x24acc0,704,asm
sce/libkernl/filestub,sceIoctl,0x24af80,844,asm
sce/libkernl/filestub,sceIoctl2,0x24b2d0,476,asm
sce/libkernl/filestub,_sceCallCode,0x24b4b0,420,asm
sce/libkernl/filestub,sceRemove,0x24b658,28,asm
sce/libkernl/filestub,sceMkdir,0x24b678,428,asm
sce/libkernl/filestub,sceRmdir,0x24b828,28,asm
sce/libkernl/filestub,sceFormat,0x24b848,620,asm
sce/libkernl/filestub,sceAddDrv,0x24bab8,288,asm
sce/libkernl/filestub,sceDelDrv,0x24bbd8,28,asm
sce/libkernl/filestub,sceDopen,0x24bbf8,200,asm
sce/libkernl/filestub,sceDclose,0x24bcc0,360,asm
sce/libkernl/filestub,sceDread,0x24be28,344,asm
sce/libkernl/filestub,sceGetstat,0x24bf80,416,asm
sce/libkernl/filestub,sceChstat,0x24c120,572,asm
sce/libkernl/filestub,sceRename,0x24c360,496,asm
sce/libkernl/filestub,sceChdir,0x24c550,28,asm
sce/libkernl/filestub,sceSync,0x24c570,408,asm
sce/libkernl/filestub,sceMount,0x24c708,620,asm
sce/libkernl/filestub,sceUmount,0x24c978,28,asm
sce/libkernl/filestub,sceLseek64,0x24c998,568,asm
sce/libkernl/filestub,sceDevctl,0x24cbd0,568,asm
sce/libkernl/filestub,sceSymlink,0x24ce08,480,asm
sce/libkernl/filestub,sceReadlink,0x24cfe8,456,asm
sce/libkernl/iopheap,sceSifInitIopHeap,0x24d1b0,136,asm
sce/libkernl/iopheap,sceSifAllocIopHeap,0x24d238,112,asm
sce/libkernl/iopheap,sceSifAllocSysMemory,0x24d2a8,128,asm
sce/libkernl/iopheap,sceSifFreeSysMemory,0x24d328,120,asm
sce/libkernl/iopheap,sceSifFreeIopHeap,0x24d3a0,28,asm
sce/libkernl/iopheap,sceSifLoadIopHeap,0x24d3c0,240,asm
sce/libkernl/eeloadfile,_lf_bind,0x24d4b0,256,asm
sce/libkernl/eeloadfile,_lf_version,0x24d5b0,140,asm
sce/libkernl/eeloadfile,sceSifLoadFileReset,0x24d640,56,asm
sce/libkernl/eeloadfile,_sceSifLoadModuleBuffer,0x24d678,520,asm
sce/libkernl/eeloadfile,sceSifStopModule,0x24d880,520,asm
sce/libkernl/eeloadfile,sceSifUnloadModule,0x24da88,144,asm
sce/libkernl/eeloadfile,sceSifSearchModuleByName,0x24db18,160,asm
sce/libkernl/eeloadfile,sceSifSearchModuleByAddress,0x24dbb8,144,asm
sce/libkernl/eeloadfile,sceSifLoadModuleBuffer,0x24dc48,28,asm
sce/libkernl/eeloadfile,sceSifLoadStartModuleBuffer,0x24dc68,28,asm
sce/libkernl/eeloadfile,_sceSifLoadModule,0x24dc88,548,asm
sce/libkernl/eeloadfile,sceSifLoadModule,0x24deb0,32,asm
sce/libkernl/eeloadfile,sceSifLoadStartModule,0x24ded0,28,asm
sce/libkernl/eeloadfile,_sceSifLoadElfPart,0x24def0,260,asm
sce/libkernl/eeloadfile,sceSifLoadElfPart,0x24dff8,28,asm
sce/libkernl/eeloadfile,sceSifLoadElf,0x24e018,40,asm
sce/libkernl/eeloadfile,sceSifGetIopAddr,0x24e040,236,asm
sce/libkernl/eeloadfile,sceSifSetIopAddr,0x24e130,220,asm
sce/libkernl/iopreset,sceSifResetIop,0x24e210,316,asm
sce/libkernl/iopreset,sceSifIsAliveIop,0x24e350,40,asm
sce/libkernl/iopreset,sceSifSyncIop,0x24e378,56,asm
sce/libkernl/iopreset,sceSifRebootIop,0x24e3b0,272,asm
sce/libkernl/diei,DIntr,0x24e4c0,72,asm
sce/libkernl/diei,EIntr,0x24e508,24,asm
sce/libkernl/initsys,supplement_crt0,0x24e520,72,asm
sce/libkernl/initsys,kFindAddress,0x24e568,52,asm
sce/libkernl/initsys,FindAddress,0x24e5a0,16,asm
sce/libkernl/initsys,GetSystemCallTableEntry,0x24e5b0,60,asm
sce/libkernl/initsys,setup,0x24e5f0,16,asm
sce/libkernl/initsys,_setup,0x24e600,28,asm
sce/libkernl/initsys,_InitSys,0x24e620,60,asm
sce/libkernl/libosd,setup,0x24e660,16,asm
sce/libkernl/libosd,Copy,0x24e670,16,asm
sce/libkernl/libosd,kCopy,0x24e680,56,asm
sce/libkernl/libosd,GetEntryAddress,0x24e6b8,16,asm
sce/libkernl/libosd,PatchIsNeeded,0x24e6c8,104,asm
sce/libkernl/libosd,InitExecPS2,0x24e730,172,asm
sce/libkernl/exit,TerminateLibrary,0x24e7e0,8,asm
sce/libkernl/exit,ExecPS2,0x24e7e8,92,asm
sce/libkernl/exit,LoadExecPS2,0x24e848,72,asm
sce/libkernl/exit,Exit,0x24e890,40,asm
sce/libkernl/exit,ExecOSD,0x24e8b8,56,asm
sce/libkernl/deci2,sceDeci2Open,0x24e8f0,68,asm
sce/libkernl/deci2,sceDeci2Close,0x24e938,36,asm
sce/libkernl/deci2,sceDeci2ReqSend,0x24e960,48,asm
sce/libkernl/deci2,sceDeci2Poll,0x24e990,36,asm
sce/libkernl/deci2,sceDeci2ExRecv,0x24e9b8,52,asm
sce/libkernl/deci2,sceDeci2ExSend,0x24e9f0,52,asm
sce/libkernl/deci2,sceDeci2ExReqSend,0x24ea28,48,asm
sce/libkernl/deci2,sceDeci2ExLock,0x24ea58,36,asm
sce/libkernl/deci2,sceDeci2ExUnLock,0x24ea80,36,asm
sce/libkernl/deci2,kputs,0x24eaa8,36,asm
sce/libkernl/tlbfunc,SetTLBHandler,0x24ead0,96,asm
sce/libkernl/tlbfunc,SetDebugHandler,0x24eb30,132,asm
sce/libkernl/tlbfunc,Copy,0x24ebb8,16,asm
sce/libkernl/tlbfunc,kCopy,0x24ebc8,56,asm
sce/libkernl/tlbfunc,GetEntryAddress,0x24ec00,16,asm
sce/libkernl/tlbfunc,setup,0x24ec10,16,asm
sce/libkernl/tlbfunc,InitTLBFunctions,0x24ec20,180,asm
sce/libkernl/tlbfunc,PutTLBEntry,0x24ecd8,16,asm
sce/libkernl/tlbfunc,iPutTLBEntry,0x24ece8,16,asm
sce/libkernl/tlbfunc,_SetTLBEntry,0x24ecf8,16,asm
sce/libkernl/tlbfunc,SetTLBEntry,0x24ed08,48,asm
sce/libkernl/tlbfunc,iSetTLBEntry,0x24ed38,16,asm
sce/libkernl/tlbfunc,GetTLBEntry,0x24ed48,16,asm
sce/libkernl/tlbfunc,iGetTLBEntry,0x24ed58,16,asm
sce/libkernl/tlbfunc,ProbeTLBEntry,0x24ed68,16,asm
sce/libkernl/tlbfunc,iProbeTLBEntry,0x24ed78,16,asm
sce/libkernl/tlbfunc,ExpandScratchPad,0x24ed88,16,asm
sce/libkernl/tlbfunc,InitTLB,0x24ed98,64,asm
sce/libkernl/tlbfunc,InitTLB32MB,0x24edd8,500,asm
sce/libkernl/tlbtrap,_kTLBException,0x24f000,284,asm
sce/libkernl/tlbtrap,_kExitTLBHandler,0x24f140,244,asm
sce/libkernl/tlbtrap,_kDebugException,0x24f240,284,asm
gcc/libgcc2/divdi3,__divdi3,0x24f360,1772,asm
gcc/libgcc2/fixsfdi,__fixsfdi,0x24fa50,60,asm
gcc/libgcc2/fixunsdfdi,__fixunsdfdi,0x24fa90,236,asm
gcc/libgcc2/fixunssfdi,__fixunssfdi,0x24fb80,244,asm
gcc/libgcc2/floatdidf,__floatdidf,0x24fc78,152,asm
gcc/libgcc2/floatdisf,__floatdisf,0x24fd10,224,asm
gcc/libgcc2/moddi3,__moddi3,0x24fdf0,1640,asm
gcc/libgcc2/udivdi3,__udivdi3,0x250458,1488,asm
gcc/libgcc2/umoddi3,__umoddi3,0x250a28,1344,asm
newlib/libc/machine/r5900/memcmp,memcmp,0x250f68,148,asm
newlib/libc/machine/r5900/memcmp,sn_reg_frame,0x250ffc,20,asm
newlib/libc/machine/r5900/memcmp,sn_dereg_frame,0x251014,12,asm
